sample_id,dthhrdy_binary
GTEX-XMK1-0326-SM-4B652,Fast
GTEX-11NSD-2026-SM-5HL5U,Fast
GTEX-12WSA-1426-SM-5EGJU,Slow
GTEX-ZDTT-2626-SM-5S2OP,Fast
GTEX-13PVR-0226-SM-5RQJI,Fast
GTEX-11VI4-0001-SM-5S2OI,Fast
GTEX-WYVS-1326-SM-4ONCQ,Fast
GTEX-139T8-0006-SM-5NQ6V,Slow
GTEX-11VI4-0326-SM-5EQ6L,Fast
GTEX-146FR-0426-SM-5SI97,Fast
GTEX-14E6E-0326-SM-73KY6,Fast
GTEX-ZDTT-0526-SM-5HL4M,Fast
GTEX-V1D1-2126-SM-4JBH4,Fast
GTEX-ZF2S-0326-SM-4WKGD,Fast
GTEX-132AR-2726-SM-5PNVN,Fast
GTEX-QCQG-1726-SM-3GIJ9,Fast
GTEX-1399R-0826-SM-5IJEL,Fast
GTEX-12C56-0526-SM-5FQST,Fast
GTEX-S341-0008-SM-4AD6D,Fast
GTEX-NFK9-1126-SM-3LK78,Fast
GTEX-ZF29-1826-SM-4WKG8,Fast
GTEX-139T8-0326-SM-5IJCM,Slow
GTEX-YF7O-0008-SM-4W1ZS,Fast
GTEX-11DXX-0126-SM-5EGH7,Fast
GTEX-12ZZX-0011-R3b-SM-5EGLH,Fast
GTEX-1C4CL-0426-SM-7939N,Fast
GTEX-NPJ8-0011-R9a-SM-2YUN5,Slow
GTEX-PX3G-0008-SM-48U2L,Fast
GTEX-R3RS-1326-SM-48FE7,Slow
GTEX-13O61-0726-SM-5J2MD,Fast
GTEX-144GN-0326-SM-5O9AD,Fast
GTEX-15UF7-2226-SM-6PAMQ,Fast
GTEX-11VI4-0426-SM-5EGHZ,Fast
GTEX-146FQ-1126-SM-5NQBM,Fast
GTEX-11ZUS-1326-SM-5FQUC,Fast
GTEX-15DZA-0926-SM-69LQ3,Fast
GTEX-ZA64-0626-SM-5HL9O,Fast
GTEX-YEC3-1926-SM-4WWF5,Fast
GTEX-16MT8-0426-SM-7KUEY,Slow
GTEX-131XF-0826-SM-5GICG,Fast
GTEX-XUZC-1026-SM-4BOPY,Fast
GTEX-ZTX8-1526-SM-5N9GI,Fast
GTEX-16MT8-2226-SM-6LPK2,Slow
GTEX-17JCI-0011-R10b-SM-718A2,Fast
GTEX-11DXZ-1826-SM-5H12Y,Fast
GTEX-15DCZ-2226-SM-69LOB,Fast
GTEX-X8HC-0006-SM-46MV6,Fast
GTEX-17HGU-1326-SM-79OKB,Fast
GTEX-WOFL-0626-SM-3MJG3,Fast
GTEX-WYVS-0726-SM-4ONDO,Fast
GTEX-14PK6-0626-SM-6AJ9P,Fast
GTEX-183WM-1726-SM-7KFT5,Slow
GTEX-YEC4-2326-SM-5IFHV,Fast
GTEX-15CHR-0326-SM-7DHN3,Fast
GTEX-XPVG-0008-SM-4GICH,Fast
GTEX-XYKS-0002-SM-4BRWN,Fast
GTEX-13113-2126-SM-5EQ4U,Fast
GTEX-11DZ1-2726-SM-5A5KH,Slow
GTEX-13N1W-0011-R9b-SM-5MR4R,Fast
GTEX-1A3MV-1226-SM-718BW,Fast
GTEX-16XZZ-0426-SM-793BW,Fast
GTEX-18A67-2526-SM-7LG5Z,Fast
GTEX-1C475-0526-SM-793AC,Fast
GTEX-1CB4E-2226-SM-793DC,Fast
GTEX-P4QS-1026-SM-3NMCW,Fast
GTEX-145LS-0011-R1b-SM-5PNUP,Slow
GTEX-ZT9W-2726-SM-57WG8,Fast
GTEX-R55G-0006-SM-2TC6O,Fast
GTEX-ZC5H-0826-SM-5N9FH,Fast
GTEX-1399S-1726-SM-5L3DI,Fast
GTEX-OXRO-0011-R9A-SM-3NB1X,Slow
GTEX-1A3MV-2226-SM-731CP,Fast
GTEX-OOBJ-1626-SM-2I3F7,Fast
GTEX-WXYG-0004-SM-4MVOS,Fast
GTEX-ZTX8-0006-SM-4YCE4,Fast
GTEX-UJHI-0006-SM-3DB8H,Fast
GTEX-13QBU-1126-SM-5LU44,Fast
GTEX-V955-2626-SM-3NM9F,Fast
GTEX-ZPCL-1726-SM-57WEO,Fast
GTEX-ZXES-1626-SM-5NQ7L,Fast
GTEX-144GM-2126-SM-5LU3P,Fast
GTEX-13FH7-0226-SM-5IFGG,Fast
GTEX-WK11-0006-SM-3NB3J,Fast
GTEX-11TTK-2426-SM-5PNYO,Slow
GTEX-145LT-1426-SM-5O9B3,Fast
GTEX-XQ3S-0001-SM-4B64K,Fast
GTEX-ZT9X-2126-SM-57WEV,Fast
GTEX-X4EP-0826-SM-3P5YK,Slow
GTEX-XQ8I-0426-SM-4BOPO,Fast
GTEX-12WSJ-0826-SM-5PNWV,Fast
GTEX-178AV-1826-SM-7KUE2,Fast
GTEX-1497J-2726-SM-5SI9W,Fast
GTEX-15UF6-1926-SM-7KUDV,Slow
GTEX-S4UY-1326-SM-4AD4X,Fast
GTEX-1B8KE-2126-SM-73KYX,Fast
GTEX-11P82-0006-SM-5N9FY,Fast
GTEX-12WSF-0008-SM-5YY8S,Slow
GTEX-YB5K-1926-SM-4VDT4,Fast
GTEX-ZPU1-0008-SM-4E3IR,Fast
GTEX-WZTO-1726-SM-4PQYV,Fast
GTEX-Q734-0126-SM-48U1E,Fast
GTEX-131XW-0126-SM-5LZWD,Slow
GTEX-XGQ4-2326-SM-4AT53,Fast
GTEX-13FH7-0326-SM-5J1MR,Fast
GTEX-11P81-0526-SM-59873,Fast
GTEX-RWSA-1126-SM-2XCAZ,Fast
GTEX-17F9Y-1226-SM-7EPGE,Fast
GTEX-13IVO-0011-R10a-SM-5LZY3,Slow
GTEX-14PKV-1226-SM-6871T,Fast
GTEX-11XUK-0226-SM-5EQLW,Fast
GTEX-ZDTT-1326-SM-4WKFH,Fast
GTEX-U8XE-0008-SM-4E3K4,Slow
GTEX-XPVG-2626-SM-4B669,Fast
GTEX-ZVE2-0008-SM-51MRU,Fast
GTEX-11TT1-0008-SM-5S2P8,Fast
GTEX-OIZH-0726-SM-3NB1I,Fast
GTEX-V1D1-0003-SM-3NMDP,Fast
GTEX-13111-0226-SM-5EQ55,Fast
GTEX-Y3IK-0526-SM-4WWE3,Fast
GTEX-13N1W-2026-SM-5K7YU,Fast
GTEX-QVJO-0011-R8A-SM-447C7,Slow
GTEX-1AX9K-0826-SM-731F9,Fast
GTEX-14PJ3-1226-SM-5ZZVY,Fast
GTEX-17GQL-0426-SM-7LG5V,Fast
GTEX-X4XY-0926-SM-4E3JD,Fast
GTEX-14C38-1026-SM-73KY7,Fast
GTEX-15CHQ-0826-SM-69LOT,Slow
GTEX-13O61-0326-SM-5KM2O,Fast
GTEX-18A67-2126-SM-7LT9Y,Fast
GTEX-ZAB5-1826-SM-5HL7C,Fast
GTEX-P4QT-0526-SM-2I3EX,Fast
GTEX-S7SF-0226-SM-5SI7H,Fast
GTEX-17F98-1926-SM-7DHLW,Fast
GTEX-XUZC-1326-SM-4BRV2,Fast
GTEX-ZT9W-1026-SM-57WG5,Fast
GTEX-X5EB-2326-SM-46MW5,Fast
GTEX-146FH-0326-SM-5QGPT,Fast
GTEX-13N1W-0011-R8a-SM-5MR56,Fast
GTEX-13U4I-1626-SM-5IFFR,Fast
GTEX-139T8-0011-R1a-SM-5HL75,Slow
GTEX-T6MO-0006-SM-32QOU,Fast
GTEX-QVJO-1226-SM-4R1KA,Slow
GTEX-RUSQ-0626-SM-2TF5V,Fast
GTEX-1A3MX-0011-R4b-SM-7EWFK,Slow
GTEX-OHPK-1326-SM-3MJGN,Fast
GTEX-13N1W-0526-SM-5MR4I,Fast
GTEX-WOFM-1726-SM-3MJFA,Fast
GTEX-18D9B-1126-SM-7KFSH,Fast
GTEX-14PJ3-0226-SM-6EU37,Fast
GTEX-14PJN-2126-SM-6AJBM,Fast
GTEX-XQ8I-1626-SM-4BOOI,Fast
GTEX-18A67-1526-SM-7LG6F,Fast
GTEX-13X6I-0626-SM-5QGP9,Slow
GTEX-ZPU1-1626-SM-4WWB2,Fast
GTEX-132NY-0526-SM-5EQ4V,Fast
GTEX-OOBK-3125-SM-3LK5R,Fast
GTEX-13O61-1026-SM-5L3F6,Fast
GTEX-XYKS-1126-SM-4BRWP,Fast
GTEX-12126-0926-SM-5FQTW,Fast
GTEX-1AX9K-0526-SM-73KV1,Fast
GTEX-POYW-0826-SM-2XCEM,Fast
GTEX-YB5K-0326-SM-5IFJQ,Fast
GTEX-WFG7-0426-SM-4LMK5,Fast
GTEX-11P81-0226-SM-5HL5M,Fast
GTEX-15SDE-0726-SM-6M48Q,Fast
GTEX-13D11-2226-SM-5IFEO,Fast
GTEX-15EU6-0326-SM-6M48I,Fast
GTEX-YB5E-0326-SM-5IFHU,Fast
GTEX-X4XY-0826-SM-4E3JM,Fast
GTEX-11TT1-2426-SM-5EQMK,Fast
GTEX-18D9A-0726-SM-7LTA7,Fast
GTEX-1C64O-1826-SM-7DHM4,Fast
GTEX-OIZI-1426-SM-3NB1T,Fast
GTEX-ZTPG-0008-SM-4YCEK,Fast
GTEX-ZZPU-2426-SM-5E44I,Fast
GTEX-U3ZM-0002-SM-3NMDM,Fast
GTEX-11DXZ-2426-SM-5N9DT,Fast
GTEX-1C2JI-0926-SM-731F1,Fast
GTEX-XQ3S-1726-SM-4BOOD,Fast
GTEX-1497J-0726-SM-5Q5D1,Fast
GTEX-15ETS-0326-SM-6PANH,Fast
GTEX-Y3I4-1426-SM-4TT9C,Fast
GTEX-15RJ7-2026-SM-6LPJ4,Fast
GTEX-OXRL-1826-SM-2YUMV,Fast
GTEX-ZAB4-0011-R2a-SM-4RGNP,Slow
GTEX-144GN-0826-SM-5LU5G,Fast
GTEX-14C5O-0011-R7b-SM-5YYAH,Slow
GTEX-ZF2S-1026-SM-4WWB1,Fast
GTEX-Y8LW-1826-SM-5S2MV,Fast
GTEX-12ZZW-2326-SM-5DUW2,Slow
GTEX-14A6H-2626-SM-5NQBO,Fast
GTEX-17HHE-1626-SM-7DHLN,Fast
GTEX-13D11-1426-SM-5K7Y9,Fast
GTEX-12126-0826-SM-5FQTZ,Fast
GTEX-WY7C-2626-SM-3NB2P,Fast
GTEX-13FHO-0926-SM-5N9EW,Fast
GTEX-1B8KZ-2226-SM-73KYS,Fast
GTEX-144GN-1226-SM-5O991,Fast
GTEX-S7PM-0006-SM-3NM8C,Fast
GTEX-ZGAY-2226-SM-4YCCX,Fast
GTEX-XPVG-2826-SM-4B66J,Fast
GTEX-132Q8-0011-R10b-SM-5DUWZ,Slow
GTEX-13111-0005-SM-5NQ7Z,Fast
GTEX-RUSQ-1026-SM-2TF6V,Fast
GTEX-TKQ2-0926-SM-4DXU5,Fast
GTEX-1AMFI-1226-SM-731CZ,Fast
GTEX-15CHC-0826-SM-686YW,Fast
GTEX-ZF2S-2126-SM-4WWAY,Fast
GTEX-13RTJ-0011-R6a-SM-5SI74,Slow
GTEX-ZGAY-0326-SM-57WF5,Fast
GTEX-P4QS-0626-SM-3NMD1,Fast
GTEX-ZLWG-2526-SM-57WDS,Fast
GTEX-14A6H-2726-SM-5QGPL,Fast
GTEX-11EI6-3026-SM-5GZZO,Slow
GTEX-1399R-2526-SM-5IFG2,Fast
GTEX-18A67-0926-SM-7LG5Y,Fast
GTEX-X15G-1426-SM-4PQZK,Fast
GTEX-P4PP-0426-SM-3NM9H,Fast
GTEX-XV7Q-1326-SM-4BRWM,Fast
GTEX-14PN3-0326-SM-6EU1X,Fast
GTEX-11DZ1-0008-SM-5QGR3,Slow
GTEX-Y5LM-1826-SM-4VDT9,Fast
GTEX-1GF9X-0426-SM-7MKHN,Fast
GTEX-1399S-2026-SM-5KM4B,Fast
GTEX-1497J-0005-SM-5NQBD,Fast
GTEX-18D9A-0426-SM-72D55,Fast
GTEX-1B97I-0926-SM-731DZ,Fast
GTEX-XUW1-0626-SM-4BOP4,Fast
GTEX-WHPG-0626-SM-3NMBD,Fast
GTEX-13D11-2626-SM-5IJDB,Fast
GTEX-T6MO-0126-SM-4DM6X,Fast
GTEX-13QJ3-0426-SM-5RQHP,Fast
GTEX-YFCO-0126-SM-4W1YT,Fast
GTEX-12WSK-0826-SM-5CVNP,Fast
GTEX-S4Z8-0926-SM-4AD6Q,Fast
GTEX-X585-0002-SM-46MVA,Slow
GTEX-QDT8-0006-SM-5SI8N,Slow
GTEX-WFG7-0526-SM-3GIKI,Fast
GTEX-QV44-2026-SM-2S1RD,Fast
GTEX-14ICL-1926-SM-5RQIZ,Fast
GTEX-XPT6-2026-SM-4B64V,Fast
GTEX-1AX8Z-0526-SM-7939M,Fast
GTEX-11EM3-1826-SM-5A5KO,Fast
GTEX-ZVT2-1826-SM-5NQ8W,Fast
GTEX-13X6K-2826-SM-5O9DS,Slow
GTEX-XXEK-0326-SM-4BRVV,Fast
GTEX-XUW1-1826-SM-4BOQD,Fast
GTEX-PLZ5-1126-SM-3P613,Fast
GTEX-ZDTT-1026-SM-5KM19,Fast
GTEX-11P82-0426-SM-5HL5D,Fast
GTEX-13U4I-1226-SM-5LU5M,Fast
GTEX-YFC4-3226-SM-5CVM2,Fast
GTEX-131XF-1426-SM-5BC68,Fast
GTEX-NPJ7-1726-SM-2YUNA,Slow
GTEX-13PL7-0626-SM-5IJCD,Fast
GTEX-PLZ6-0626-SM-3P61B,Fast
GTEX-147F3-0426-SM-5SI8V,Fast
GTEX-14PJ3-0926-SM-69LQG,Fast
GTEX-14PJ3-1126-SM-5ZZVX,Fast
GTEX-RM2N-1726-SM-2TF55,Fast
GTEX-11DXX-0005-SM-5NQ8B,Fast
GTEX-13IVO-0926-SM-5KLZP,Slow
GTEX-ZT9X-0126-SM-4YCFC,Fast
GTEX-NFK9-1526-SM-3LK7B,Fast
GTEX-131XG-0006-SM-5O9CE,Fast
GTEX-ZYY3-1926-SM-5GZXS,Slow
GTEX-WZTO-1026-SM-3NM9P,Fast
GTEX-132NY-2026-SM-5L3FM,Fast
GTEX-ZF2S-0008-SM-4E3IK,Fast
GTEX-S4UY-0008-SM-3NM8H,Fast
GTEX-WRHK-1426-SM-3MJF9,Fast
GTEX-146FQ-1226-SM-5QGQ4,Fast
GTEX-11P81-2526-SM-5GU6H,Fast
GTEX-14E1K-0826-SM-5ZZW9,Fast
GTEX-13X6I-0011-R8a-SM-5PNZF,Slow
GTEX-ZLFU-0326-SM-4WWBK,Fast
GTEX-13111-0002-SM-5TDBU,Fast
GTEX-RNOR-0526-SM-2TF4O,Fast
GTEX-13QBU-1026-SM-5LU3R,Fast
GTEX-15CHQ-0011-R3b-SM-686ZY,Slow
GTEX-PWO3-0011-R3A-SM-2I5EX,Slow
GTEX-15RIG-0226-SM-7KFTL,Fast
GTEX-18D9B-2126-SM-7LTAQ,Fast
GTEX-13O61-0526-SM-5J2M1,Fast
GTEX-132QS-0926-SM-5P9GB,Fast
GTEX-PWCY-0008-SM-48TE9,Fast
GTEX-11EM3-1326-SM-5N9C6,Fast
GTEX-WYJK-0626-SM-4ONCZ,Fast
GTEX-X4LF-0426-SM-3NMB5,Fast
GTEX-X4EP-0126-SM-3P5YV,Slow
GTEX-ZF3C-1126-SM-57WEG,Fast
GTEX-Y8LW-1626-SM-5IFHX,Fast
GTEX-XPVG-0826-SM-4B654,Fast
GTEX-XMK1-1726-SM-4B64Z,Fast
GTEX-XUW1-0226-SM-4BOOS,Fast
GTEX-16AAH-1326-SM-7KFRG,Fast
GTEX-Y5V5-2326-SM-4V6GA,Fast
GTEX-1CAMS-1426-SM-7IGPM,Fast
GTEX-1477Z-0626-SM-5NQB7,Slow
GTEX-13JUV-2726-SM-5LZZ8,Fast
GTEX-S32W-0426-SM-4AD6H,Fast
GTEX-P44H-0726-SM-48TBT,Slow
GTEX-17EUY-1326-SM-7DHKZ,Fast
GTEX-Q734-1626-SM-48U1B,Fast
GTEX-145ME-0226-SM-5S2QN,Fast
GTEX-131XW-0011-R6b-SM-5K7XY,Slow
GTEX-PWO3-0926-SM-2I5EY,Slow
GTEX-13S86-0626-SM-5Q5E7,Fast
GTEX-ZT9X-1526-SM-5DUXD,Fast
GTEX-ZP4G-1526-SM-57WE5,Fast
GTEX-QDVN-0006-SM-48U1R,Fast
GTEX-ZVT2-0626-SM-5GICR,Fast
GTEX-PX3G-2026-SM-48U1H,Fast
GTEX-Y3IK-2626-SM-4WWDK,Fast
GTEX-R55G-0008-SM-48FEX,Fast
GTEX-YJ8A-0526-SM-5IFHT,Fast
GTEX-SNOS-1526-SM-32PLW,Fast
GTEX-WZTO-0326-SM-4PQYZ,Fast
GTEX-YFC4-1026-SM-5RQJM,Fast
GTEX-OHPN-0011-R4A-SM-2I5FD,Fast
GTEX-ZZ64-1326-SM-5E444,Fast
GTEX-1AX9K-2326-SM-73KWU,Fast
GTEX-XK95-0005-SM-4AT4S,Fast
GTEX-Y3IK-2126-SM-4YCDS,Fast
GTEX-132QS-0008-SM-5ZZUB,Fast
GTEX-WYVS-0326-SM-3NM9V,Fast
GTEX-139YR-0126-SM-5IJEY,Fast
GTEX-17F96-2426-SM-7IGLN,Fast
GTEX-Y111-1626-SM-57WCY,Fast
GTEX-ZVP2-0226-SM-57WBD,Fast
GTEX-11DXX-1426-SM-5GIDU,Fast
GTEX-WZTO-2926-SM-3NM9I,Fast
GTEX-15RIE-0126-SM-7KUF8,Fast
GTEX-OOBK-0226-SM-2YUMF,Fast
GTEX-1339X-1926-SM-5PNVP,Fast
GTEX-18A66-2126-SM-7189D,Slow
GTEX-X585-1226-SM-46MW7,Slow
GTEX-WQUQ-2626-SM-4MVNP,Fast
GTEX-ZQG8-1526-SM-5HL65,Fast
GTEX-13JUV-2626-SM-5N9EB,Fast
GTEX-QCQG-1226-SM-48U23,Fast
GTEX-ZC5H-0226-SM-4WAY9,Fast
GTEX-14BMU-2126-SM-5S2TS,Fast
GTEX-REY6-0326-SM-2TF5A,Fast
GTEX-13113-1626-SM-5EQ4I,Fast
GTEX-TML8-1526-SM-4DXUX,Fast
GTEX-YEC4-0726-SM-5CVLV,Fast
GTEX-ZZPU-1826-SM-5E43L,Fast
GTEX-N7MT-1926-SM-3LK5N,Slow
GTEX-WFJO-0226-SM-3GIKW,Fast
GTEX-ZVTK-0626-SM-5GU6Y,Fast
GTEX-U3ZN-0226-SM-3DB8D,Fast
GTEX-ZT9W-1226-SM-57WE4,Fast
GTEX-Y111-0926-SM-4SOIU,Fast
GTEX-1C4CL-0526-SM-73KVK,Fast
GTEX-SNOS-0626-SM-4DM5F,Fast
GTEX-1C4CL-0626-SM-731DM,Fast
GTEX-Y8LW-0526-SM-4VDS7,Fast
GTEX-V1D1-0726-SM-4JBH7,Fast
GTEX-17EUY-1726-SM-79OK4,Fast
GTEX-144GM-1626-SM-5O9AG,Fast
GTEX-17HHE-1926-SM-7EPGW,Fast
GTEX-13FHO-2026-SM-5J1OA,Fast
GTEX-Y111-2026-SM-4SOJA,Fast
GTEX-QDT8-2526-SM-48TYX,Slow
GTEX-S95S-1126-SM-4B64E,Fast
GTEX-13S86-0926-SM-5SI6I,Fast
GTEX-S95S-1226-SM-4GICG,Fast
GTEX-NPJ8-0011-R5a-SM-2HMJY,Slow
GTEX-11NSD-0005-SM-5LZZ5,Fast
GTEX-146FR-1426-SM-5SIAV,Fast
GTEX-S4P3-0008-SM-3NM8R,Fast
GTEX-13RTL-0326-SM-7LT89,Slow
GTEX-14ICL-1126-SM-5S2RE,Fast
GTEX-18D9U-1626-SM-7KFTW,Fast
GTEX-13OVI-1526-SM-5K7VX,Fast
GTEX-11P82-0226-SM-5HL4O,Fast
GTEX-131XG-1526-SM-5GCNQ,Fast
GTEX-ZTSS-0008-SM-4YCE8,Fast
GTEX-13FTW-0126-SM-5IJED,Fast
GTEX-T2IS-0526-SM-32QP9,Fast
GTEX-OHPK-1526-SM-3MJGM,Fast
GTEX-13QBU-0526-SM-5IJFE,Fast
GTEX-S32W-1026-SM-4AD5W,Fast
GTEX-145LT-1626-SM-5O992,Fast
GTEX-18D9A-0526-SM-7KFSW,Fast
GTEX-17F9E-2326-SM-79OKD,Fast
GTEX-17HGU-0326-SM-7DUER,Fast
GTEX-13RTJ-2526-SM-5S2Q3,Slow
GTEX-ZY6K-0826-SM-5A5L7,Fast
GTEX-Y5LM-1326-SM-5RQIS,Fast
GTEX-ZY6K-1926-SM-5GZXW,Fast
GTEX-SNMC-0008-SM-4DM5A,Fast
GTEX-132AR-0006-SM-5NQ7N,Fast
GTEX-X4XX-0011-R2A-SM-3P623,Slow
GTEX-13O21-0326-SM-5J1N9,Fast
GTEX-1192X-1826-SM-5GIE2,Slow
GTEX-Y5V6-1026-SM-4VBS2,Fast
GTEX-WI4N-1126-SM-3LK7Q,Fast
GTEX-Y3I4-2426-SM-6LLJK,Fast
GTEX-QEG4-0226-SM-2S1PY,Fast
GTEX-15DCE-1326-SM-6LPJL,Fast
GTEX-13RTK-0626-SM-5Q5EK,Fast
GTEX-WFG7-1726-SM-4LVME,Fast
GTEX-139T8-0826-SM-5L3DE,Slow
GTEX-17JCI-0011-R11a-SM-7189Y,Fast
GTEX-14C5O-1326-SM-5S2UW,Slow
GTEX-N7MT-0007-SM-3GACQ,Slow
GTEX-12WSK-1326-SM-5CVNM,Fast
GTEX-TSE9-0011-R4A-SM-3DB7H,Fast
GTEX-16XZZ-1026-SM-7DHKS,Fast
GTEX-13113-1026-SM-5LZWM,Fast
GTEX-11ZUS-2926-SM-5FQSL,Fast
GTEX-1AX8Z-1026-SM-7189R,Fast
GTEX-13W3W-1226-SM-5LU4H,Fast
GTEX-ZLFU-0126-SM-5EQMN,Fast
GTEX-16MTA-1926-SM-7KUG1,Fast
GTEX-PWN1-2626-SM-2I3FH,Fast
GTEX-13PL7-2126-SM-5L3HZ,Fast
GTEX-RM2N-0426-SM-2TF4T,Fast
GTEX-NPJ8-0126-SM-2YUNR,Slow
GTEX-WFJO-0826-SM-4LVM5,Fast
GTEX-WFON-1526-SM-4LVMP,Fast
GTEX-WZTO-0011-R11A-SM-4E3K9,Fast
GTEX-11LCK-2026-SM-5A5MA,Fast
GTEX-1C64O-0226-SM-73KXB,Fast
GTEX-NPJ8-2126-SM-3MJGK,Slow
GTEX-1314G-1826-SM-5LZVA,Fast
GTEX-RWSA-0826-SM-2XCBF,Fast
GTEX-OIZH-0926-SM-48TBR,Fast
GTEX-11I78-0005-SM-5N9GB,Fast
GTEX-11DXZ-0526-SM-5GU7J,Fast
GTEX-TMMY-0826-SM-33HB9,Fast
GTEX-117YX-2226-SM-5EGJJ,Fast
GTEX-XBED-2326-SM-47JYR,Fast
GTEX-1AX8Z-1726-SM-731DE,Fast
GTEX-1B932-2126-SM-7IGMU,Fast
GTEX-14C5O-0226-SM-5SI6O,Slow
GTEX-15RIE-1026-SM-6LPJQ,Fast
GTEX-ZVP2-0326-SM-57WBP,Fast
GTEX-15SB6-1226-SM-7KUMP,Fast
GTEX-16NPV-0011-R5a-SM-7EPGK,Slow
GTEX-16MT8-2926-SM-7DUFO,Slow
GTEX-15ER7-1326-SM-6LPK9,Fast
GTEX-13O21-0626-SM-5IJDI,Fast
GTEX-Q734-0526-SM-2I3EH,Fast
GTEX-N7MT-0011-R10A-SM-2I3E1,Slow
GTEX-ZA64-0226-SM-5HL9C,Fast
GTEX-13W46-0726-SM-5LU3Z,Fast
GTEX-16YQH-0926-SM-793BC,Fast
GTEX-TSE9-0011-R1A-SM-3DB7E,Fast
GTEX-18464-0011-R4a-SM-7LG6T,Slow
GTEX-1C64O-2326-SM-73KU8,Fast
GTEX-1A3MW-1326-SM-7189P,Slow
GTEX-1C4CL-1626-SM-7DUF3,Fast
GTEX-YJ8O-1226-SM-5P9JE,Fast
GTEX-145ME-0326-SM-5S2QO,Fast
GTEX-ZY6K-1226-SM-5GZYL,Fast
GTEX-P4QS-0226-SM-3NB1U,Fast
GTEX-XV7Q-0226-SM-4BRVL,Fast
GTEX-12WSL-0008-SM-664MM,Fast
GTEX-11ZTT-0006-SM-5N9FX,Fast
GTEX-ZA64-1026-SM-5HL8R,Fast
GTEX-14E6C-0326-SM-5Q5EE,Slow
GTEX-15RJE-0626-SM-7KUKR,Slow
GTEX-183FY-0226-SM-7LG54,Fast
GTEX-15DCZ-2526-SM-69LOC,Fast
GTEX-13N1W-1226-SM-5K7UM,Fast
GTEX-17F9E-1326-SM-7DHL4,Fast
GTEX-15CHQ-2126-SM-6871M,Slow
GTEX-111YS-1726-SM-5GIED,Fast
GTEX-11DXX-1926-SM-5EGJK,Fast
GTEX-1399U-0005-SM-5NQ8K,Fast
GTEX-ZF29-1526-SM-4WKF7,Fast
GTEX-15CHR-0926-SM-7DUFW,Fast
GTEX-ZVT2-0726-SM-5GIER,Fast
GTEX-QVJO-0011-R9A-SM-2S1QH,Slow
GTEX-OHPN-0011-R11A-SM-2I5FM,Fast
GTEX-T2IS-0826-SM-4DM6L,Fast
GTEX-Y9LG-0006-SM-4VBRK,Fast
GTEX-SNMC-0426-SM-4DM5Y,Fast
GTEX-16NPX-0926-SM-7KUEZ,Fast
GTEX-YB5E-0526-SM-4VDSD,Fast
GTEX-ZTSS-0226-SM-59877,Fast
GTEX-18QFQ-0826-SM-718AX,Fast
GTEX-12BJ1-0526-SM-5FQUD,Fast
GTEX-TMMY-0426-SM-33HBB,Fast
GTEX-13X6H-1626-SM-5Q5CT,Fast
GTEX-X3Y1-2026-SM-3P5YM,Fast
GTEX-132QS-1526-SM-5J2MV,Fast
GTEX-Y9LG-0826-SM-5ZZVG,Fast
GTEX-ZYY3-0626-SM-5NQ6W,Slow
GTEX-15EU6-1426-SM-6M48E,Fast
GTEX-1B8KE-1426-SM-7EWEL,Fast
GTEX-WEY5-2226-SM-3GILQ,Fast
GTEX-X8HC-0226-SM-4E3K1,Fast
GTEX-14PKU-0426-SM-6EU1P,Fast
GTEX-WYVS-1426-SM-4ONCV,Fast
GTEX-Y5V5-0926-SM-4VBPZ,Fast
GTEX-SE5C-2126-SM-4BRUJ,Fast
GTEX-14BMU-0726-SM-73KXS,Fast
GTEX-145LV-2126-SM-5LU8N,Fast
GTEX-13JUV-0011-R9a-SM-5LZX3,Fast
GTEX-T8EM-1226-SM-4DM5J,Fast
GTEX-11P7K-0006-SM-5N9FM,Fast
GTEX-15DCZ-2426-SM-6871N,Fast
GTEX-14DAR-1726-SM-664MZ,Fast
GTEX-ZF3C-1226-SM-4WWCB,Fast
GTEX-WY7C-2126-SM-3NB2R,Fast
GTEX-145LV-1326-SM-5S2QI,Fast
GTEX-18D9A-0126-SM-7KFSI,Fast
GTEX-1AX8Z-0626-SM-731EH,Fast
GTEX-ZYVF-2126-SM-5E44N,Fast
GTEX-13OVK-0006-SM-5O9B7,Fast
GTEX-YB5K-2126-SM-4WWDJ,Fast
GTEX-X261-0005-SM-4PQYX,Slow
GTEX-14C5O-2026-SM-5YYB1,Slow
GTEX-16MT8-1026-SM-6LPK1,Slow
GTEX-14ICL-0426-SM-5RQJ3,Fast
GTEX-VUSG-2726-SM-4KKZJ,Fast
GTEX-XQ3S-0526-SM-4BOQA,Fast
GTEX-16BQI-1326-SM-6M486,Fast
GTEX-WYVS-0004-SM-4ONDT,Fast
GTEX-Q734-0426-SM-48TZX,Fast
GTEX-1A3MW-3226-SM-731E1,Slow
GTEX-12ZZX-0126-SM-5EGK9,Fast
GTEX-17EVQ-2926-SM-7EWE3,Fast
GTEX-14PQA-1126-SM-7KUM4,Slow
GTEX-U8T8-0426-SM-3DB8X,Fast
GTEX-17F9Y-0726-SM-7LT9G,Fast
GTEX-P4QT-2026-SM-3NMCJ,Fast
GTEX-PX3G-3026-SM-48TZR,Fast
GTEX-17MFQ-0926-SM-7LG4S,Fast
GTEX-16BQI-0926-SM-6M485,Fast
GTEX-ZXES-0726-SM-5E451,Fast
GTEX-RUSQ-0126-SM-47JWV,Fast
GTEX-145LV-0226-SM-5S2QG,Fast
GTEX-ZVZQ-0726-SM-51MR3,Fast
GTEX-WHSB-0226-SM-4M1XE,Fast
GTEX-1399S-0426-SM-5IFG5,Fast
GTEX-YFC4-3026-SM-5IFJK,Fast
GTEX-X4XX-0626-SM-3NMC1,Slow
GTEX-U3ZM-0826-SM-4DXU6,Fast
GTEX-15CHR-1726-SM-7DUGW,Fast
GTEX-1399U-1326-SM-5IJET,Fast
GTEX-15FZZ-1126-SM-6AJBG,Fast
GTEX-131XE-1026-SM-5EGKE,Fast
GTEX-XGQ4-0005-SM-4AT5U,Fast
GTEX-R55D-1426-SM-48FEN,Fast
GTEX-1C2JI-0626-SM-7DHM1,Fast
GTEX-ZAB4-0005-SM-4RGM8,Slow
GTEX-X5EB-1926-SM-4E3IW,Fast
GTEX-12ZZX-2026-SM-5LZV9,Fast
GTEX-WFG8-2126-SM-3GIKQ,Fast
GTEX-14DAQ-1726-SM-5S2R2,Slow
GTEX-13111-0726-SM-5DUVE,Fast
GTEX-13FHP-3126-SM-5KLYX,Slow
GTEX-18A67-1626-SM-7LT9T,Fast
GTEX-YJ8A-1226-SM-5IFHH,Fast
GTEX-ZT9W-1326-SM-51MTB,Fast
GTEX-PLZ6-0526-SM-3P61C,Fast
GTEX-131XE-2326-SM-5PNZ2,Fast
GTEX-18QFQ-1726-SM-731C9,Fast
GTEX-OOBJ-2126-SM-3NB1N,Fast
GTEX-18A67-1726-SM-7KFT9,Fast
GTEX-111CU-0326-SM-5GZXO,Fast
GTEX-18D9U-0826-SM-7LG5K,Fast
GTEX-Y9LG-1226-SM-4VBQA,Fast
GTEX-13RTJ-0011-R5a-SM-5P9HR,Slow
GTEX-14PII-0726-SM-6EU2B,Slow
GTEX-1399R-0526-SM-5IJEF,Fast
GTEX-ZAB5-0926-SM-5CVMV,Fast
GTEX-1B932-1626-SM-731EA,Fast
GTEX-13U4I-1026-SM-5LU3G,Fast
GTEX-ZC5H-1026-SM-5CVN1,Fast
GTEX-13IVO-0626-SM-5LZYJ,Slow
GTEX-14PQA-0526-SM-7KUFS,Slow
GTEX-PW2O-0826-SM-48TC5,Fast
GTEX-13N1W-0011-R6a-SM-5MR43,Fast
GTEX-15CHQ-0011-R10b-SM-6AJBV,Slow
GTEX-13U4I-2226-SM-5LU5H,Fast
GTEX-11VI4-0626-SM-5EQLO,Fast
GTEX-13JUV-0011-R5a-SM-5LZY5,Fast
GTEX-Y8LW-1426-SM-5RQJJ,Fast
GTEX-15UF7-0826-SM-6M46E,Fast
GTEX-13NYS-0526-SM-5J1OF,Slow
GTEX-14PHX-1026-SM-664OL,Fast
GTEX-ZF2S-1426-SM-57WET,Fast
GTEX-13RTJ-0726-SM-5QGQN,Slow
GTEX-132QS-0726-SM-5IJE9,Fast
GTEX-XQ8I-1126-SM-4BOO2,Fast
GTEX-QCQG-0006-SM-5SI8M,Fast
GTEX-15SHW-1226-SM-6M46C,Fast
GTEX-ZYT6-2226-SM-5GIC9,Fast
GTEX-TKQ2-0008-SM-4DM5L,Fast
GTEX-ZGAY-0826-SM-4WWEP,Fast
GTEX-15RIE-0326-SM-6PAMC,Fast
GTEX-12KS4-0426-SM-5EQMC,Fast
GTEX-YF7O-0726-SM-4W213,Fast
GTEX-1C475-1426-SM-793CH,Fast
GTEX-WFON-1726-SM-4LVMQ,Fast
GTEX-UJHI-1126-SM-4IHLN,Fast
GTEX-148VI-0626-SM-5TDDH,Fast
GTEX-13FHP-0526-SM-5K7UY,Slow
GTEX-PWN1-1526-SM-48TDA,Fast
GTEX-TKQ1-0926-SM-4DXU2,Fast
GTEX-11EM3-1626-SM-5N9CO,Fast
GTEX-X8HC-0526-SM-4E3JA,Fast
GTEX-U4B1-1426-SM-4DXTX,Fast
GTEX-WFG8-0826-SM-4LVN5,Fast
GTEX-146FH-1326-SM-5NQBI,Fast
GTEX-13O21-0726-SM-5L3EG,Fast
GTEX-13PL7-1226-SM-5SIAR,Fast
GTEX-13PL7-2626-SM-5IFH4,Fast
GTEX-131XW-0526-SM-5PNXZ,Slow
GTEX-144GN-2326-SM-5LU4F,Fast
GTEX-OOBJ-0226-SM-2YUMM,Fast
GTEX-13PVR-1626-SM-73KVF,Fast
GTEX-ZYT6-0126-SM-5E45J,Fast
GTEX-XMD2-1326-SM-4YCET,Fast
GTEX-1192X-1526-SM-5H11I,Slow
GTEX-WH7G-1726-SM-4LVKY,Fast
GTEX-17GQL-0126-SM-72D5Q,Fast
GTEX-14PJ3-2126-SM-5ZZVL,Fast
GTEX-18464-0011-R5b-SM-718A6,Slow
GTEX-YJ8O-1426-SM-5PNV9,Fast
GTEX-11DXZ-2326-SM-5EGGV,Fast
GTEX-12ZZX-0726-SM-5EGKA,Fast
GTEX-ZVTK-0526-SM-5GZWT,Fast
GTEX-11VI4-1126-SM-5EQMD,Fast
GTEX-12WSG-0226-SM-5EGIF,Fast
GTEX-1192X-0008-SM-5Q5B7,Slow
GTEX-WY7C-0326-SM-4OND5,Fast
GTEX-139T8-0626-SM-5KLZX,Slow
GTEX-13O3P-1626-SM-5K7X3,Slow
GTEX-14AS3-0826-SM-5TDD5,Fast
GTEX-15RIG-0726-SM-7KUM7,Fast
GTEX-1C64O-1726-SM-73KW9,Fast
GTEX-14PJ6-1726-SM-6AJBN,Fast
GTEX-14C5O-1526-SM-7DHKT,Slow
GTEX-17HHE-1326-SM-7EWDZ,Fast
GTEX-13PDP-0011-R1a-SM-5PNX5,Slow
GTEX-13NZB-2126-SM-5MR4Y,Fast
GTEX-ZT9W-1526-SM-4YCDE,Fast
GTEX-ZTX8-1326-SM-4YCEL,Fast
GTEX-16XZY-2426-SM-7EPGQ,Fast
GTEX-PWCY-0526-SM-5P9HG,Fast
GTEX-WFON-0326-SM-3GIKX,Fast
GTEX-16AAH-1626-SM-7EWE2,Fast
GTEX-13OVI-0526-SM-5IFFQ,Fast
GTEX-15CHC-0526-SM-6EU23,Fast
GTEX-Y9LG-1826-SM-4VBQC,Fast
GTEX-1A3MX-0126-SM-731BR,Slow
GTEX-QCQG-0426-SM-48U29,Fast
GTEX-VUSG-2826-SM-4KKZM,Fast
GTEX-14H4A-2426-SM-664OQ,Fast
GTEX-WFG8-1826-SM-4LVM4,Fast
GTEX-1C475-0826-SM-793AD,Fast
GTEX-1314G-1926-SM-5BC6F,Fast
GTEX-U3ZN-1726-SM-4DXUQ,Fast
GTEX-ZLV1-1526-SM-4WWBC,Fast
GTEX-145ME-1226-SM-5SIB6,Fast
GTEX-15UF6-0226-SM-7KUF6,Slow
GTEX-11P81-0008-SM-5S2OT,Fast
GTEX-144GO-1626-SM-7EPG5,Slow
GTEX-11I78-0626-SM-5A5LZ,Fast
GTEX-12ZZX-0326-SM-5DUVH,Fast
GTEX-NPJ7-0011-R5a-SM-33HBK,Slow
GTEX-WHPG-0326-SM-4M1XV,Fast
GTEX-11P81-2426-SM-5GU65,Fast
GTEX-14JG6-1226-SM-664O6,Fast
GTEX-YF7O-2526-SM-5IFJX,Fast
GTEX-11TT1-1526-SM-5EQKU,Fast
GTEX-15SDE-1826-SM-7KUFN,Fast
GTEX-U8XE-1326-SM-4E3JK,Slow
GTEX-13IVO-0426-SM-5LZY7,Slow
GTEX-139YR-2726-SM-5K7VV,Fast
GTEX-S341-1026-SM-4AD71,Fast
GTEX-Y9LG-1526-SM-4WWDR,Fast
GTEX-14E6E-1826-SM-5S2R7,Fast
GTEX-XBEW-0826-SM-4QASQ,Fast
GTEX-RWS6-0526-SM-4GIAJ,Fast
GTEX-16AAH-1726-SM-7939C,Fast
GTEX-1192X-1126-SM-5EGGU,Slow
GTEX-Y114-1826-SM-4TT87,Fast
GTEX-16XZY-2226-SM-7938N,Fast
GTEX-WEY5-2326-SM-3GIKK,Fast
GTEX-XMK1-0926-SM-4B66X,Fast
GTEX-15ER7-0011-R3a-SM-6LPIK,Fast
GTEX-RU1J-0526-SM-46MUT,Fast
GTEX-O5YT-0226-SM-32PK5,Fast
GTEX-ZVT2-2526-SM-51MT1,Fast
GTEX-VUSG-0726-SM-3GIK1,Fast
GTEX-Q734-0626-SM-2I3EF,Fast
GTEX-QXCU-0226-SM-2TC5W,Fast
GTEX-13X6K-0011-R2b-SM-5P9K3,Slow
GTEX-15ER7-0926-SM-7KUMG,Fast
GTEX-OIZI-0005-SM-2XCED,Fast
GTEX-U3ZH-0426-SM-4DXSE,Fast
GTEX-WYJK-1226-SM-4ONCP,Fast
GTEX-14AS3-1626-SM-5S2OY,Fast
GTEX-15DZA-0226-SM-7KFS6,Fast
GTEX-O5YT-1426-SM-3MJHC,Fast
GTEX-14E6E-0826-SM-664N7,Fast
GTEX-QV44-0626-SM-4R1KJ,Fast
GTEX-WYVS-2426-SM-3NMA9,Fast
GTEX-X4XX-0008-SM-46MVK,Slow
GTEX-X585-0426-SM-4E3JZ,Slow
GTEX-17KNJ-0326-SM-7KFS5,Fast
GTEX-145LS-0126-SM-5QGP1,Slow
GTEX-13S86-2426-SM-5S2MX,Fast
GTEX-16YQH-0326-SM-6LPJV,Fast
GTEX-OIZH-0626-SM-3NB1L,Fast
GTEX-12WSJ-1226-SM-5LU91,Fast
GTEX-S4UY-0826-SM-4AD4Z,Fast
GTEX-UPK5-2026-SM-4JBIM,Fast
GTEX-RM2N-1426-SM-2TF4H,Fast
GTEX-139D8-2926-SM-5IJBM,Fast
GTEX-1211K-1726-SM-5FQUJ,Fast
GTEX-11EI6-2226-SM-5EGJM,Slow
GTEX-U3ZN-1926-SM-4DXSG,Fast
GTEX-14ICK-2426-SM-6EU27,Fast
GTEX-1B8KE-0326-SM-73KTY,Fast
GTEX-144GO-1326-SM-5Q5EL,Slow
GTEX-145MN-0326-SM-5QGQI,Fast
GTEX-T6MO-0826-SM-4DM51,Fast
GTEX-1AX9K-1026-SM-73KU4,Fast
GTEX-111CU-1226-SM-5EGIN,Fast
GTEX-145LT-0926-SM-5LU9C,Fast
GTEX-139YR-0326-SM-5J1MC,Fast
GTEX-R55E-0011-R9A-SM-2TC6C,Fast
GTEX-WFG8-1726-SM-4LVM6,Fast
GTEX-11LCK-1426-SM-5HL5R,Fast
GTEX-SNMC-0126-SM-2XCFO,Fast
GTEX-Y3I4-1226-SM-4TT8N,Fast
GTEX-ZVTK-0426-SM-51MRS,Fast
GTEX-1AX9K-1626-SM-73KUS,Fast
GTEX-WHWD-1026-SM-4OORZ,Fast
GTEX-15ER7-0011-R4a-SM-6M46S,Fast
GTEX-132AR-0226-SM-5IJBE,Fast
GTEX-12WSJ-1826-SM-5GCNY,Fast
GTEX-WXYG-1126-SM-4ONCH,Fast
GTEX-13VXT-0826-SM-5SIAP,Fast
GTEX-15SHW-0726-SM-7KUEI,Fast
GTEX-VUSG-1026-SM-4KKZN,Fast
GTEX-11ZTT-2426-SM-5EQLS,Fast
GTEX-17KNJ-1526-SM-7LTA9,Fast
GTEX-T5JW-0005-SM-3GADE,Fast
GTEX-14E1K-0626-SM-5S2PG,Fast
GTEX-13W3W-0526-SM-5LU3X,Fast
GTEX-15RJ7-0826-SM-6LLI8,Fast
GTEX-ZA64-2026-SM-5PNXT,Fast
GTEX-131XF-0006-SM-5P9HK,Fast
GTEX-1AMFI-0726-SM-731D9,Fast
GTEX-13IVO-0011-R3b-SM-5IJBJ,Slow
GTEX-1A3MX-2326-SM-718B4,Slow
GTEX-TML8-1626-SM-32QOO,Fast
GTEX-15DZA-1126-SM-6LPK8,Fast
GTEX-1AMFI-1326-SM-7939R,Fast
GTEX-ZF3C-1026-SM-5S2OC,Fast
GTEX-13PVR-0626-SM-5S2RC,Fast
GTEX-14753-0011-R10b-SM-5S2WE,Slow
GTEX-145ME-5007-SM-7DHN8,Fast
GTEX-S341-1326-SM-4AD72,Fast
GTEX-13NZ8-0011-R1b-SM-5KM3V,Slow
GTEX-Y114-0726-SM-4TT6U,Fast
GTEX-XPVG-1726-SM-4B65W,Fast
GTEX-17EUY-1526-SM-793CA,Fast
GTEX-15RJE-0011-R2b-SM-79OMP,Slow
GTEX-OHPN-0011-R1A-SM-2I5GB,Fast
GTEX-ZYFG-1626-SM-5GZYY,Fast
GTEX-11DXX-0626-SM-5Q5AG,Fast
GTEX-U8XE-1726-SM-4E3IF,Slow
GTEX-11DXX-1826-SM-5H126,Fast
GTEX-11ZTT-0002-SM-5S2PA,Fast
GTEX-11LCK-0426-SM-5A5M8,Fast
GTEX-YEC3-2326-SM-5IFJF,Fast
GTEX-18D9B-0426-SM-7LTAR,Fast
GTEX-ZQUD-0926-SM-57WE3,Fast
GTEX-W5WG-0826-SM-4RGNE,Fast
GTEX-17KNJ-1826-SM-7LT9N,Fast
GTEX-18D9A-1726-SM-731BS,Fast
GTEX-OIZI-0626-SM-2XCEH,Fast
GTEX-14PQA-0011-R5b-SM-6AJC2,Slow
GTEX-ZC5H-0326-SM-5HL9F,Fast
GTEX-T8EM-1626-SM-3DB7K,Fast
GTEX-1AMFI-2226-SM-731C6,Fast
GTEX-17GQL-0326-SM-7LG5U,Fast
GTEX-Y5V6-2326-SM-4VDSA,Fast
GTEX-ZTPG-1326-SM-51MSQ,Fast
GTEX-14PJ4-0426-SM-6871F,Fast
GTEX-N7MT-0011-R4a-SM-2I3G9,Slow
GTEX-12WSN-1426-SM-5GCO6,Fast
GTEX-O5YT-0526-SM-32PK8,Fast
GTEX-QDVN-0526-SM-48TZ4,Fast
GTEX-1AYCT-0426-SM-73KVZ,Fast
GTEX-145LS-2326-SM-5TDCY,Slow
GTEX-14PKV-2026-SM-6AJ9A,Fast
GTEX-ZZPT-0226-SM-5E43X,Slow
GTEX-17F96-0326-SM-793BR,Fast
GTEX-ZF29-1926-SM-5S2P1,Fast
GTEX-V1D1-0626-SM-4JBHN,Fast
GTEX-15UF6-3026-SM-7KUKL,Slow
GTEX-TSE9-0226-SM-3DB84,Fast
GTEX-ZVE2-0426-SM-59HJ7,Fast
GTEX-13X6H-1526-SM-5Q5E2,Fast
GTEX-145LV-1426-SM-5Q5BV,Fast
GTEX-QDVJ-0008-SM-48U2E,Fast
GTEX-WYJK-1426-SM-3NM8V,Fast
GTEX-XUZC-1826-SM-4BRVO,Fast
GTEX-SE5C-1526-SM-4BRWU,Fast
GTEX-15ER7-2226-SM-7KFRN,Fast
GTEX-ZYY3-1526-SM-5SIA9,Slow
GTEX-ZP4G-0426-SM-4YCER,Fast
GTEX-Y8E4-1326-SM-5IFIY,Fast
GTEX-17GQL-2226-SM-718BB,Fast
GTEX-1AMFI-0126-SM-73KZ2,Fast
GTEX-WI4N-0626-SM-3TW8Z,Fast
GTEX-139YR-1626-SM-5IJGK,Fast
GTEX-XXEK-0826-SM-4BRWG,Fast
GTEX-147F3-0226-SM-5NQBV,Fast
GTEX-1339X-0326-SM-5K7Z8,Fast
GTEX-1AX9K-0226-SM-793CM,Fast
GTEX-Q2AI-1726-SM-2S1PZ,Fast
GTEX-14BMU-1926-SM-5S2QC,Fast
GTEX-14PJO-0526-SM-6EU2O,Slow
GTEX-YEC4-2426-SM-57WFO,Fast
GTEX-146FR-1226-SM-5SIA7,Fast
GTEX-13CF3-0226-SM-5J1NW,Fast
GTEX-145ME-1826-SM-5SI9G,Fast
GTEX-14PJ3-1526-SM-664O9,Fast
GTEX-14PJ5-0426-SM-5ZZW2,Fast
GTEX-OIZI-1026-SM-3NB1K,Fast
GTEX-ZXES-1826-SM-5E43S,Fast
GTEX-ZYFG-0526-SM-5GZXX,Fast
GTEX-13FTW-0326-SM-5K7UW,Fast
GTEX-13FHP-0426-SM-5J1O5,Slow
GTEX-17HGU-0226-SM-7DHKV,Fast
GTEX-1399S-2426-SM-5K7U3,Fast
GTEX-11DXX-1026-SM-5H11E,Fast
GTEX-QXCU-0126-SM-2TC5Q,Fast
GTEX-XXEK-0726-SM-4BRWF,Fast
GTEX-17GQL-0626-SM-731CN,Fast
GTEX-YEC4-1826-SM-4W1YP,Fast
GTEX-15RJE-0526-SM-6PAMN,Slow
GTEX-13D11-2426-SM-5KM1V,Fast
GTEX-O5YW-1526-SM-3MJGL,Fast
GTEX-WYJK-1526-SM-4ONCW,Fast
GTEX-YJ8A-0826-SM-5Q5A7,Fast
GTEX-14753-1926-SM-5NQAA,Slow
GTEX-14PKU-1626-SM-6871C,Fast
GTEX-13113-1726-SM-5GCOO,Fast
GTEX-WFON-0001-SM-3P61W,Fast
GTEX-131XG-0826-SM-5LZVS,Fast
GTEX-14PQA-1226-SM-6M47A,Slow
GTEX-P4PP-0126-SM-3LK69,Fast
GTEX-1477Z-1126-SM-5P9GK,Slow
GTEX-QESD-0008-SM-447B2,Fast
GTEX-RWS6-1126-SM-47JXC,Fast
GTEX-145MH-2326-SM-5O9AW,Fast
GTEX-14E1K-2526-SM-5ZZWA,Fast
GTEX-XYKS-2126-SM-4E3IB,Fast
GTEX-15SHV-1126-SM-6PALO,Fast
GTEX-ZF29-1226-SM-4WKH1,Fast
GTEX-X4LF-0326-SM-4QAS9,Fast
GTEX-ZZPU-2226-SM-5EGIV,Fast
GTEX-Y3IK-2526-SM-4WWDM,Fast
GTEX-16NPX-1626-SM-6LLI5,Fast
GTEX-1EH9U-2826-SM-7DUGT,Slow
GTEX-OHPK-1626-SM-2YUN3,Fast
GTEX-15SKB-0526-SM-6PAMP,Fast
GTEX-14PJ4-0526-SM-6871G,Fast
GTEX-13W3W-2526-SM-5SI9P,Fast
GTEX-ZDTT-0726-SM-4WKFK,Fast
GTEX-PLZ5-0926-SM-3TW8L,Fast
GTEX-14DAQ-0126-SM-5S2MQ,Slow
GTEX-13RTK-1626-SM-5QGQS,Fast
GTEX-15G1A-1826-SM-7KUKO,Fast
GTEX-QLQ7-0726-SM-2I5G2,Fast
GTEX-ZVP2-1726-SM-5GU5P,Fast
GTEX-X261-0926-SM-3NMCY,Slow
GTEX-13N1W-0011-R7b-SM-5MR4F,Fast
GTEX-RU1J-0626-SM-4WAWY,Fast
GTEX-139YR-2626-SM-5K7U4,Fast
GTEX-16NGA-0426-SM-7LG6K,Fast
GTEX-ZY6K-1326-SM-5GZWP,Fast
GTEX-Y5V6-0526-SM-4VBRV,Fast
GTEX-RNOR-0326-SM-2TF51,Fast
GTEX-14PII-0326-SM-6LLIQ,Slow
GTEX-13NYS-0126-SM-5MR3W,Slow
GTEX-V1D1-2426-SM-3GAER,Fast
GTEX-ZVT2-1326-SM-5E45H,Fast
GTEX-XMK1-1326-SM-4B65Q,Fast
GTEX-WHWD-0326-SM-3LK6L,Fast
GTEX-145LS-2026-SM-5Q5D7,Slow
GTEX-18D9B-0926-SM-7LG4U,Fast
GTEX-X261-0011-R7A-SM-4E3JJ,Slow
GTEX-XPT6-1626-SM-4B655,Fast
GTEX-SNOS-0926-SM-4DM7A,Fast
GTEX-12126-1126-SM-5P9GP,Fast
GTEX-O5YW-0526-SM-2YUMX,Fast
GTEX-1EH9U-2926-SM-7DHLX,Slow
GTEX-16NPX-0426-SM-7EWDJ,Fast
GTEX-POMQ-0426-SM-3P61G,Fast
GTEX-1A3MV-2026-SM-718BU,Fast
GTEX-11TTK-0426-SM-5EQLT,Slow
GTEX-131XE-2426-SM-5EQ5V,Fast
GTEX-ZLV1-0001-SM-4WWAO,Fast
GTEX-UJMC-0626-SM-4IHJQ,Fast
GTEX-111FC-2526-SM-5GZXU,Fast
GTEX-Q2AH-1926-SM-2S1PN,Fast
GTEX-RM2N-0126-SM-48FDD,Fast
GTEX-ZY6K-1426-SM-5GZX2,Fast
GTEX-1CB4F-1326-SM-793CW,Fast
GTEX-1B8KE-1526-SM-7DUG2,Fast
GTEX-14E6C-0005-SM-5O98N,Slow
GTEX-T5JW-0726-SM-4DM6D,Fast
GTEX-18A66-0126-SM-731CQ,Slow
GTEX-14A6H-0326-SM-5NQAN,Fast
GTEX-148VI-1226-SM-5RQJR,Fast
GTEX-YFCO-1526-SM-5YYB8,Fast
GTEX-YB5K-0008-SM-4VDT8,Fast
GTEX-U3ZH-0005-SM-3DB72,Fast
GTEX-13PL7-2226-SM-5L3IC,Fast
GTEX-ZVT2-0001-SM-57WCK,Fast
GTEX-145MH-0011-R7a-SM-5PNWH,Fast
GTEX-ZAB5-0526-SM-5CVMU,Fast
GTEX-POMQ-2226-SM-2I5FK,Fast
GTEX-XPVG-2126-SM-4B667,Fast
GTEX-WOFM-0001-SM-4OOT2,Fast
GTEX-QESD-0726-SM-4R1KQ,Fast
GTEX-ZQG8-0626-SM-57WF3,Fast
GTEX-12WSF-3126-SM-6M478,Slow
GTEX-PWCY-0726-SM-48TCS,Fast
GTEX-VJYA-1426-SM-4KL1Y,Fast
GTEX-UPK5-2126-SM-4JBJK,Fast
GTEX-17F97-1226-SM-79OJT,Slow
GTEX-11NSD-0008-SM-5Q5BC,Fast
GTEX-17JCI-1526-SM-7IGOQ,Fast
GTEX-TSE9-2926-SM-3DB77,Fast
GTEX-12WSN-5016-SM-7DUGY,Fast
GTEX-14AS3-1826-SM-5TDD8,Fast
GTEX-TKQ1-0526-SM-4DXTG,Fast
GTEX-15CHQ-0326-SM-69LQD,Slow
GTEX-14PJ4-0826-SM-6LLH5,Fast
GTEX-ZEX8-1926-SM-4WKFR,Fast
GTEX-XMD1-0826-SM-4AT52,Slow
GTEX-SNMC-0926-SM-4DM5U,Fast
GTEX-ZVP2-0526-SM-51MSC,Fast
GTEX-16NGA-1126-SM-7KFSY,Fast
GTEX-ZLFU-0626-SM-4WWBO,Fast
GTEX-QVJO-1325-SM-2S1QX,Slow
GTEX-N7MT-0126-SM-2D7VT,Slow
GTEX-144GN-1126-SM-5LU33,Fast
GTEX-ZTSS-0004-SM-4YCCS,Fast
GTEX-S4Z8-0126-SM-4GICC,Fast
GTEX-YEC4-0008-SM-4W1YR,Fast
GTEX-146FR-1726-SM-5Q5DT,Fast
GTEX-TKQ1-0008-SM-4DXSO,Fast
GTEX-WXYG-1426-SM-4ONCK,Fast
GTEX-OXRL-0005-SM-3LK6A,Fast
GTEX-QCQG-1426-SM-48U22,Fast
GTEX-S32W-1626-SM-4AD6G,Fast
GTEX-13NZB-2526-SM-5J1OM,Fast
GTEX-1CAMS-1226-SM-79393,Fast
GTEX-1399S-1026-SM-5KLZ9,Fast
GTEX-XYKS-1826-SM-4E3JV,Fast
GTEX-11LCK-0008-SM-5Q5BB,Fast
GTEX-11DXZ-2526-SM-5N9BG,Fast
GTEX-11ZTT-0426-SM-5EQLK,Fast
GTEX-V1D1-1126-SM-4JBHT,Fast
GTEX-WFON-0826-SM-4LVMI,Fast
GTEX-XUZC-0226-SM-4BOO7,Fast
GTEX-QVUS-0226-SM-3GIJY,Slow
GTEX-Y3I4-0826-SM-4TT2A,Fast
GTEX-1339X-1626-SM-5IJDN,Fast
GTEX-139T6-1726-SM-5PNZ3,Fast
GTEX-WEY5-0001-SM-3P61Z,Fast
GTEX-13OVI-0326-SM-5K7X1,Fast
GTEX-111YS-0426-SM-5987O,Fast
GTEX-17JCI-2226-SM-7LTA1,Fast
GTEX-ZPU1-1426-SM-4WWFU,Fast
GTEX-P4QS-0526-SM-2I3ET,Fast
GTEX-ZP4G-0003-SM-4WWED,Fast
GTEX-S32W-0726-SM-2XCBL,Fast
GTEX-131XW-0011-R10a-SM-5DUVA,Slow
GTEX-14PJ6-1026-SM-686ZB,Fast
GTEX-12KS4-0005-SM-5SI94,Fast
GTEX-12WSA-0011-R2a-SM-57WDK,Slow
GTEX-12WSF-0926-SM-6PALU,Slow
GTEX-WOFM-0126-SM-3MJFE,Fast
GTEX-1399U-0008-SM-5S2VE,Fast
GTEX-18D9B-0326-SM-731B2,Fast
GTEX-148VI-0006-SM-5O9A6,Fast
GTEX-131XE-1426-SM-5HL7V,Fast
GTEX-S4P3-0626-SM-4AD59,Fast
GTEX-RM2N-1926-SM-48FCU,Fast
GTEX-18D9B-1926-SM-7KFSV,Fast
GTEX-15RJ7-0226-SM-7KUMN,Fast
GTEX-13QJ3-0826-SM-7DHKK,Fast
GTEX-13JUV-0526-SM-5K7XE,Fast
GTEX-15ETS-0626-SM-7KUMX,Fast
GTEX-UPK5-1826-SM-3GAEB,Fast
GTEX-13FHO-0226-SM-5IFGY,Fast
GTEX-15ER7-0326-SM-7KUEV,Fast
GTEX-1122O-1826-SM-5EGIP,Fast
GTEX-ZDYS-0526-SM-5L3EE,Fast
GTEX-Y5LM-1726-SM-4VDSX,Fast
GTEX-OIZF-0006-SM-2I5GQ,Fast
GTEX-146FQ-0526-SM-5LU9I,Fast
GTEX-P4QT-0226-SM-3LK68,Fast
GTEX-17F9E-1926-SM-7IGQF,Fast
GTEX-12WSG-0926-SM-5EGIH,Fast
GTEX-WK11-0926-SM-3NMAU,Fast
GTEX-XV7Q-2926-SM-4BRUL,Fast
GTEX-OHPM-0426-SM-3TW8V,Fast
GTEX-13FH7-2126-SM-5L3DJ,Fast
GTEX-Y8E4-1726-SM-5LU9G,Fast
GTEX-ZVZQ-0011-R11a-SM-51MS6,Fast
GTEX-X585-1026-SM-46MW6,Slow
GTEX-11XUK-0005-SM-5LU9F,Fast
GTEX-13CF3-1326-SM-5LZXZ,Fast
GTEX-11NSD-0126-SM-5987F,Fast
GTEX-W5X1-2326-SM-3GIL6,Fast
GTEX-18A67-1126-SM-7KFSB,Fast
GTEX-1339X-0008-SM-5ZZUL,Fast
GTEX-ZF2S-1326-SM-4WWAZ,Fast
GTEX-14AS3-2126-SM-5S2MK,Fast
GTEX-NPJ7-2726-SM-2I3FT,Slow
GTEX-S341-2026-SM-2XCAA,Fast
GTEX-1B8KZ-1826-SM-73KVJ,Fast
GTEX-WH7G-0426-SM-3NMBJ,Fast
GTEX-ZF3C-1426-SM-4WWCD,Fast
GTEX-ZF29-2626-SM-4WWBA,Fast
GTEX-ZA64-1726-SM-5CVMF,Fast
GTEX-XGQ4-2026-SM-4AT6G,Fast
GTEX-WFON-1226-SM-3TW8F,Fast
GTEX-R53T-1026-SM-48FCO,Fast
GTEX-16MT8-1326-SM-6M47R,Slow
GTEX-ZVT2-0226-SM-5GIE3,Fast
GTEX-Q2AI-0226-SM-48U1D,Fast
GTEX-NPJ8-2426-SM-3MJHL,Slow
GTEX-U4B1-1126-SM-4DXV3,Fast
GTEX-TKQ1-0326-SM-4DXSM,Fast
GTEX-13D11-1826-SM-5J2NM,Fast
GTEX-1B8KE-1226-SM-73KWK,Fast
GTEX-QEG5-1126-SM-33HC2,Fast
GTEX-Y5LM-1526-SM-4VDTA,Fast
GTEX-S4P3-1126-SM-4AD52,Fast
GTEX-14ICL-0626-SM-5ZZUO,Fast
GTEX-146FR-1626-SM-5Q5DS,Fast
GTEX-XQ8I-0626-SM-4BOPT,Fast
GTEX-145ME-1026-SM-5O9B4,Fast
GTEX-13S86-2326-SM-5RQK1,Fast
GTEX-TSE9-0011-R8A-SM-3DB7R,Fast
GTEX-OXRN-1226-SM-2I5EL,Fast
GTEX-XK95-0008-SM-4AT5G,Fast
GTEX-13W46-0926-SM-5LU3T,Fast
GTEX-VJYA-1826-SM-4KL1W,Fast
GTEX-12WSL-2326-SM-5DUXQ,Fast
GTEX-X15G-2326-SM-4PQZS,Fast
GTEX-1CB4F-1026-SM-7DUH1,Fast
GTEX-OHPM-2126-SM-3LK75,Fast
GTEX-117YX-0526-SM-5EGJH,Fast
GTEX-QXCU-0326-SM-2TC63,Fast
GTEX-11DXX-1626-SM-5H11H,Fast
GTEX-18A66-1426-SM-7KFRT,Slow
GTEX-1B97I-1626-SM-73KYO,Fast
GTEX-1399R-1926-SM-5K7X8,Fast
GTEX-ZVP2-0826-SM-59HJ6,Fast
GTEX-1AX8Z-1226-SM-7DHM7,Fast
GTEX-WYVS-0826-SM-4RTXB,Fast
GTEX-XV7Q-0726-SM-4BRV6,Fast
GTEX-16XZZ-0126-SM-793DV,Fast
GTEX-11ZUS-1826-SM-5FQTR,Fast
GTEX-13PDP-0011-R2b-SM-5O9DH,Slow
GTEX-15SDE-0926-SM-6LPIA,Fast
GTEX-17HHE-2226-SM-7EPGN,Fast
GTEX-14DAR-1926-SM-5S2NQ,Fast
GTEX-13VXT-1826-SM-5KM2F,Fast
GTEX-Y8LW-1026-SM-5IFJY,Fast
GTEX-15UF7-2326-SM-7KUFO,Fast
GTEX-P4PP-0726-SM-3NM9S,Fast
GTEX-12WSF-0005-SM-5NQAQ,Slow
GTEX-ZAB4-2226-SM-5HL97,Slow
GTEX-1CB4E-0726-SM-7EWEY,Fast
GTEX-1399R-0726-SM-5KM2A,Fast
GTEX-12BJ1-2526-SM-5FQUE,Fast
GTEX-131XF-1326-SM-5GCMQ,Fast
GTEX-ZLWG-0926-SM-4WWC3,Fast
GTEX-133LE-2126-SM-5IJBX,Fast
GTEX-183WM-0011-R4a-SM-7LG6S,Slow
GTEX-Y3IK-0926-SM-51MQU,Fast
GTEX-R55G-1126-SM-48FDG,Fast
GTEX-WFON-2026-SM-4LVMW,Fast
GTEX-WRHU-2926-SM-4MVNQ,Fast
GTEX-X15G-1126-SM-4PQZG,Fast
GTEX-139D8-1226-SM-5L3ED,Fast
GTEX-16BQI-1526-SM-6LLIE,Fast
GTEX-TSE9-2626-SM-4DXV2,Fast
GTEX-YEC3-2426-SM-5IFJR,Fast
GTEX-ZVT2-2426-SM-57WCQ,Fast
GTEX-146FR-1926-SM-5NQA6,Fast
GTEX-13O21-3026-SM-5J2NI,Fast
GTEX-17KNJ-0626-SM-7LT9L,Fast
GTEX-14PJO-0011-R7a-SM-664NR,Slow
GTEX-ZF28-3026-SM-4WKHP,Slow
GTEX-1AYD5-2126-SM-73KWQ,Fast
GTEX-13RTJ-2826-SM-5QGQH,Slow
GTEX-1GMR2-2026-SM-7MKHK,Fast
GTEX-XUZC-1126-SM-4BOPZ,Fast
GTEX-14PQA-3126-SM-6LPKD,Slow
GTEX-ZYT6-0326-SM-7LG5R,Fast
GTEX-132Q8-0011-R8b-SM-5DUWX,Slow
GTEX-13OVK-1026-SM-7KFTC,Fast
GTEX-ZVTK-0326-SM-51MRR,Fast
GTEX-1A3MV-2326-SM-731CT,Fast
GTEX-13RTJ-0626-SM-5S2NB,Slow
GTEX-XQ3S-2426-SM-4WAYB,Fast
GTEX-XV7Q-1126-SM-4BRVS,Fast
GTEX-12WSJ-0008-SM-664ML,Fast
GTEX-11ZUS-0826-SM-5FQUY,Fast
GTEX-14B4R-0626-SM-5TDDQ,Fast
GTEX-WFG7-0005-SM-3GIKM,Fast
GTEX-1CAMR-0726-SM-7EPIE,Fast
GTEX-QMR6-0008-SM-447AV,Slow
GTEX-UJMC-1326-SM-4IHLS,Fast
GTEX-11TTK-1926-SM-5PNW8,Slow
GTEX-RTLS-0126-SM-447CA,Slow
GTEX-1A3MX-0326-SM-73KXV,Slow
GTEX-ZEX8-0004-SM-4WKFQ,Fast
GTEX-PLZ6-1326-SM-3NB24,Fast
GTEX-13FH7-2226-SM-5IJD4,Fast
GTEX-ZY6K-0326-SM-5SIBB,Fast
GTEX-Y5V6-1326-SM-4VDTF,Fast
GTEX-ZV6S-1426-SM-59HKX,Fast
GTEX-PLZ5-0826-SM-3P5ZW,Fast
GTEX-16BQI-0526-SM-6PAM8,Fast
GTEX-ZF29-0226-SM-4WKHO,Fast
GTEX-REY6-0526-SM-2TF5M,Fast
GTEX-ZVP2-2126-SM-5GU6E,Fast
GTEX-12WSN-0326-SM-5GCP6,Fast
GTEX-15EOM-5013-SM-7MKF9,Fast
GTEX-1477Z-0011-R3b-SM-5PNX9,Slow
GTEX-1A3MV-0326-SM-73KW7,Fast
GTEX-15SHV-0826-SM-7KUFA,Fast
GTEX-1477Z-2826-SM-5SI9J,Slow
GTEX-131XW-0011-R9a-SM-5N9EO,Slow
GTEX-VUSG-0626-SM-4KL1Z,Fast
GTEX-18QFQ-1126-SM-72D6R,Fast
GTEX-17JCI-2526-SM-7DHLB,Fast
GTEX-U3ZM-0926-SM-4DXSW,Fast
GTEX-14A5I-0005-SM-5N9FU,Slow
GTEX-XUW1-0526-SM-4BOP3,Fast
GTEX-PWO3-0011-R2A-SM-2S1OX,Slow
GTEX-ZPIC-0626-SM-57WDY,Fast
GTEX-148VI-1126-SM-5S2QW,Fast
GTEX-14C5O-0126-SM-5SI6N,Slow
GTEX-12ZZX-0526-SM-5DUW6,Fast
GTEX-Q2AI-0626-SM-48TZU,Fast
GTEX-PLZ6-1526-SM-2S1OC,Fast
GTEX-12WSK-0526-SM-5CVNA,Fast
GTEX-R55D-0126-SM-48FEL,Fast
GTEX-15SHW-2126-SM-6M46Y,Fast
GTEX-1117F-0726-SM-5GIEN,Slow
GTEX-17F9Y-0126-SM-79OKX,Fast
GTEX-15CHQ-0011-R2b-SM-6AJAD,Slow
GTEX-13NZ9-2626-SM-5L3FK,Fast
GTEX-R55E-0126-SM-2TC5Y,Fast
GTEX-X15G-0826-SM-4PQZD,Fast
GTEX-13W3W-1826-SM-5IJDE,Fast
GTEX-14LLW-0626-SM-62LFC,Slow
GTEX-1A3MW-0006-SM-7MKGU,Slow
GTEX-13FHP-1026-SM-5K7Y2,Slow
GTEX-13111-0326-SM-5DUXF,Fast
GTEX-YB5K-1826-SM-5IFJC,Fast
GTEX-14JG6-1926-SM-6LLIG,Fast
GTEX-NPJ8-0326-SM-2D7VV,Slow
GTEX-17F96-1726-SM-7IGMB,Fast
GTEX-15CHC-1426-SM-5ZZVQ,Fast
GTEX-1497J-0426-SM-5Q5CO,Fast
GTEX-14C5O-0011-R2a-SM-5ZZV2,Slow
GTEX-RWS6-2326-SM-2XCB4,Fast
GTEX-1B8KZ-1926-SM-7DUG8,Fast
GTEX-ZG7Y-1626-SM-5S2NO,Fast
GTEX-111FC-1026-SM-5GZX1,Fast
GTEX-18QFQ-0626-SM-718AW,Fast
GTEX-WQUQ-1826-SM-4OOSD,Fast
GTEX-12WSF-0011-R7b-SM-5HL99,Slow
GTEX-15EO6-0011-R9a-SM-6PALG,Slow
GTEX-PLZ6-0426-SM-5IJDW,Fast
GTEX-S4P3-0926-SM-4AD54,Fast
GTEX-XQ3S-1126-SM-4BOPK,Fast
GTEX-ZTSS-2026-SM-5987K,Fast
GTEX-12WSN-0006-SM-5NQAP,Fast
GTEX-17F9E-2126-SM-7DUFG,Fast
GTEX-ZDYS-0626-SM-5J2N5,Fast
GTEX-15RIF-0626-SM-6LLI3,Fast
GTEX-X15G-2126-SM-4PQZR,Fast
GTEX-16YQH-0626-SM-7938I,Fast
GTEX-ZPIC-2626-SM-57WE2,Fast
GTEX-144GN-0426-SM-5O9AP,Fast
GTEX-1C2JI-1626-SM-7EPHC,Fast
GTEX-ZTPG-0126-SM-5O9AL,Fast
GTEX-ZAB4-0008-SM-4RGM6,Slow
GTEX-14PHX-0826-SM-69LPO,Fast
GTEX-YB5E-1026-SM-5IFI2,Fast
GTEX-X3Y1-1326-SM-4PQZB,Fast
GTEX-X8HC-1626-SM-46MWE,Fast
GTEX-Y8LW-2126-SM-4VBRX,Fast
GTEX-1AMEY-1426-SM-7939I,Fast
GTEX-WI4N-1426-SM-3LK7H,Fast
GTEX-1211K-2326-SM-5FQU7,Fast
GTEX-14753-2926-SM-5LU9J,Slow
GTEX-14JG6-0326-SM-6AJBT,Fast
GTEX-PWCY-0005-SM-33HBP,Fast
GTEX-S341-0826-SM-4AD73,Fast
GTEX-1AX9J-2226-SM-731CW,Fast
GTEX-14PHW-2426-SM-69LPU,Slow
GTEX-ZP4G-2026-SM-57WEH,Fast
GTEX-11DXZ-0726-SM-5N9C4,Fast
GTEX-RWS6-0326-SM-2XCAP,Fast
GTEX-17F97-0226-SM-7LG6Q,Slow
GTEX-1CB4I-2526-SM-7MKG1,Fast
GTEX-131XW-0011-R11a-SM-5DUV9,Slow
GTEX-14DAQ-0426-SM-664MS,Slow
GTEX-14B4R-0006-SM-5O9A7,Fast
GTEX-P4QT-2626-SM-2I3FM,Fast
GTEX-XV7Q-1426-SM-4BRWA,Fast
GTEX-WFG8-0008-SM-4LVN6,Fast
GTEX-ZAB4-0011-R9a-SM-4SOKG,Slow
GTEX-PSDG-1026-SM-48TCV,Fast
GTEX-ZG7Y-1126-SM-4WWEZ,Fast
GTEX-ZA64-2126-SM-5Q5A8,Fast
GTEX-111YS-1426-SM-5GID8,Fast
GTEX-17HGU-0726-SM-7DUFN,Fast
GTEX-Y3IK-0726-SM-4WWE5,Fast
GTEX-13N11-1526-SM-5L3FL,Fast
GTEX-11LCK-0726-SM-5PNYC,Fast
GTEX-YB5E-0426-SM-5IFHR,Fast
GTEX-WEY5-1326-SM-3GILS,Fast
GTEX-ZAB4-0011-R8b-SM-4SOKF,Slow
GTEX-11DXZ-1426-SM-5H12A,Fast
GTEX-12BJ1-1326-SM-5BC5P,Fast
GTEX-133LE-0008-SM-62LDD,Fast
GTEX-ZG7Y-0926-SM-5EQ6O,Fast
GTEX-POMQ-1926-SM-3NB1Y,Fast
GTEX-17JCI-0426-SM-7LG4R,Fast
GTEX-P4PQ-0726-SM-3NMCR,Fast
GTEX-WY7C-2526-SM-3NB2N,Fast
GTEX-1B97J-0926-SM-79ONU,Fast
GTEX-PWO3-0011-R6A-SM-2I5F3,Slow
GTEX-13W46-0626-SM-5LU3N,Fast
GTEX-S4Q7-0826-SM-4AD5E,Fast
GTEX-S4P3-0726-SM-4AD57,Fast
GTEX-1B8KZ-1226-SM-793CP,Fast
GTEX-Y5LM-2326-SM-5S2NK,Fast
GTEX-12WSN-0726-SM-5GCMS,Fast
GTEX-TMMY-0626-SM-33HBD,Fast
GTEX-131XE-0826-SM-5HL9W,Fast
GTEX-P44H-0626-SM-2XCF2,Slow
GTEX-14C5O-0826-SM-5TDEG,Slow
GTEX-Y5LM-0126-SM-4VBRL,Fast
GTEX-139D8-0006-SM-5LZX8,Fast
GTEX-U8T8-2326-SM-3DB96,Fast
GTEX-12WSA-2926-SM-5EQ4D,Slow
GTEX-UPK5-1626-SM-4JBHI,Fast
GTEX-13OVK-2026-SM-7KUEO,Fast
GTEX-1314G-1326-SM-5BC6E,Fast
GTEX-X585-0226-SM-4QAS2,Slow
GTEX-16MT8-0526-SM-6PAM6,Slow
GTEX-PX3G-0526-SM-2I3EM,Fast
GTEX-13OVK-1826-SM-6PALE,Fast
GTEX-XQ8I-1826-SM-4BOOJ,Fast
GTEX-1B8KE-1126-SM-7EPHI,Fast
GTEX-11DXZ-0426-SM-5987Y,Fast
GTEX-ZZ64-0526-SM-5GZXM,Fast
GTEX-X15G-0426-SM-4PQZ6,Fast
GTEX-XBED-0826-SM-47JYC,Fast
GTEX-1C64O-0826-SM-79OKZ,Fast
GTEX-14PHW-1326-SM-6EU1S,Slow
GTEX-14BMU-0826-SM-73KZ8,Fast
GTEX-15UF6-0126-SM-6PAMB,Slow
GTEX-145MN-1926-SM-5SIAI,Fast
GTEX-TSE9-2226-SM-4DXUR,Fast
GTEX-N7MT-0726-SM-3TW8S,Slow
GTEX-T2IS-2926-SM-32QPO,Fast
GTEX-XXEK-2526-SM-4BRUR,Fast
GTEX-11EI6-3126-SM-5H111,Slow
GTEX-111FC-1126-SM-5GZWU,Fast
GTEX-ZTSS-0726-SM-51MSN,Fast
GTEX-13W3W-2826-SM-731E5,Fast
GTEX-12WSJ-0326-SM-5GCMT,Fast
GTEX-146FH-1626-SM-5NQ9H,Fast
GTEX-ZQUD-0326-SM-4YCEN,Fast
GTEX-12WSK-1526-SM-5CVNO,Fast
GTEX-ZP4G-0526-SM-4YCED,Fast
GTEX-11TT1-0005-SM-5NQ8Y,Fast
GTEX-Y114-0426-SM-4TT6V,Fast
GTEX-WH7G-1326-SM-4LVMS,Fast
GTEX-QMR6-0011-R2A-SM-32PKV,Slow
GTEX-12WSF-0011-R1a-SM-5DUVI,Slow
GTEX-132Q8-0008-SM-5ZZUC,Slow
GTEX-ZP4G-0826-SM-4WWF3,Fast
GTEX-12WSK-1026-SM-5CVNR,Fast
GTEX-Y5V6-1926-SM-5IFIL,Fast
GTEX-T2IS-0126-SM-4DM6O,Fast
GTEX-18D9U-0626-SM-7LTA4,Fast
GTEX-14C5O-0326-SM-5ZZUX,Slow
GTEX-12C56-1226-SM-5FQSU,Fast
GTEX-S7PM-0626-SM-4AD4Q,Fast
GTEX-144GM-1726-SM-5O9AS,Fast
GTEX-V955-0005-SM-3P5ZC,Fast
GTEX-11EM3-2426-SM-59861,Fast
GTEX-ZDTT-0006-SM-4WKFP,Fast
GTEX-13NYS-1626-SM-5J2MU,Slow
GTEX-Y5V5-1326-SM-4V6G9,Fast
GTEX-12ZZX-1326-SM-5DUWI,Fast
GTEX-RTLS-0526-SM-2TF64,Slow
GTEX-QLQW-1326-SM-2S1QS,Fast
GTEX-132QS-0126-SM-5IFH9,Fast
GTEX-PWCY-2026-SM-5SI8R,Fast
GTEX-13QBU-0226-SM-5LU48,Fast
GTEX-RUSQ-0826-SM-47JWW,Fast
GTEX-WYVS-0526-SM-3NM9W,Fast
GTEX-1AMFI-0626-SM-731DR,Fast
GTEX-145LV-1026-SM-5O9AE,Fast
GTEX-ZQUD-1526-SM-7IGO2,Fast
GTEX-QLQW-1226-SM-2S1Q9,Fast
GTEX-13PL7-1926-SM-5J1MM,Fast
GTEX-1B97I-0826-SM-731DN,Fast
GTEX-146FR-0126-SM-5Q5F3,Fast
GTEX-S341-0126-SM-4AD64,Fast
GTEX-WHWD-0008-SM-4OOSU,Fast
GTEX-Y3I4-0006-SM-4TT1E,Fast
GTEX-178AV-0926-SM-793BK,Fast
GTEX-16MT8-1826-SM-7EWE8,Slow
GTEX-14E6E-1126-SM-5S2R4,Fast
GTEX-R55D-1226-SM-48FE9,Fast
GTEX-WK11-2426-SM-3NMAA,Fast
GTEX-12WSA-0011-R10b-SM-5P9ET,Slow
GTEX-1117F-3226-SM-5N9CT,Slow
GTEX-1339X-0726-SM-5L3FF,Fast
GTEX-13NZB-2026-SM-5MR4M,Fast
GTEX-12WSG-1226-SM-5EQ4C,Fast
GTEX-11LCK-1626-SM-5PNYB,Fast
GTEX-S32W-1226-SM-4AD67,Fast
GTEX-1AMFI-2326-SM-731CI,Fast
GTEX-132AR-0526-SM-5J2MJ,Fast
GTEX-12WSA-0326-SM-5BC6I,Slow
GTEX-PLZ5-1826-SM-3NB22,Fast
GTEX-11TTK-2726-SM-5GU58,Slow
GTEX-ZEX8-2026-SM-4WKF3,Fast
GTEX-139T8-0226-SM-5L3EA,Slow
GTEX-14E1K-1226-SM-5S2PD,Fast
GTEX-15ER7-0011-R7a-SM-6M46N,Fast
GTEX-ZF2S-0004-SM-4WKFE,Fast
GTEX-ZYFG-1126-SM-5GICY,Fast
GTEX-139D8-0008-SM-5ZZUH,Fast
GTEX-14PKV-0726-SM-686ZF,Fast
GTEX-13113-5007-SM-793CD,Fast
GTEX-11TTK-0226-SM-5N9EC,Slow
GTEX-SNMC-1426-SM-2XCFM,Fast
GTEX-S95S-1326-SM-2XCDK,Fast
GTEX-1CAMS-1626-SM-79394,Fast
GTEX-Y5V6-0003-SM-4V6FX,Fast
GTEX-11P7K-0008-SM-5S2O5,Fast
GTEX-18D9B-2726-SM-72D73,Fast
GTEX-YB5E-0005-SM-4VDSO,Fast
GTEX-14PN3-1926-SM-6EU1Y,Fast
GTEX-YFC4-0008-SM-4RGM3,Fast
GTEX-ZYVF-0826-SM-5E447,Fast
GTEX-15EU6-0726-SM-7KUFU,Fast
GTEX-14E6C-0426-SM-5YYA8,Slow
GTEX-16XZZ-0726-SM-7KUF2,Fast
GTEX-15UF6-2426-SM-7KUME,Slow
GTEX-11I78-1326-SM-5PNY9,Fast
GTEX-NPJ7-2826-SM-2I3FU,Slow
GTEX-13N11-0726-SM-5L3DP,Fast
GTEX-16MT8-0126-SM-7DHLD,Slow
GTEX-117YX-0126-SM-5EGH5,Fast
GTEX-1C4CL-2026-SM-731EB,Fast
GTEX-X3Y1-1126-SM-4PQZ9,Fast
GTEX-NPJ8-0011-R8a-SM-2HMLG,Slow
GTEX-Y8E4-1926-SM-4VBPW,Fast
GTEX-13FHP-0326-SM-5K7U2,Slow
GTEX-WHSB-0008-SM-4M1ZP,Fast
GTEX-12BJ1-2226-SM-5BC6G,Fast
GTEX-12C56-0226-SM-5N9FB,Fast
GTEX-15FZZ-0226-SM-6LLI4,Fast
GTEX-R53T-1326-SM-48FCQ,Fast
GTEX-OXRN-1426-SM-3LK5U,Fast
GTEX-11VI4-1226-SM-5EQMP,Fast
GTEX-1192X-3126-SM-5N9BY,Slow
GTEX-ZYT6-2326-SM-5GZY3,Fast
GTEX-17EVQ-0011-R5a-SM-7LT92,Fast
GTEX-13CF3-0926-SM-5LZZC,Fast
GTEX-WFG8-0626-SM-3GILJ,Fast
GTEX-1C64O-1426-SM-7EWER,Fast
GTEX-ZF28-0011-R10a-SM-4WWEH,Slow
GTEX-13FTX-1026-SM-5J2O5,Fast
GTEX-13X6H-1026-SM-5SIBE,Fast
GTEX-145MH-0011-R3b-SM-5P9JQ,Fast
GTEX-14753-0526-SM-5QGPR,Slow
GTEX-16NGA-1426-SM-718AC,Fast
GTEX-11VI4-2026-SM-5CVLJ,Fast
GTEX-ZP4G-1626-SM-57WGD,Fast
GTEX-RWSA-1326-SM-47JX9,Fast
GTEX-13D11-1526-SM-5J2NA,Fast
GTEX-NL4W-0011-R10A-SM-2I3DY,Slow
GTEX-ZXES-1726-SM-5E43G,Fast
GTEX-X3Y1-2726-SM-4PQZH,Fast
GTEX-QDVJ-1426-SM-48U1Y,Fast
GTEX-12BJ1-1126-SM-5EGGG,Fast
GTEX-REY6-1026-SM-2TF4Y,Fast
GTEX-XMD1-0011-R1A-SM-4AT4C,Slow
GTEX-1399R-2326-SM-5PNYT,Fast
GTEX-ZTPG-1626-SM-5DUX2,Fast
GTEX-PW2O-0426-SM-48TCC,Fast
GTEX-U4B1-0126-SM-4DXSN,Fast
GTEX-RN64-1826-SM-48FDV,Fast
GTEX-13NYS-0011-R5a-SM-5MR4D,Slow
GTEX-Q2AH-1826-SM-2S1Q2,Fast
GTEX-S4Z8-0626-SM-4AD6J,Fast
GTEX-12BJ1-2126-SM-5BC5O,Fast
GTEX-QMRM-0008-SM-447B1,Fast
GTEX-14ICL-1226-SM-5S2RD,Fast
GTEX-NFK9-1326-SM-3LK5I,Fast
GTEX-Y5V5-0001-SM-4V6FZ,Fast
GTEX-WFG8-1026-SM-4LVMZ,Fast
GTEX-ZVZP-0726-SM-59HKA,Fast
GTEX-131XE-1226-SM-5EGKF,Fast
GTEX-ZTPG-1426-SM-51MT3,Fast
GTEX-13FH7-0426-SM-5KM4M,Fast
GTEX-17EVQ-2826-SM-7IGQK,Fast
GTEX-YB5E-0726-SM-4VDSH,Fast
GTEX-15SKB-0926-SM-7KUFC,Fast
GTEX-SNOS-1126-SM-4DM67,Fast
GTEX-WOFM-2126-SM-4OOSR,Fast
GTEX-15CHQ-1526-SM-69LPW,Slow
GTEX-12ZZX-2926-SM-5GCOQ,Fast
GTEX-14B4R-1226-SM-5TDDT,Fast
GTEX-1399U-1826-SM-5PNZ1,Fast
GTEX-131XG-0226-SM-5IFG1,Fast
GTEX-14E6E-2026-SM-664N5,Fast
GTEX-QDVJ-0726-SM-48U1W,Fast
GTEX-17F98-1126-SM-79OJS,Fast
GTEX-WZTO-1626-SM-4PQYR,Fast
GTEX-13RTJ-0126-SM-5S2NN,Slow
GTEX-YFC4-0326-SM-4TT3U,Fast
GTEX-SNMC-0526-SM-4DM69,Fast
GTEX-WHSB-0726-SM-4M1XQ,Fast
GTEX-OXRN-0126-SM-48TDM,Fast
GTEX-18D9A-0326-SM-7LT8L,Fast
GTEX-1CB4F-0926-SM-7DHMJ,Fast
GTEX-11DXX-2726-SM-5PNXO,Fast
GTEX-17F9Y-1026-SM-7IGO4,Fast
GTEX-ZDYS-2226-SM-5S2MI,Fast
GTEX-1B97I-1826-SM-7939W,Fast
GTEX-11XUK-2426-SM-5GU72,Fast
GTEX-1B8KZ-1026-SM-73KYN,Fast
GTEX-14PJO-1826-SM-69LPR,Slow
GTEX-18A67-0626-SM-7KFSL,Fast
GTEX-14H4A-1026-SM-62LDY,Fast
GTEX-12WSJ-1426-SM-5GCON,Fast
GTEX-13VXT-0226-SM-5LU9Q,Fast
GTEX-1C4CL-0126-SM-7IGN5,Fast
GTEX-14A5I-0126-SM-5TDEA,Slow
GTEX-1CAMS-0526-SM-7EWEX,Fast
GTEX-15SHV-1526-SM-6LLIB,Fast
GTEX-14PJ6-1626-SM-6872D,Fast
GTEX-WEY5-0006-SM-3GIKG,Fast
GTEX-1GL5R-1526-SM-7MKHO,Fast
GTEX-13N11-2526-SM-5K7UE,Fast
GTEX-PSDG-1126-SM-2S1ON,Fast
GTEX-15RJE-2726-SM-6LPJ1,Slow
GTEX-XQ8I-0126-SM-4BOPL,Fast
GTEX-1B8KZ-1526-SM-7DUG7,Fast
GTEX-WEY5-0626-SM-4LMIA,Fast
GTEX-11XUK-2126-SM-5EQLR,Fast
GTEX-15CHR-0726-SM-7EPHG,Fast
GTEX-U3ZH-0326-SM-3DB7A,Fast
GTEX-13CF3-0126-SM-5IFFM,Fast
GTEX-X261-0011-R10B-SM-4E3JT,Slow
GTEX-WYBS-0426-SM-3NM9M,Fast
GTEX-11ZU8-2326-SM-5EQMJ,Slow
GTEX-QEG4-1826-SM-4R1JN,Fast
GTEX-QMRM-1226-SM-447C6,Fast
GTEX-16A39-0726-SM-7KUEB,Fast
GTEX-ZDYS-0226-SM-5HL4K,Fast
GTEX-XXEK-0626-SM-4BRWE,Fast
GTEX-WQUQ-1426-SM-3MJFD,Fast
GTEX-ZYVF-1126-SM-5E458,Fast
GTEX-111CU-0926-SM-5EGIK,Fast
GTEX-1B8KZ-2326-SM-7DUG9,Fast
GTEX-X4EP-1626-SM-4QAS6,Slow
GTEX-16AAH-0926-SM-7939B,Fast
GTEX-ZF28-0726-SM-4WKFU,Slow
GTEX-11ZU8-0005-SM-5PNU5,Slow
GTEX-POMQ-2126-SM-2S1OJ,Fast
GTEX-15SB6-0826-SM-7KUMK,Fast
GTEX-PX3G-0426-SM-48U1C,Fast
GTEX-U8XE-0426-SM-3DB91,Slow
GTEX-13FH7-1226-SM-5IJFK,Fast
GTEX-15F5U-1426-SM-7KUN2,Fast
GTEX-ZYVF-0726-SM-5GICF,Fast
GTEX-11EI6-1526-SM-5P9GL,Slow
GTEX-12BJ1-2626-SM-5FQUF,Fast
GTEX-XMD2-0326-SM-4YCD6,Fast
GTEX-14AS3-1526-SM-5Q5ED,Fast
GTEX-13X6K-1626-SM-7EWCX,Slow
GTEX-131XW-3126-SM-5LZUC,Slow
GTEX-ZT9X-1926-SM-57WE7,Fast
GTEX-WY7C-1326-SM-4ONCX,Fast
GTEX-ZGAY-1226-SM-4YCF4,Fast
GTEX-WWTW-0626-SM-4MVNS,Fast
GTEX-13FH7-0826-SM-5J2NW,Fast
GTEX-11P81-2126-SM-5HL6N,Fast
GTEX-111CU-1026-SM-5EGIL,Fast
GTEX-17F97-0126-SM-7LT8N,Slow
GTEX-XQ8I-2126-SM-4BOOM,Fast
GTEX-UJHI-0326-SM-4IHJE,Fast
GTEX-WFJO-0008-SM-4LVN7,Fast
GTEX-Y3IK-0005-SM-4WWDE,Fast
GTEX-1339X-0426-SM-5KLZY,Fast
GTEX-11EI6-0726-SM-59866,Slow
GTEX-ZGAY-0526-SM-4WWBB,Fast
GTEX-ZVZQ-0011-R1a-SM-57WBU,Fast
GTEX-XUW1-0126-SM-4BOOQ,Fast
GTEX-P4QS-0008-SM-48TDY,Fast
GTEX-1AX9J-0126-SM-73KY2,Fast
GTEX-UPK5-1426-SM-4JBHH,Fast
GTEX-QDT8-0011-R9A-SM-5SI8J,Slow
GTEX-ZZPU-1426-SM-5GZZ6,Fast
GTEX-1122O-1926-SM-5EGIQ,Fast
GTEX-17F9E-1026-SM-7DUF1,Fast
GTEX-WEY5-1926-SM-3GIL8,Fast
GTEX-131XG-0526-SM-5DUWF,Fast
GTEX-11DXZ-2626-SM-59882,Fast
GTEX-X8HC-1526-SM-46MWD,Fast
GTEX-13X6H-0626-SM-5LU53,Fast
GTEX-14PJ3-2226-SM-62LFD,Fast
GTEX-XUW1-1126-SM-4BONZ,Fast
GTEX-14PJ3-0126-SM-69LQP,Fast
GTEX-XQ8I-0006-SM-4BOQ5,Fast
GTEX-1211K-0226-SM-59HJY,Fast
GTEX-13111-0526-SM-5LZVF,Fast
GTEX-X261-0626-SM-3NMD9,Slow
GTEX-13FH7-0008-SM-5ZZUJ,Fast
GTEX-18D9U-0526-SM-72D7C,Fast
GTEX-ZPIC-1426-SM-4WWCP,Fast
GTEX-ZTX8-0002-SM-4YCEU,Fast
GTEX-12ZZW-0926-SM-5LZUD,Slow
GTEX-183WM-0126-SM-7LTAB,Slow
GTEX-17JCI-1226-SM-793D9,Fast
GTEX-OIZG-0726-SM-33HBL,Fast
GTEX-WFON-0426-SM-3GIL4,Fast
GTEX-15RIF-0526-SM-6LLI2,Fast
GTEX-15EOM-5007-SM-793DG,Fast
GTEX-14DAQ-2726-SM-5S2QY,Slow
GTEX-12BJ1-1926-SM-5HL9Z,Fast
GTEX-TSE9-0008-SM-4DXT8,Fast
GTEX-XGQ4-1026-SM-4AT4L,Fast
GTEX-15ER7-1626-SM-6PAMZ,Fast
GTEX-13QBU-1726-SM-5IJFQ,Fast
GTEX-YFC4-0426-SM-4TT3J,Fast
GTEX-OIZI-0426-SM-2XCEF,Fast
GTEX-XGQ4-1526-SM-4AT6H,Fast
GTEX-X261-0011-R6B-SM-4E3J8,Slow
GTEX-T6MO-1226-SM-4DM5S,Fast
GTEX-ZVE2-1826-SM-51MRZ,Fast
GTEX-13VXT-1926-SM-5K7UO,Fast
GTEX-ZAB4-0226-SM-5N9F5,Slow
GTEX-13X6K-0011-R8b-SM-5PNZ4,Slow
GTEX-1CB4H-0626-SM-7IGN3,Slow
GTEX-11DXX-0008-SM-5Q5B8,Fast
GTEX-15SHW-0926-SM-6LPIO,Fast
GTEX-14PK6-2326-SM-69LOG,Fast
GTEX-12ZZX-1726-SM-5BC63,Fast
GTEX-14PJN-2226-SM-6872I,Fast
GTEX-16YQH-0726-SM-7IGM1,Fast
GTEX-15RJE-0011-R7a-SM-7DHL9,Slow
GTEX-14XAO-1426-SM-6EU2C,Fast
GTEX-QVUS-0011-R3A-SM-3GAFD,Slow
GTEX-X15G-1626-SM-3NMB3,Fast
GTEX-WRHK-1726-SM-3MJFK,Fast
GTEX-12WSA-0008-SM-5TDC3,Slow
GTEX-11EI6-0326-SM-5EQ6G,Slow
GTEX-ZZPT-1426-SM-5N9C5,Slow
GTEX-R53T-0326-SM-48FEC,Fast
GTEX-XV7Q-0526-SM-4BRWR,Fast
GTEX-14PQA-0011-R4b-SM-6AJBU,Slow
GTEX-14ICL-0826-SM-5YY9W,Fast
GTEX-16XZZ-0826-SM-7IGM3,Fast
GTEX-16XZZ-1426-SM-7KUE3,Fast
GTEX-18A66-2626-SM-72D67,Slow
GTEX-VJYA-0226-SM-4KL1Q,Fast
GTEX-XUZC-1726-SM-4BRWS,Fast
GTEX-13W3W-1426-SM-5LU56,Fast
GTEX-17EVQ-0011-R4b-SM-7LT94,Fast
GTEX-YF7O-0126-SM-5IFIR,Fast
GTEX-12ZZX-0011-R6a-SM-5HL8L,Fast
GTEX-13QBU-1326-SM-5LU4K,Fast
GTEX-Y5LM-0326-SM-4VBRN,Fast
GTEX-131XF-2326-SM-5BC6B,Fast
GTEX-15RIE-0626-SM-6M47G,Fast
GTEX-14E6E-0926-SM-664N8,Fast
GTEX-14PKV-1726-SM-6871U,Fast
GTEX-1399R-1726-SM-5K7YJ,Fast
GTEX-XUZC-1626-SM-4BRVP,Fast
GTEX-T2IS-2026-SM-4DM6W,Fast
GTEX-WFON-0526-SM-4LVLY,Fast
GTEX-1122O-0326-SM-5H124,Fast
GTEX-QDT8-0011-R10A-SM-32PKG,Slow
GTEX-ZLV1-1326-SM-4WWER,Fast
GTEX-S3XE-0326-SM-4AD6L,Fast
GTEX-XUW1-0326-SM-4BOOR,Fast
GTEX-1B932-0626-SM-731EM,Fast
GTEX-PLZ6-0726-SM-3P619,Fast
GTEX-1A3MV-1826-SM-731CD,Fast
GTEX-13FHO-0011-R3b-SM-5K7YA,Fast
GTEX-14DAR-1226-SM-73KYV,Fast
GTEX-RNOR-1426-SM-48FDJ,Fast
GTEX-YFC4-0011-R7b-SM-4V6E2,Fast
GTEX-11P7K-2026-SM-5GU74,Fast
GTEX-ZP4G-1326-SM-5EGIW,Fast
GTEX-ZAB4-0926-SM-5CVN4,Slow
GTEX-183WM-0426-SM-731B1,Slow
GTEX-ZQG8-1026-SM-51MR9,Fast
GTEX-UPK5-0326-SM-5SI81,Fast
GTEX-S7PM-0426-SM-3NM91,Fast
GTEX-11DXX-1526-SM-5H115,Fast
GTEX-VUSG-2626-SM-4KKZI,Fast
GTEX-Y5V5-2526-SM-4VBQ4,Fast
GTEX-XGQ4-1626-SM-4AT6J,Fast
GTEX-ZLFU-1326-SM-4WWET,Fast
GTEX-ZY6K-0626-SM-59HJL,Fast
GTEX-13O61-0426-SM-5L3ET,Fast
GTEX-XV7Q-2426-SM-4BRV8,Fast
GTEX-11NSD-1726-SM-5N9C3,Fast
GTEX-13X6H-0526-SM-5LU4Q,Fast
GTEX-ZQUD-2026-SM-51MSM,Fast
GTEX-132Q8-0006-SM-5NQA4,Slow
GTEX-WY7C-1426-SM-4OND1,Fast
GTEX-1192X-2926-SM-5N9BA,Slow
GTEX-TKQ2-1526-SM-4DXUN,Fast
GTEX-16NGA-0926-SM-718AG,Fast
GTEX-15RIE-0826-SM-6M47X,Fast
GTEX-131XF-1126-SM-5HL8J,Fast
GTEX-14E6E-1226-SM-5S2R5,Fast
GTEX-P44H-0006-SM-2XCFB,Slow
GTEX-ZQUD-0826-SM-57WDQ,Fast
GTEX-U8XE-1526-SM-4E3HT,Slow
GTEX-OIZH-0126-SM-2HMIS,Fast
GTEX-QCQG-1526-SM-48U25,Fast
GTEX-QVJO-0011-R2A-SM-2S1QK,Slow
GTEX-Y114-0826-SM-4TT77,Fast
GTEX-ZLFU-0226-SM-4WWFH,Fast
GTEX-W5X1-0526-SM-3GILH,Fast
GTEX-15EU6-1526-SM-7KUGA,Fast
GTEX-OHPL-1826-SM-2YUN8,Fast
GTEX-139T6-1326-SM-5IFFO,Fast
GTEX-11TT1-0526-SM-5P9JO,Fast
GTEX-12WSK-0008-SM-5YY9R,Fast
GTEX-1AYCT-1126-SM-79OO8,Fast
GTEX-14ICK-1826-SM-69LOP,Fast
GTEX-XUZC-0626-SM-4BOPG,Fast
GTEX-TKQ1-0226-SM-33HB5,Fast
GTEX-ZF29-0426-SM-4WKFN,Fast
GTEX-Y9LG-1326-SM-4VBQB,Fast
GTEX-R45C-0008-SM-48FF2,Fast
GTEX-ZPU1-2426-SM-4WWFM,Fast
GTEX-Y8LW-1126-SM-4VDS4,Fast
GTEX-T2IS-0011-R3A-SM-32QPB,Fast
GTEX-13S86-0326-SM-5SI6K,Fast
GTEX-1497J-1026-SM-5NQAV,Fast
GTEX-OIZG-0526-SM-2HMLF,Fast
GTEX-14DAR-1026-SM-73KV3,Fast
GTEX-OIZI-1126-SM-3NB1F,Fast
GTEX-T8EM-1026-SM-3DB7M,Fast
GTEX-13RTJ-0011-R11a-SM-5O9CK,Slow
GTEX-OXRK-0826-SM-2HMK7,Fast
GTEX-S4Z8-0226-SM-4AD5K,Fast
GTEX-VJYA-0326-SM-3GAEX,Fast
GTEX-NPJ8-0011-R4a-SM-2HML3,Slow
GTEX-148VI-0326-SM-5RQK7,Fast
GTEX-145LS-1326-SM-5Q5EP,Slow
GTEX-YEC3-1326-SM-4WWEL,Fast
GTEX-WRHU-1026-SM-4E3ID,Fast
GTEX-VJYA-2026-SM-4KL1K,Fast
GTEX-XGQ4-0326-SM-4GIEE,Fast
GTEX-ZF2S-1626-SM-57WES,Fast
GTEX-Y5LM-0626-SM-4V6G4,Fast
GTEX-QDT8-0226-SM-32PL4,Slow
GTEX-15EU6-1226-SM-6AJBE,Fast
GTEX-13VXT-1626-SM-5IJES,Fast
GTEX-YB5E-0226-SM-5IFHI,Fast
GTEX-QVJO-3126-SM-4R1KC,Slow
GTEX-O5YT-1826-SM-32PK9,Fast
GTEX-QV31-0726-SM-3GAEG,Fast
GTEX-12C56-1726-SM-5EQ61,Fast
GTEX-183FY-0726-SM-793C3,Fast
GTEX-1C475-0626-SM-73KV9,Fast
GTEX-1399R-2226-SM-5P9JB,Fast
GTEX-ZVP2-1826-SM-5GU62,Fast
GTEX-14XAO-0526-SM-6AJB7,Fast
GTEX-139T6-0826-SM-5J1O2,Fast
GTEX-WEY5-1026-SM-4LMK9,Fast
GTEX-17EUY-0426-SM-793BD,Fast
GTEX-WVJS-0826-SM-4MVNR,Fast
GTEX-POMQ-0006-SM-5SI7D,Fast
GTEX-131XF-1826-SM-5EGKG,Fast
GTEX-133LE-0226-SM-5PNY3,Fast
GTEX-Y9LG-0226-SM-4VBS4,Fast
GTEX-14H4A-0626-SM-5ZZUT,Fast
GTEX-OXRK-0626-SM-2HMJ5,Fast
GTEX-XPVG-2526-SM-4B66D,Fast
GTEX-14E6E-1526-SM-5RQIG,Fast
GTEX-1399R-0926-SM-5J2N8,Fast
GTEX-132AR-2126-SM-5K7XG,Fast
GTEX-XAJ8-0526-SM-47JYK,Fast
GTEX-15DZA-0126-SM-6PAMV,Fast
GTEX-15FZZ-1026-SM-6AJBI,Fast
GTEX-1EH9U-2526-SM-79OO5,Slow
GTEX-ZAB4-2926-SM-57WCV,Slow
GTEX-1AX8Z-2626-SM-731EP,Fast
GTEX-RUSQ-0926-SM-47JWU,Fast
GTEX-17F97-0011-R4b-SM-7KFS2,Slow
GTEX-Z9EW-0326-SM-5CVM8,Fast
GTEX-Y8E4-0003-SM-4V6FY,Fast
GTEX-ZVZQ-1526-SM-5N9G6,Fast
GTEX-YB5K-0003-SM-4VDSN,Fast
GTEX-11ZUS-0008-SM-5S2UO,Fast
GTEX-146FQ-0726-SM-5LUA7,Fast
GTEX-16YQH-0011-R8a-SM-7DUFB,Fast
GTEX-17EVQ-1526-SM-79ONG,Fast
GTEX-V955-0826-SM-5SI82,Fast
GTEX-13OVI-1726-SM-5L3DW,Fast
GTEX-11P7K-2126-SM-5GU7G,Fast
GTEX-WH7G-1126-SM-3NMBK,Fast
GTEX-13D11-0926-SM-5J2NC,Fast
GTEX-RU1J-0126-SM-2TF6Y,Fast
GTEX-16NPX-0005-SM-7MKGG,Fast
GTEX-146FH-1726-SM-5QGQ2,Fast
GTEX-ZYVF-0626-SM-5E43Q,Fast
GTEX-QVUS-0006-SM-3GAE8,Slow
GTEX-XBEW-0002-SM-4AT5O,Fast
GTEX-1AX9J-1126-SM-731B7,Fast
GTEX-145LS-2426-SM-5TDCZ,Slow
GTEX-ZPIC-1726-SM-57WF2,Fast
GTEX-RN64-1626-SM-48FD7,Fast
GTEX-13X6K-0011-R10a-SM-5P9JR,Slow
GTEX-WY7C-1626-SM-4ONC8,Fast
GTEX-17F98-0626-SM-79OMX,Fast
GTEX-1314G-1526-SM-5EGK2,Fast
GTEX-S7SF-1026-SM-4AD4I,Fast
GTEX-WZTO-0011-R3B-SM-3NMC6,Fast
GTEX-13OVI-1426-SM-5L3EY,Fast
GTEX-WHSB-2126-SM-4M1XF,Fast
GTEX-18D9U-0126-SM-731BM,Fast
GTEX-11XUK-2226-SM-5CVLL,Fast
GTEX-1B8KE-2426-SM-73KYE,Fast
GTEX-1A3MV-1626-SM-731C1,Fast
GTEX-O5YT-0007-SM-32PK7,Fast
GTEX-117YX-2526-SM-5EQ4Q,Fast
GTEX-11P7K-2326-SM-5EGKZ,Fast
GTEX-XBEW-0226-SM-4AT6A,Fast
GTEX-15SB6-0726-SM-6M48F,Fast
GTEX-11P81-1026-SM-5GU54,Fast
GTEX-131XF-2526-SM-5EQ68,Fast
GTEX-139D8-2526-SM-5N9G3,Fast
GTEX-1AYCT-2426-SM-7IGQ3,Fast
GTEX-O5YT-1026-SM-3MJGF,Fast
GTEX-131XG-1226-SM-5EGH9,Fast
GTEX-1C2JI-1826-SM-73KXC,Fast
GTEX-147F3-1926-SM-5SIB9,Fast
GTEX-15CHR-0526-SM-79OLJ,Fast
GTEX-11DXZ-2126-SM-59881,Fast
GTEX-11EQ8-0426-SM-5N9DP,Slow
GTEX-11DXX-0226-SM-5P9HL,Fast
GTEX-X3Y1-2626-SM-4PQZI,Fast
GTEX-146FR-0326-SM-5SI8U,Fast
GTEX-V955-2526-SM-4JBJG,Fast
GTEX-UPK5-0003-SM-3NMDI,Fast
GTEX-R53T-0926-SM-3GADH,Fast
GTEX-OIZI-0726-SM-2XCEI,Fast
GTEX-R55E-0726-SM-48FCZ,Fast
GTEX-YFCO-1226-SM-5LUAT,Fast
GTEX-Y3IK-1426-SM-4YCES,Fast
GTEX-YB5K-0126-SM-5IFJ2,Fast
GTEX-11P82-0926-SM-5986X,Fast
GTEX-ZVZP-0008-SM-51MSX,Fast
GTEX-18A67-0826-SM-7KFTI,Fast
GTEX-132QS-0226-SM-5IFFZ,Fast
GTEX-13FTW-2626-SM-5K7WL,Fast
GTEX-183FY-0126-SM-7LT9P,Fast
GTEX-1211K-0008-SM-5S2W1,Fast
GTEX-TMMY-1126-SM-4DXSX,Fast
GTEX-RUSQ-0326-SM-47JWS,Fast
GTEX-QDVN-0226-SM-48TZ9,Fast
GTEX-ZVZP-1226-SM-5GID7,Fast
GTEX-13U4I-2426-SM-5LU34,Fast
GTEX-11EI6-0526-SM-5985S,Slow
GTEX-13RTL-0126-SM-7LG5S,Slow
GTEX-13JUV-2926-SM-5LZX7,Fast
GTEX-QDVN-0008-SM-48U2D,Fast
GTEX-OXRK-1626-SM-3NB17,Fast
GTEX-18QFQ-1826-SM-72D52,Fast
GTEX-ZC5H-0005-SM-4WAXM,Fast
GTEX-14PJ4-1926-SM-6LLHG,Fast
GTEX-U4B1-0826-SM-4DXTW,Fast
GTEX-XBEW-1026-SM-4QARV,Fast
GTEX-UJHI-1026-SM-4IHJP,Fast
GTEX-WYJK-2226-SM-4ONDJ,Fast
GTEX-14E6E-2126-SM-664N6,Fast
GTEX-XBEW-0726-SM-4QARX,Fast
GTEX-WFG7-0326-SM-5SI7L,Fast
GTEX-OIZG-0926-SM-3LK5Y,Fast
GTEX-RUSQ-1826-SM-2TF6E,Fast
GTEX-QLQ7-0526-SM-2I5G3,Fast
GTEX-13VXT-0926-SM-5LU5K,Fast
GTEX-15RJ7-0626-SM-6M47V,Fast
GTEX-12BJ1-1626-SM-5HL8Y,Fast
GTEX-XQ3S-1226-SM-4BOPP,Fast
GTEX-11DXX-1126-SM-5GZZK,Fast
GTEX-WHPG-1226-SM-4M1ZI,Fast
GTEX-OHPN-0008-SM-4E3HW,Fast
GTEX-Q734-1126-SM-48TZY,Fast
GTEX-1399R-2426-SM-5IJFC,Fast
GTEX-OIZH-1426-SM-3NB1O,Fast
GTEX-16XZZ-0006-SM-7MKF5,Fast
GTEX-S7SF-0008-SM-3NM8T,Fast
GTEX-QLQ7-1426-SM-4R1JX,Fast
GTEX-WFG7-2026-SM-5SI7P,Fast
GTEX-VJYA-1326-SM-3GIJC,Fast
GTEX-QV31-1026-SM-4R1K3,Fast
GTEX-13RTJ-2726-SM-73KVG,Slow
GTEX-OHPM-2626-SM-33HC5,Fast
GTEX-R55C-1726-SM-3GADJ,Fast
GTEX-PLZ6-0126-SM-48TC6,Fast
GTEX-ZEX8-1426-SM-4WKHQ,Fast
GTEX-ZQUD-0005-SM-4YCE5,Fast
GTEX-OXRN-2426-SM-2I5EQ,Fast
GTEX-1399U-1526-SM-5J2N7,Fast
GTEX-Y111-1826-SM-4SOIR,Fast
GTEX-13YAN-1526-SM-5LU3E,Fast
GTEX-1B8KE-1826-SM-731FD,Fast
GTEX-11TT1-2526-SM-5EGIB,Fast
GTEX-ZV7C-1326-SM-5BC7G,Fast
GTEX-16MT8-1226-SM-6M488,Slow
GTEX-11P81-2626-SM-5GU6T,Fast
GTEX-ZQUD-0626-SM-51MR2,Fast
GTEX-WXYG-2526-SM-3NB3F,Fast
GTEX-NPJ7-0011-R8a-SM-2I3G2,Slow
GTEX-1399U-2526-SM-5L3DL,Fast
GTEX-14DAR-1126-SM-793AT,Fast
GTEX-15CHC-0726-SM-6AJ9D,Fast
GTEX-1B8KE-2326-SM-7939L,Fast
GTEX-UPK5-1326-SM-4IHLE,Fast
GTEX-12WSL-0926-SM-5N9EK,Fast
GTEX-XYKS-0526-SM-4BRW2,Fast
GTEX-QLQW-0126-SM-447BK,Fast
GTEX-111FC-0326-SM-5GZZ1,Fast
GTEX-1399R-0226-SM-5IJGG,Fast
GTEX-13N11-1826-SM-5IJDS,Fast
GTEX-XBED-2626-SM-4E3J5,Fast
GTEX-QMR6-1426-SM-32PLA,Slow
GTEX-Y9LG-1026-SM-5IFJN,Fast
GTEX-12WSF-0011-R11a-SM-5LZVT,Slow
GTEX-RN64-1026-SM-48FDX,Fast
GTEX-15EOM-2326-SM-7KUMV,Fast
GTEX-Y5V6-2126-SM-4WWFX,Fast
GTEX-QDVN-1626-SM-48TZC,Fast
GTEX-14PK6-1026-SM-664NZ,Fast
GTEX-13O61-2026-SM-5J2M6,Fast
GTEX-13FHO-1626-SM-5IJGB,Fast
GTEX-12WSK-0126-SM-5GCO7,Fast
GTEX-12WSG-5007-SM-7DUGZ,Fast
GTEX-15CHQ-3126-SM-6872B,Slow
GTEX-13X6K-0526-SM-5LU51,Slow
GTEX-S3XE-1526-SM-4AD5A,Fast
GTEX-146FH-2126-SM-5SI9U,Fast
GTEX-OXRN-0011-R5A-SM-2I5EF,Fast
GTEX-13O3P-0126-SM-5KM4S,Slow
GTEX-Y5V5-0726-SM-4VBPY,Fast
GTEX-12WSJ-0726-SM-5GCN6,Fast
GTEX-11TT1-1926-SM-5PNYN,Fast
GTEX-W5X1-2526-SM-3GILC,Fast
GTEX-1B8KE-2526-SM-73KYQ,Fast
GTEX-S341-1426-SM-4AD6U,Fast
GTEX-S95S-0326-SM-4B66U,Fast
GTEX-ZC5H-2626-SM-5J2MG,Fast
GTEX-11P7K-1426-SM-5EGKY,Fast
GTEX-1339X-0826-SM-5J2O6,Fast
GTEX-XMK1-1026-SM-4B65H,Fast
GTEX-145ME-1426-SM-5RQJS,Fast
GTEX-PWN1-1726-SM-2S1O9,Fast
GTEX-11EM3-0926-SM-5A5KK,Fast
GTEX-13W3W-1026-SM-5IFG4,Fast
GTEX-11P7K-1626-SM-5GU63,Fast
GTEX-139T6-0006-SM-5LU92,Fast
GTEX-ZPU1-0426-SM-4WWCA,Fast
GTEX-ZYT6-0626-SM-5E45V,Fast
GTEX-11P7K-1726-SM-5GU6F,Fast
GTEX-WFG8-0326-SM-4LVN4,Fast
GTEX-111FC-1926-SM-5GZYC,Fast
GTEX-SE5C-0626-SM-2XCDV,Fast
GTEX-Y3I4-0426-SM-4TT29,Fast
GTEX-12KS4-2326-SM-5EGJB,Fast
GTEX-1C2JI-1726-SM-73KUW,Fast
GTEX-ZP4G-2326-SM-57WEM,Fast
GTEX-13RTJ-2426-SM-5S2Q2,Slow
GTEX-OXRL-0126-SM-2YUMP,Fast
GTEX-11EI6-0005-SM-5N9GN,Slow
GTEX-S3XE-0008-SM-3NM8O,Fast
GTEX-15ER7-0011-R11a-SM-6LPIL,Fast
GTEX-1B8KZ-0726-SM-7938W,Fast
GTEX-13N1W-0726-SM-5MR57,Fast
GTEX-REY6-0926-SM-48FDA,Fast
GTEX-ZPU1-1126-SM-4YCF3,Fast
GTEX-QDT8-3026-SM-32PKB,Slow
GTEX-11LCK-1226-SM-5Q5AM,Fast
GTEX-ZF28-3126-SM-4WKFC,Slow
GTEX-X8HC-2326-SM-4QAS4,Fast
GTEX-QLQW-0626-SM-447A6,Fast
GTEX-ZXES-0926-SM-5E43O,Fast
GTEX-18A66-2526-SM-7KFTZ,Slow
GTEX-Q2AH-0226-SM-48U1I,Fast
GTEX-1211K-0426-SM-5FQTP,Fast
GTEX-144GO-0226-SM-5LUB1,Slow
GTEX-WFG7-1126-SM-4LMK3,Fast
GTEX-183WM-2626-SM-7KFRY,Slow
GTEX-14AS3-0426-SM-5QGQK,Fast
GTEX-QEG5-1226-SM-447AR,Fast
GTEX-UJMC-0426-SM-4IHJF,Fast
GTEX-RM2N-1126-SM-48FCY,Fast
GTEX-13VXT-0426-SM-5LU57,Fast
GTEX-131XG-1426-SM-5GCMO,Fast
GTEX-T2IS-3126-SM-32QPK,Fast
GTEX-Y8LW-0005-SM-4V6EV,Fast
GTEX-Y3I4-1526-SM-4TT7K,Fast
GTEX-1C2JI-1926-SM-73KXO,Fast
GTEX-12WSL-2026-SM-5GCML,Fast
GTEX-13FTX-0626-SM-5J2NS,Fast
GTEX-13RTJ-3126-SM-5S2Q4,Slow
GTEX-P4PP-1826-SM-2S1NT,Fast
GTEX-Q734-2026-SM-3GADA,Fast
GTEX-12WSL-0626-SM-5GCOY,Fast
GTEX-X62O-1626-SM-46MW9,Fast
GTEX-15EO6-0011-R6a-SM-7KULK,Slow
GTEX-S4Q7-0226-SM-4AD5O,Fast
GTEX-13O3P-0326-SM-5K7VM,Slow
GTEX-11LCK-0926-SM-5A5KA,Fast
GTEX-11TT1-2326-SM-5GU6N,Fast
GTEX-ZF3C-0526-SM-4WWBG,Fast
GTEX-1477Z-0005-SM-5PNWD,Slow
GTEX-15SHV-0326-SM-6M475,Fast
GTEX-1AX8Z-2826-SM-73KTZ,Fast
GTEX-12ZZX-2726-SM-5N9FT,Fast
GTEX-11P81-0006-SM-5NQ7A,Fast
GTEX-Y8LW-0726-SM-5IFI1,Fast
GTEX-U8XE-1926-SM-3DB98,Slow
GTEX-XUZC-0008-SM-4BOQG,Fast
GTEX-QV31-1426-SM-2S1QD,Fast
GTEX-OIZG-0226-SM-2TC5L,Fast
GTEX-XQ3S-0926-SM-4BOPI,Fast
GTEX-XXEK-2426-SM-4BRUS,Fast
GTEX-17F9Y-0526-SM-7EWDC,Fast
GTEX-13D11-2126-SM-5IFH2,Fast
GTEX-WFG8-0926-SM-3GIKJ,Fast
GTEX-15RIF-1526-SM-6M46K,Fast
GTEX-X15G-0526-SM-3NMB7,Fast
GTEX-13FTW-0926-SM-5J2NJ,Fast
GTEX-OIZH-2126-SM-3NB1P,Fast
GTEX-PWCY-2326-SM-2I3EQ,Fast
GTEX-14C5O-2226-SM-5ZZW7,Slow
GTEX-ZLV1-0526-SM-4WWD4,Fast
GTEX-XYKS-1226-SM-4BRVI,Fast
GTEX-WFG7-0826-SM-3GIKU,Fast
GTEX-YEC4-0526-SM-4W21U,Fast
GTEX-XV7Q-2226-SM-4BRVY,Fast
GTEX-XMK1-1826-SM-4B66F,Fast
GTEX-15RIE-2326-SM-7KFSC,Fast
GTEX-1B8KZ-0226-SM-7EWF6,Fast
GTEX-ZLV1-0226-SM-4WWC1,Fast
GTEX-1497J-2326-SM-5NQBK,Fast
GTEX-S4Q7-1326-SM-4AD74,Fast
GTEX-RWSA-0926-SM-47JXW,Fast
GTEX-11DXX-0726-SM-5H12X,Fast
GTEX-13FTX-0326-SM-5J2NG,Fast
GTEX-15G1A-0526-SM-7KUKM,Fast
GTEX-16YQH-3026-SM-79OMM,Fast
GTEX-13FHO-3126-SM-5IJF6,Fast
GTEX-WVJS-0126-SM-4MVOT,Fast
GTEX-11XUK-0726-SM-5EQMX,Fast
GTEX-VJYA-0005-SM-3P5ZD,Fast
GTEX-X62O-0126-SM-4E3JN,Fast
GTEX-13O3P-0226-SM-5KM3Z,Slow
GTEX-15RJE-3026-SM-7KUM1,Slow
GTEX-1339X-2326-SM-5HL5B,Fast
GTEX-12WSN-0126-SM-5DUX5,Fast
GTEX-16MTA-2026-SM-7KUL3,Fast
GTEX-X3Y1-1726-SM-4PQZL,Fast
GTEX-18A66-0326-SM-718BE,Slow
GTEX-131XE-2026-SM-5LZW1,Fast
GTEX-Y114-0326-SM-4TT99,Fast
GTEX-1CAMS-1326-SM-79OJR,Fast
GTEX-111CU-2026-SM-5GZZC,Fast
GTEX-Y5V6-0626-SM-4WWFY,Fast
GTEX-P4QT-1726-SM-2S1NQ,Fast
GTEX-18D9U-1726-SM-7LTA5,Fast
GTEX-T2IS-2226-SM-4DM65,Fast
GTEX-12WSG-1026-SM-5EGII,Fast
GTEX-NFK9-0926-SM-2HMJU,Fast
GTEX-X62O-2226-SM-46MW3,Fast
GTEX-16MT8-0926-SM-6M487,Slow
GTEX-12WSG-5004-SM-7EPG9,Fast
GTEX-14PJ4-1826-SM-5YY97,Fast
GTEX-ZPIC-2026-SM-57WG3,Fast
GTEX-Q734-0226-SM-48U1A,Fast
GTEX-XBEW-1326-SM-4AT63,Fast
GTEX-1399R-0008-SM-5ZZUF,Fast
GTEX-QMRM-1126-SM-447BN,Fast
GTEX-QVJO-0011-R1A-SM-2S1QI,Slow
GTEX-131XG-2026-SM-5GCN5,Fast
GTEX-1117F-3026-SM-5GZYU,Slow
GTEX-RU1J-1726-SM-2TF5S,Fast
GTEX-WYVS-0126-SM-4ONDH,Fast
GTEX-13RTJ-0011-R2a-SM-5PNW9,Slow
GTEX-OOBJ-0826-SM-3NB2K,Fast
GTEX-12ZZX-0011-R5a-SM-5HL89,Fast
GTEX-15CHQ-2526-SM-6EU24,Slow
GTEX-13PL7-1726-SM-5J2NX,Fast
GTEX-XMD3-0008-SM-4AT4V,Fast
GTEX-13FTW-1926-SM-5K7Y4,Fast
GTEX-Y111-2826-SM-4TT3O,Fast
GTEX-Y3IK-2826-SM-4WWDW,Fast
GTEX-ZT9X-0526-SM-5GCOP,Fast
GTEX-X261-0526-SM-4PQYS,Slow
GTEX-XQ8I-2026-SM-4BOOL,Fast
GTEX-12WSJ-0226-SM-5GCP7,Fast
GTEX-15UKP-0226-SM-7KFTD,Fast
GTEX-N7MT-1026-SM-3TW8T,Slow
GTEX-1AYCT-1026-SM-79ONR,Fast
GTEX-15EO6-0011-R3b-SM-7KUDY,Slow
GTEX-ZVT2-1026-SM-5GU55,Fast
GTEX-TMMY-0926-SM-4TT1Z,Fast
GTEX-14H4A-0006-SM-5N9E3,Fast
GTEX-ZAB4-0126-SM-5CVMG,Slow
GTEX-17KNJ-1926-SM-7KFRV,Fast
GTEX-1CAMS-0126-SM-79396,Fast
GTEX-ZAB5-0826-SM-5P9FU,Fast
GTEX-ZLV1-1826-SM-5FQU5,Fast
GTEX-15RIE-1926-SM-7KUKJ,Fast
GTEX-18QFQ-0426-SM-72D7E,Fast
GTEX-1C475-1726-SM-73KVX,Fast
GTEX-WYJK-0426-SM-3NM9G,Fast
GTEX-U3ZH-1726-SM-3DB79,Fast
GTEX-QDT8-0011-R2A-SM-32PKQ,Slow
GTEX-14ICL-0006-SM-5SIAB,Fast
GTEX-XQ8I-1526-SM-4BOOH,Fast
GTEX-11VI4-1726-SM-5CVLH,Fast
GTEX-13OVI-2126-SM-5KM3U,Fast
GTEX-QVUS-0011-R9A-SM-3GIJA,Slow
GTEX-13O21-1926-SM-5MR39,Fast
GTEX-NFK9-0008-SM-4E3JE,Fast
GTEX-YB5K-1726-SM-5IFIZ,Fast
GTEX-QMR6-0011-R1A-SM-32PKW,Slow
GTEX-ZZ64-0826-SM-5E449,Fast
GTEX-14PJ6-0226-SM-6AJ9K,Fast
GTEX-14PJ4-2226-SM-6LLIS,Fast
GTEX-13111-1226-SM-5GCNC,Fast
GTEX-ZQUD-2126-SM-51MSY,Fast
GTEX-ZEX8-1226-SM-5S2OK,Fast
GTEX-15UKP-1426-SM-7KUDX,Fast
GTEX-12WSL-2126-SM-5GCNG,Fast
GTEX-POMQ-0526-SM-3GADD,Fast
GTEX-WYBS-0326-SM-3NM8S,Fast
GTEX-131XF-1026-SM-5BC6A,Fast
GTEX-145LT-0726-SM-5S2VM,Fast
GTEX-ZYVF-1726-SM-5E443,Fast
GTEX-16AAH-0426-SM-7DUFM,Fast
GTEX-VUSG-2326-SM-4KL1U,Fast
GTEX-QLQ7-1026-SM-447BB,Fast
GTEX-117YX-0826-SM-5H11J,Fast
GTEX-16XZY-0126-SM-7IGQ9,Fast
GTEX-ZQUD-1726-SM-51MRQ,Fast
GTEX-13113-0006-SM-5NQ7X,Fast
GTEX-RTLS-2426-SM-46MUO,Slow
GTEX-RNOR-0126-SM-2TF57,Fast
GTEX-W5X1-2626-SM-4LMI8,Fast
GTEX-1B8KE-0226-SM-7EWEK,Fast
GTEX-XPVG-0526-SM-4B65N,Fast
GTEX-Y111-0326-SM-4SOIX,Fast
GTEX-1117F-2426-SM-5EGGH,Slow
GTEX-145LS-0011-R2a-SM-5PNZI,Slow
GTEX-1AX9K-1126-SM-731DQ,Fast
GTEX-RM2N-1626-SM-2TF5N,Fast
GTEX-WZTO-2126-SM-4PQYW,Fast
GTEX-QESD-1426-SM-2S1R9,Fast
GTEX-X4XY-1626-SM-46MVN,Fast
GTEX-139T6-0726-SM-5PNVK,Fast
GTEX-15EO6-3026-SM-7KUMA,Slow
GTEX-X585-0005-SM-46MV3,Slow
GTEX-P4QS-0926-SM-48TBS,Fast
GTEX-1AX8Z-1126-SM-731CS,Fast
GTEX-OIZH-0526-SM-2HMKV,Fast
GTEX-13PVR-2026-SM-73KXT,Fast
GTEX-V1D1-1926-SM-4JBGX,Fast
GTEX-12ZZX-0626-SM-5EQ46,Fast
GTEX-ZTSS-1126-SM-5985O,Fast
GTEX-111YS-1826-SM-5GIEP,Fast
GTEX-13X6I-1026-SM-5LU4C,Slow
GTEX-WFG7-0726-SM-3GIKO,Fast
GTEX-11P81-1926-SM-5BC53,Fast
GTEX-15DZA-2226-SM-7KUMY,Fast
GTEX-146FH-1026-SM-5RQIF,Fast
GTEX-XPT6-2226-SM-4B66R,Fast
GTEX-1AX9K-0926-SM-7939G,Fast
GTEX-12WSF-0011-R6b-SM-5HL8W,Slow
GTEX-XUZC-0326-SM-4BOO8,Fast
GTEX-14PJ6-2126-SM-6EU1V,Fast
GTEX-ZG7Y-0006-SM-4WWEA,Fast
GTEX-ZGAY-1326-SM-5S2NS,Fast
GTEX-U4B1-0006-SM-3DB8E,Fast
GTEX-NPJ8-0011-R7a-SM-2HMJV,Slow
GTEX-R55D-0008-SM-48FEV,Fast
GTEX-ZF28-0011-R1a-SM-4WWD1,Slow
GTEX-13CF3-2226-SM-5J2MX,Fast
GTEX-UPK5-0226-SM-3GAEV,Fast
GTEX-13QBU-0426-SM-5J2O4,Fast
GTEX-14E6C-0011-R9a-SM-6EU33,Slow
GTEX-OHPM-0326-SM-33HCA,Fast
GTEX-TMMY-0008-SM-4DXU3,Fast
GTEX-111YS-1026-SM-5GZYE,Fast
GTEX-OXRO-0126-SM-2YUN4,Slow
GTEX-13O61-2326-SM-5J1NJ,Fast
GTEX-11VI4-0126-SM-5GU6Z,Fast
GTEX-WH7G-0726-SM-3NMBM,Fast
GTEX-17HHE-1026-SM-79ON6,Fast
GTEX-17EVQ-0011-R7a-SM-7EWDA,Fast
GTEX-15SHV-0726-SM-6PAMO,Fast
GTEX-VUSG-0326-SM-3GIJ7,Fast
GTEX-ZZPU-0426-SM-5GZYH,Fast
GTEX-Y8E4-0526-SM-4V6GC,Fast
GTEX-OXRK-0326-SM-3NB3R,Fast
GTEX-ZF28-0126-SM-4WKGK,Slow
GTEX-11ZUS-1426-SM-5FQSP,Fast
GTEX-YEC3-1226-SM-5IFI8,Fast
GTEX-NPJ8-1326-SM-3LK6B,Slow
GTEX-12WSG-0726-SM-5EGIG,Fast
GTEX-UJHI-1526-SM-3DB99,Fast
GTEX-13NZ8-2126-SM-5L3EO,Slow
GTEX-ZAB4-0011-R5a-SM-4SOKC,Slow
GTEX-ZYY3-2226-SM-5E45A,Slow
GTEX-WQUQ-1526-SM-4OOSM,Fast
GTEX-WFON-0626-SM-4LVLX,Fast
GTEX-QXCU-0006-SM-2TC5K,Fast
GTEX-OOBK-0526-SM-2HMJJ,Fast
GTEX-15SHV-0126-SM-6LPIS,Fast
GTEX-14PN3-0526-SM-69LQF,Fast
GTEX-12WSK-0006-SM-5NQA1,Fast
GTEX-PLZ5-0726-SM-2I5F9,Fast
GTEX-11DXZ-0326-SM-5EGH1,Fast
GTEX-1AYD5-0926-SM-793AF,Fast
GTEX-QESD-0226-SM-447BH,Fast
GTEX-111FC-2926-SM-5GZY7,Fast
GTEX-17GQL-2026-SM-718BA,Fast
GTEX-13FTW-0526-SM-5IFIP,Fast
GTEX-PWO3-0011-R1A-SM-2I5EW,Slow
GTEX-WYJK-1026-SM-3NM8W,Fast
GTEX-XV7Q-1526-SM-4BRWB,Fast
GTEX-18D9B-1026-SM-7KFS8,Fast
GTEX-Q2AH-0726-SM-2I3EA,Fast
GTEX-1314G-0005-SM-5NQ9O,Fast
GTEX-YFCO-1926-SM-4W212,Fast
GTEX-16XZZ-0626-SM-6M47T,Fast
GTEX-13FH7-1626-SM-5J2O9,Fast
GTEX-ZF28-0011-R5a-SM-4WWCZ,Slow
GTEX-13113-5016-SM-7EPIP,Fast
GTEX-13FHP-0011-R6b-SM-5LZY6,Slow
GTEX-P4PQ-0426-SM-3NMCI,Fast
GTEX-144GN-0626-SM-5O9B2,Fast
GTEX-YEC4-0426-SM-4W1ZH,Fast
GTEX-X261-3126-SM-4PQZC,Slow
GTEX-17F98-1826-SM-7DUFK,Fast
GTEX-U3ZH-0926-SM-4DXU4,Fast
GTEX-QLQW-0226-SM-447BJ,Fast
GTEX-13OVG-0826-SM-5L3D8,Fast
GTEX-Z9EW-1626-SM-5CVMN,Fast
GTEX-OXRN-2626-SM-48TBX,Fast
GTEX-ZZPU-1226-SM-5N9CK,Fast
GTEX-QDT8-0526-SM-3NMD8,Slow
GTEX-YFC4-3126-SM-5PNV6,Fast
GTEX-133LE-0526-SM-5N9EJ,Fast
GTEX-13N1W-3126-SM-5IFHB,Fast
GTEX-1399R-2626-SM-5KLZ7,Fast
GTEX-ZYFG-0726-SM-5GIDX,Fast
GTEX-X3Y1-0626-SM-3P5YS,Fast
GTEX-1399U-1026-SM-5J1OC,Fast
GTEX-1C475-2026-SM-793CI,Fast
GTEX-ZVT2-0326-SM-5E44G,Fast
GTEX-12126-0426-SM-5Q5AP,Fast
GTEX-QCQG-1826-SM-2S1P2,Fast
GTEX-1A3MX-3026-SM-731BF,Slow
GTEX-1399U-0526-SM-5K7YM,Fast
GTEX-WRHK-0226-SM-4MVOH,Fast
GTEX-1A3MX-1326-SM-72D58,Slow
GTEX-WFG7-2226-SM-3GIKP,Fast
GTEX-XBEW-0926-SM-4QASR,Fast
GTEX-OIZI-0226-SM-2XCEE,Fast
GTEX-ZYY3-2726-SM-5EGH4,Slow
GTEX-QDVN-1226-SM-48TZ5,Fast
GTEX-16BQI-1126-SM-7KULF,Fast
GTEX-13RTL-0011-R3a-SM-5P9JP,Slow
GTEX-15EU6-1126-SM-68721,Fast
GTEX-YF7O-0826-SM-4W21F,Fast
GTEX-Y3I4-0326-SM-4TT28,Fast
GTEX-XXEK-0526-SM-4BRWD,Fast
GTEX-13OVI-0726-SM-5L3DD,Fast
GTEX-Y111-2726-SM-4TT3N,Fast
GTEX-17KNJ-2026-SM-7LG53,Fast
GTEX-14753-0011-R5a-SM-5S2VW,Slow
GTEX-1399S-0006-SM-5NQ7U,Fast
GTEX-1C2JI-0426-SM-79OOF,Fast
GTEX-X5EB-0008-SM-46MU3,Fast
GTEX-132Q8-2926-SM-5IFFP,Slow
GTEX-U3ZH-0002-SM-3NMDD,Fast
GTEX-147F3-0126-SM-5NQBJ,Fast
GTEX-14H4A-1626-SM-5SI69,Fast
GTEX-R55D-0926-SM-3GAEU,Fast
GTEX-ZVZQ-2626-SM-59HLB,Fast
GTEX-YJ8O-2626-SM-5HL8H,Fast
GTEX-Y3IK-2026-SM-4YCDG,Fast
GTEX-12WSL-1826-SM-5LZW9,Fast
GTEX-YFCO-0426-SM-4W1Z7,Fast
GTEX-1B97I-1026-SM-73KVC,Fast
GTEX-OOBK-0126-SM-2YUND,Fast
GTEX-YEC3-1726-SM-5IFIK,Fast
GTEX-RUSQ-0426-SM-47JWR,Fast
GTEX-17F9Y-0926-SM-79OJU,Fast
GTEX-OHPN-2926-SM-3LK65,Fast
GTEX-POMQ-0008-SM-48TE7,Fast
GTEX-ZF2S-1826-SM-4WKFF,Fast
GTEX-PX3G-1026-SM-48TZW,Fast
GTEX-11EM3-0726-SM-5GZZM,Fast
GTEX-ZYFG-1526-SM-5GZYM,Fast
GTEX-17EVQ-0011-R11a-SM-7LT9C,Fast
GTEX-15RJE-2426-SM-6PAM9,Slow
GTEX-14PKU-2126-SM-7LT8A,Fast
GTEX-WYBS-0626-SM-3NMAS,Fast
GTEX-11I78-1026-SM-5HL74,Fast
GTEX-15ER7-0226-SM-7KUEU,Fast
GTEX-11P7K-0326-SM-59871,Fast
GTEX-13QBU-2426-SM-5LU4L,Fast
GTEX-12WSG-0426-SM-5FQSE,Fast
GTEX-ZVZP-1026-SM-5GICI,Fast
GTEX-1211K-1026-SM-5EQ4B,Fast
GTEX-16YQH-2926-SM-6LPJE,Fast
GTEX-WHPG-1426-SM-3NMBB,Fast
GTEX-14PJN-0826-SM-686ZL,Fast
GTEX-ZVZQ-0011-R8a-SM-51MR5,Fast
GTEX-17HHE-1726-SM-79OKT,Fast
GTEX-ZPIC-1926-SM-57WFQ,Fast
GTEX-QDT8-1026-SM-43V6X,Slow
GTEX-11P82-0726-SM-5PNYL,Fast
GTEX-14PKU-2226-SM-7LG5T,Fast
GTEX-YF7O-2226-SM-5CVN8,Fast
GTEX-1B97J-1426-SM-79OLR,Fast
GTEX-14ICL-0326-SM-5S2OS,Fast
GTEX-15CHQ-1126-SM-686YY,Slow
GTEX-1B8KE-2226-SM-7939K,Fast
GTEX-14C38-1726-SM-5RQJC,Fast
GTEX-13CF3-1026-SM-5LZWY,Fast
GTEX-ZTPG-2226-SM-57WF9,Fast
GTEX-15ETS-0426-SM-6PANI,Fast
GTEX-P44H-0326-SM-2XCES,Slow
GTEX-ZF29-2126-SM-4WWB8,Fast
GTEX-11P82-0126-SM-5HL72,Fast
GTEX-YB5E-1826-SM-5IFI4,Fast
GTEX-WYJK-1626-SM-3NM9J,Fast
GTEX-Q2AI-1426-SM-2S1P5,Fast
GTEX-YJ8A-1726-SM-5P9IQ,Fast
GTEX-OXRL-0008-SM-3NB29,Fast
GTEX-13N1W-2426-SM-5IJD1,Fast
GTEX-15ER7-1526-SM-6LLHO,Fast
GTEX-WH7G-0005-SM-3NMBX,Fast
GTEX-ZVT2-1226-SM-5GU5H,Fast
GTEX-QDVJ-1326-SM-48U1X,Fast
GTEX-12WSK-0726-SM-5LZUV,Fast
GTEX-XV7Q-2526-SM-4BRV9,Fast
GTEX-1A3MX-2926-SM-718B7,Slow
GTEX-1399S-2226-SM-5IFEW,Fast
GTEX-WEY5-0526-SM-3GIKZ,Fast
GTEX-Y5LM-0726-SM-4VBRP,Fast
GTEX-15RJE-0926-SM-6LLHZ,Slow
GTEX-14AS3-2226-SM-5S2OX,Fast
GTEX-QEG4-0006-SM-2I5FY,Fast
GTEX-14B4R-0226-SM-5TDDO,Fast
GTEX-R55E-0011-R11A-SM-2TC6I,Fast
GTEX-ZQG8-0005-SM-4YCEH,Fast
GTEX-W5X1-0008-SM-4LMKA,Fast
GTEX-13CF3-0726-SM-5J2MY,Fast
GTEX-11EM3-0626-SM-5H12Z,Fast
GTEX-1EH9U-3226-SM-7MKGR,Slow
GTEX-11P81-2726-SM-59876,Fast
GTEX-17HGU-1726-SM-79OKM,Fast
GTEX-ZYFG-0126-SM-5GIDH,Fast
GTEX-14753-0726-SM-5QGQO,Slow
GTEX-RTLS-0426-SM-2TF5K,Slow
GTEX-13D11-2026-SM-5IJBK,Fast
GTEX-12ZZW-0011-R7a-SM-5DUWC,Slow
GTEX-QDVN-1326-SM-48TZ3,Fast
GTEX-ZLFU-2126-SM-4WWEV,Fast
GTEX-WRHK-0626-SM-4MVOE,Fast
GTEX-WY7C-0126-SM-4ONCO,Fast
GTEX-WFJO-0626-SM-4LVMC,Fast
GTEX-13O61-1526-SM-5KM3P,Fast
GTEX-QXCU-0626-SM-2TC69,Fast
GTEX-Q734-2226-SM-3GAD9,Fast
GTEX-13N11-1126-SM-5KM41,Fast
GTEX-1CB4E-0126-SM-7DHMX,Fast
GTEX-15DCZ-0626-SM-6AJ9I,Fast
GTEX-11DXZ-0226-SM-5EGGZ,Fast
GTEX-ZVZP-0126-SM-5NQ6Q,Fast
GTEX-ZYT6-1426-SM-5E43U,Fast
GTEX-ZV6S-2026-SM-5NQ8P,Fast
GTEX-15CHQ-0011-R1a-SM-6EU31,Slow
GTEX-14753-2526-SM-5LU97,Slow
GTEX-16NGA-0626-SM-72D72,Fast
GTEX-Y8E4-0626-SM-4WWDL,Fast
GTEX-Y8LW-1926-SM-4WWFZ,Fast
GTEX-144GM-0826-SM-5O98R,Fast
GTEX-RUSQ-0226-SM-47JWT,Fast
GTEX-ZEX8-2426-SM-4WKG4,Fast
GTEX-VUSG-0006-SM-3GIK9,Fast
GTEX-WYJK-1126-SM-3NM9Z,Fast
GTEX-PWN1-2426-SM-48TDD,Fast
GTEX-14PN3-1126-SM-69LOR,Fast
GTEX-16XZZ-0011-R1a-SM-7LTAH,Fast
GTEX-V955-1926-SM-4KL1L,Fast
GTEX-132AR-1726-SM-5EGHQ,Fast
GTEX-WFG8-1126-SM-4LVN1,Fast
GTEX-W5X1-0426-SM-3GILB,Fast
GTEX-145LS-0011-R10a-SM-5PNUQ,Slow
GTEX-XV7Q-0926-SM-4BRVQ,Fast
GTEX-1122O-0426-SM-5H12G,Fast
GTEX-13IVO-0126-SM-5J1NG,Slow
GTEX-V1D1-0826-SM-3P5ZA,Fast
GTEX-YFC4-0011-R8a-SM-4SOK3,Fast
GTEX-YJ8O-2526-SM-5HL85,Fast
GTEX-YEC3-2126-SM-4YCDB,Fast
GTEX-ZPU1-2126-SM-57WED,Fast
GTEX-ZYT6-1126-SM-5GZYR,Fast
GTEX-WHWD-0003-SM-4M1ZS,Fast
GTEX-13X6H-1726-SM-5Q5EH,Fast
GTEX-T6MO-1526-SM-4DM57,Fast
GTEX-11TT1-2626-SM-5EGL2,Fast
GTEX-17EVQ-1726-SM-7LT9R,Fast
GTEX-ZF3C-1326-SM-5A5MF,Fast
GTEX-17MFQ-1926-SM-793A6,Fast
GTEX-NPJ8-0011-R3a-SM-2HMIW,Slow
GTEX-14BMU-1726-SM-5TDE8,Fast
GTEX-Q2AI-0926-SM-48U1F,Fast
GTEX-VJYA-0726-SM-4KL1T,Fast
GTEX-O5YT-0326-SM-32PKA,Fast
GTEX-13CF3-1526-SM-5J2NB,Fast
GTEX-TSE9-0326-SM-3DB82,Fast
GTEX-14PHW-0526-SM-6LLIP,Slow
GTEX-ZQUD-0008-SM-4YCCU,Fast
GTEX-XXEK-0005-SM-4BRWJ,Fast
GTEX-ZPU1-0926-SM-57WDO,Fast
GTEX-1B97J-0226-SM-79392,Fast
GTEX-15EO6-3126-SM-6LPIQ,Slow
GTEX-14PJO-2926-SM-686ZI,Slow
GTEX-178AV-0826-SM-7KUET,Fast
GTEX-18A67-2226-SM-7LT9Z,Fast
GTEX-14DAR-2026-SM-5S2O3,Fast
GTEX-14PJO-0011-R2a-SM-5ZZVF,Slow
GTEX-QVUS-0011-R8A-SM-3GAD7,Slow
GTEX-15EO6-0926-SM-6M48N,Slow
GTEX-OIZH-1326-SM-3NB1H,Fast
GTEX-Y3IK-2726-SM-4WWDV,Fast
GTEX-Q2AH-0926-SM-48TZK,Fast
GTEX-14PK6-1326-SM-686ZE,Fast
GTEX-ZVTK-0006-SM-57WBK,Fast
GTEX-PLZ5-1626-SM-3NB21,Fast
GTEX-13W3W-2426-SM-5LU5B,Fast
GTEX-Y5V6-0326-SM-4VBRW,Fast
GTEX-13OVI-1126-SM-5KLZF,Fast
GTEX-QLQ7-0126-SM-4R1JW,Fast
GTEX-S4P3-0326-SM-4AD6P,Fast
GTEX-17EVQ-0426-SM-7LG57,Fast
GTEX-ZYT6-1626-SM-5E45R,Fast
GTEX-PSDG-1326-SM-48TD2,Fast
GTEX-11EM3-1126-SM-5A5KM,Fast
GTEX-1C64O-2026-SM-7IGPA,Fast
GTEX-PWO3-1026-SM-2I5F2,Slow
GTEX-OHPL-0008-SM-4E3I9,Fast
GTEX-OXRK-1426-SM-3NB19,Fast
GTEX-V1D1-0926-SM-4JBHQ,Fast
GTEX-1F5PL-2326-SM-7MKFC,Fast
GTEX-144GM-1226-SM-5LU52,Fast
GTEX-12ZZX-0008-SM-5YY9N,Fast
GTEX-13JUV-2426-SM-5J1NS,Fast
GTEX-13FTW-1226-SM-5LZZ1,Fast
GTEX-QMRM-0326-SM-4R1K5,Fast
GTEX-16A39-1226-SM-7KUEQ,Fast
GTEX-WH7G-0008-SM-4LVNM,Fast
GTEX-14E1K-1826-SM-793DT,Fast
GTEX-N7MT-0011-R3a-SM-2I3GC,Slow
GTEX-145MN-0726-SM-5NQBH,Fast
GTEX-PLZ6-1426-SM-5S2TR,Fast
GTEX-12WSK-2626-SM-5GCOT,Fast
GTEX-11I78-2626-SM-5Q5AI,Fast
GTEX-ZQG8-1226-SM-51MRX,Fast
GTEX-XAJ8-1126-SM-47JYA,Fast
GTEX-13D11-1326-SM-5IJFY,Fast
GTEX-ZLV1-0426-SM-4WWC2,Fast
GTEX-T6MO-1126-SM-4DM5D,Fast
GTEX-12WSA-1126-SM-5EGKU,Slow
GTEX-ZA64-2226-SM-5Q5A9,Fast
GTEX-12WSK-0426-SM-5GCNS,Fast
GTEX-1CB4E-1026-SM-793AB,Fast
GTEX-WFG7-1526-SM-4LVMG,Fast
GTEX-YB5K-0726-SM-5LU8R,Fast
GTEX-ZQG8-2126-SM-4YCF1,Fast
GTEX-QMRM-1626-SM-4R1KV,Fast
GTEX-139T8-1026-SM-5J2MC,Slow
GTEX-15EOM-0126-SM-7KUGG,Fast
GTEX-YFCO-1026-SM-5LU9S,Fast
GTEX-VUSG-1726-SM-4KKZL,Fast
GTEX-16NPV-1526-SM-7KUL6,Slow
GTEX-X15G-1026-SM-4PQZF,Fast
GTEX-S4Q7-0008-SM-3NM8A,Fast
GTEX-Y5LM-1126-SM-4VDT5,Fast
GTEX-11EQ8-0006-SM-5P9HJ,Slow
GTEX-Y5V6-0426-SM-4VBRZ,Fast
GTEX-13YAN-1926-SM-7EPH9,Fast
GTEX-XBED-1226-SM-4AT5V,Fast
GTEX-PX3G-0826-SM-48TZS,Fast
GTEX-1477Z-1526-SM-5SI9V,Slow
GTEX-QV31-0326-SM-447BM,Fast
GTEX-ZPU1-0726-SM-5HL6O,Fast
GTEX-13CF3-0526-SM-5IJBV,Fast
GTEX-14A5I-0326-SM-5NQ9J,Slow
GTEX-X4XY-0526-SM-46MW1,Fast
GTEX-18464-0011-R8a-SM-72D4Z,Slow
GTEX-14PN3-0726-SM-6EU14,Fast
GTEX-15EO6-2426-SM-6PALZ,Slow
GTEX-1AX9J-0226-SM-73KXM,Fast
GTEX-13OVI-2026-SM-5J1MU,Fast
GTEX-XQ8I-0826-SM-4BOOE,Fast
GTEX-R55D-0626-SM-3GAD5,Fast
GTEX-17MFQ-1226-SM-7KFSA,Fast
GTEX-15ER7-0726-SM-7KUMF,Fast
GTEX-S341-1526-SM-4AD6K,Fast
GTEX-13O21-3126-SM-5J1OI,Fast
GTEX-13IVO-0011-R5a-SM-5L3CY,Slow
GTEX-XQ8I-2426-SM-4WAXY,Fast
GTEX-S4UY-0726-SM-4AD6X,Fast
GTEX-P4PQ-1026-SM-3NMCN,Fast
GTEX-OHPN-0005-SM-2YUML,Fast
GTEX-1CB4E-2126-SM-793AP,Fast
GTEX-183WM-2526-SM-731BP,Slow
GTEX-REY6-0826-SM-2TF4S,Fast
GTEX-RTLS-1126-SM-46MUQ,Slow
GTEX-QV44-1126-SM-4R1KO,Fast
GTEX-14E1K-2126-SM-793DU,Fast
GTEX-13U4I-0926-SM-5LU5A,Fast
GTEX-11XUK-2026-SM-5EQLF,Fast
GTEX-145LV-2326-SM-5LU8Z,Fast
GTEX-WYVS-1826-SM-4OND6,Fast
GTEX-1399S-1626-SM-5P9GI,Fast
GTEX-Y5LM-1026-SM-4VDSQ,Fast
GTEX-15SHW-0626-SM-6PALH,Fast
GTEX-OIZH-0326-SM-2HMKC,Fast
GTEX-ZYT6-0926-SM-5GIEM,Fast
GTEX-13W3W-0005-SM-5SI9Y,Fast
GTEX-XAJ8-0826-SM-47JY6,Fast
GTEX-ZEX8-1026-SM-4WKHE,Fast
GTEX-15SB6-0126-SM-6LPJR,Fast
GTEX-16NPV-2526-SM-6M483,Slow
GTEX-13QJ3-0526-SM-5QGQY,Fast
GTEX-132AR-0726-SM-5EQ6J,Fast
GTEX-VUSG-1426-SM-3GIJN,Fast
GTEX-Q2AH-1226-SM-48TZL,Fast
GTEX-15SDE-0826-SM-6M463,Fast
GTEX-13RTJ-2926-SM-5Q5DE,Slow
GTEX-ZQG8-0726-SM-5P9H9,Fast
GTEX-131XF-0626-SM-5GIDS,Fast
GTEX-XBED-0008-SM-47JWO,Fast
GTEX-14XAO-1926-SM-6ETZO,Fast
GTEX-14A5I-1326-SM-5SIAQ,Slow
GTEX-1C4CL-2126-SM-7IGQC,Fast
GTEX-Y9LG-1126-SM-4VBQ7,Fast
GTEX-11DXX-2026-SM-5EGJL,Fast
GTEX-15RJE-2626-SM-7KFT1,Slow
GTEX-ZV7C-0426-SM-51MQY,Fast
GTEX-S32W-2026-SM-4AD6E,Fast
GTEX-132AR-2826-SM-5IJFV,Fast
GTEX-18A67-0526-SM-7LT9X,Fast
GTEX-1C64O-2226-SM-73KTV,Fast
GTEX-1AYCT-0326-SM-73KVN,Fast
GTEX-12C56-0426-SM-5FQU1,Fast
GTEX-ZDYS-1126-SM-5K7UB,Fast
GTEX-ZA64-1226-SM-5HL7B,Fast
GTEX-U8T8-0126-SM-3DB94,Fast
GTEX-WFJO-1026-SM-3GIKL,Fast
GTEX-131XW-0006-SM-5O9AO,Slow
GTEX-17GQL-1526-SM-7LTAC,Fast
GTEX-15RIE-0526-SM-7KUF9,Fast
GTEX-ZT9W-0005-SM-4YCEG,Fast
GTEX-14BMU-2426-SM-5RQIJ,Fast
GTEX-13QBU-2326-SM-5LU49,Fast
GTEX-13W3W-0326-SM-731DS,Fast
GTEX-11ZUS-0926-SM-5FQSY,Fast
GTEX-YF7O-0226-SM-5IFJ4,Fast
GTEX-S7PM-0011-R5A-SM-3NM8G,Fast
GTEX-1AX8Z-2426-SM-72D7D,Fast
GTEX-WXYG-2026-SM-4E3IY,Fast
GTEX-1122O-0926-SM-5N9C9,Fast
GTEX-17HHE-0526-SM-7DUGR,Fast
GTEX-17HHE-2326-SM-793C5,Fast
GTEX-14E1K-0226-SM-62LDT,Fast
GTEX-13X6K-3026-SM-5QGPA,Slow
GTEX-X585-2526-SM-4QAS1,Slow
GTEX-146FH-1926-SM-5Q5B2,Fast
GTEX-15RJ7-2126-SM-6PAMD,Fast
GTEX-ZTX8-0008-SM-4YCDV,Fast
GTEX-1117F-0626-SM-5N9CS,Slow
GTEX-145LS-0226-SM-5O9A5,Slow
GTEX-16MTA-2126-SM-6PALC,Fast
GTEX-QDVJ-0826-SM-48U1S,Fast
GTEX-S4Q7-1226-SM-4AD5I,Fast
GTEX-S4Z8-1226-SM-4AD6W,Fast
GTEX-17F98-0226-SM-793BV,Fast
GTEX-17F9E-0926-SM-7IGMG,Fast
GTEX-13S86-0005-SM-5NQ7I,Fast
GTEX-14DAQ-2326-SM-5S2QX,Slow
GTEX-T5JW-1626-SM-3GADZ,Fast
GTEX-18A66-2426-SM-7KFSQ,Slow
GTEX-145LT-0826-SM-5S2QL,Fast
GTEX-ZT9W-0003-SM-4YCE6,Fast
GTEX-QDT8-0126-SM-48TZ1,Slow
GTEX-13RTJ-1126-SM-5S2UJ,Slow
GTEX-U3ZN-1626-SM-4DXTZ,Fast
GTEX-14PQA-0011-R8b-SM-6AJAB,Slow
GTEX-14DAR-1426-SM-5RQIR,Fast
GTEX-15UKP-0526-SM-7KFRO,Fast
GTEX-ZZPU-0126-SM-5E446,Fast
GTEX-1314G-0126-SM-5LZUL,Fast
GTEX-13FHP-3026-SM-5IJBS,Slow
GTEX-YB5K-0005-SM-4VDSP,Fast
GTEX-XMD2-1026-SM-4WWE8,Fast
GTEX-178AV-0526-SM-6LPJH,Fast
GTEX-QDVJ-2126-SM-5S2U2,Fast
GTEX-14A5I-3026-SM-5TDEC,Slow
GTEX-TMMY-0126-SM-4DXTP,Fast
GTEX-YEC4-1526-SM-4W1YU,Fast
GTEX-QLQ7-1926-SM-2S1R6,Fast
GTEX-11I78-0826-SM-5A5K4,Fast
GTEX-SNMC-1126-SM-4DM5M,Fast
GTEX-145MN-2326-SM-5SIB7,Fast
GTEX-15DCZ-1126-SM-6871O,Fast
GTEX-ZYVF-0226-SM-5GIEG,Fast
GTEX-W5WG-2226-SM-4LMI3,Fast
GTEX-11I78-1126-SM-5A5K5,Fast
GTEX-144GM-1426-SM-5LU31,Fast
GTEX-12WSK-1426-SM-5CVNN,Fast
GTEX-13IVO-0011-R8a-SM-5L3DY,Slow
GTEX-13OVG-1326-SM-5K7Y3,Fast
GTEX-Y3I4-0008-SM-4TT21,Fast
GTEX-13FTW-0005-SM-5LZVZ,Fast
GTEX-131XF-2426-SM-5BC6C,Fast
GTEX-P4PP-2026-SM-3P61N,Fast
GTEX-Q2AI-1326-SM-2S1PL,Fast
GTEX-S3XE-1126-SM-4AD4N,Fast
GTEX-WFON-1426-SM-4LVMT,Fast
GTEX-1AMFI-1526-SM-73KVY,Fast
GTEX-P4PP-0226-SM-5S2VR,Fast
GTEX-18D9A-1526-SM-7LG4J,Fast
GTEX-13NYS-0011-R11b-SM-5MR4P,Slow
GTEX-11ZTT-1726-SM-5EQL4,Fast
GTEX-14PJ2-2026-SM-6AJAQ,Fast
GTEX-13PVR-0426-SM-5RQK2,Fast
GTEX-14A5I-2426-SM-5Q5CP,Slow
GTEX-Y8LW-0626-SM-4VDS8,Fast
GTEX-R55G-0326-SM-48FDM,Fast
GTEX-VJYA-1226-SM-3GIJ6,Fast
GTEX-15DCZ-2326-SM-6AJB1,Fast
GTEX-XGQ4-0008-SM-4AT3Z,Fast
GTEX-13111-1326-SM-5GCNO,Fast
GTEX-14PJ6-2626-SM-6EU2T,Fast
GTEX-13FHO-0726-SM-5IJDG,Fast
GTEX-13NYS-0726-SM-5J1OR,Slow
GTEX-TML8-0726-SM-4DXTT,Fast
GTEX-12126-0626-SM-5Q5AQ,Fast
GTEX-17F98-0526-SM-79OK5,Fast
GTEX-16XZZ-0011-R11a-SM-7EPI3,Fast
GTEX-NPJ8-1426-SM-3MJHR,Slow
GTEX-ZVTK-0826-SM-5GZXI,Fast
GTEX-XUZC-0926-SM-4BOQF,Fast
GTEX-XMK1-2526-SM-4B666,Fast
GTEX-Y5LM-0226-SM-4VBRM,Fast
GTEX-13O21-0426-SM-5K7VR,Fast
GTEX-16BQI-1026-SM-7KUEA,Fast
GTEX-YF7O-2426-SM-5IFJL,Fast
GTEX-QESD-2026-SM-447BI,Fast
GTEX-QLQ7-0326-SM-4R1JV,Fast
GTEX-T6MO-1026-SM-4DM72,Fast
GTEX-ZZPT-0926-SM-5GICZ,Slow
GTEX-12ZZX-2126-SM-5LZVL,Fast
GTEX-16XZZ-0011-R10b-SM-7LT91,Fast
GTEX-XGQ4-1226-SM-4AT67,Fast
GTEX-14C5O-2526-SM-73KU2,Slow
GTEX-S341-0426-SM-4AD5L,Fast
GTEX-T8EM-0826-SM-4DM76,Fast
GTEX-W5X1-0001-SM-3P61V,Fast
GTEX-ZF29-1326-SM-4WWB6,Fast
GTEX-1122O-1326-SM-5H11F,Fast
GTEX-15CHQ-2626-SM-686YZ,Slow
GTEX-111YS-2226-SM-5987P,Fast
GTEX-13U4I-2626-SM-5SI9C,Fast
GTEX-16YQH-3126-SM-79OJZ,Fast
GTEX-139YR-1026-SM-5LZYN,Fast
GTEX-139YR-1726-SM-5IFFK,Fast
GTEX-13QBU-1526-SM-5LU3W,Fast
GTEX-U3ZH-1126-SM-4DXUG,Fast
GTEX-ZGAY-1126-SM-4WWBS,Fast
GTEX-X4EP-1426-SM-4PQZP,Slow
GTEX-Y9LG-0726-SM-4VDS3,Fast
GTEX-T5JW-0126-SM-4DM6K,Fast
GTEX-13OVG-1426-SM-5K7VP,Fast
GTEX-14XAO-1226-SM-6EU1C,Fast
GTEX-145LT-1826-SM-5QGP4,Fast
GTEX-14E1K-0126-SM-664NL,Fast
GTEX-ZVT2-1926-SM-5GU5T,Fast
GTEX-1AMFI-1426-SM-731EL,Fast
GTEX-1AMEY-0926-SM-72D6G,Fast
GTEX-15DZA-0526-SM-6LPKE,Fast
GTEX-13PDP-0126-SM-5L3HD,Slow
GTEX-15UF6-2026-SM-6LPI3,Slow
GTEX-OXRL-1626-SM-2YUMU,Fast
GTEX-13X6K-2926-SM-5Q5D5,Slow
GTEX-XPT6-0126-SM-4B65S,Fast
GTEX-11I78-0126-SM-5HL6F,Fast
GTEX-Y3I4-1326-SM-4TT8Z,Fast
GTEX-1314G-1626-SM-5EQ67,Fast
GTEX-15RJE-0011-R6a-SM-7DHL8,Slow
GTEX-RM2N-1826-SM-2TF5B,Fast
GTEX-14PHY-1126-SM-664OR,Fast
GTEX-WY7C-1926-SM-4ONCI,Fast
GTEX-15RIG-0426-SM-7KUF4,Fast
GTEX-13NZ8-1626-SM-5IJBC,Slow
GTEX-11TT1-0004-SM-5S2NT,Fast
GTEX-PLZ6-0008-SM-48TD5,Fast
GTEX-17F97-0426-SM-7LT9U,Slow
GTEX-T2IS-0926-SM-4DM5B,Fast
GTEX-11ZUS-0526-SM-59884,Fast
GTEX-12C56-0826-SM-5EGJ5,Fast
GTEX-ZAB5-2126-SM-5K7UN,Fast
GTEX-13PVR-1226-SM-5RQJ2,Fast
GTEX-13S86-0526-SM-5QGPZ,Fast
GTEX-PX3G-2526-SM-48TZV,Fast
GTEX-14DAR-0326-SM-5S2PS,Fast
GTEX-14PJ3-1626-SM-664O5,Fast
GTEX-17F9E-1126-SM-79OMO,Fast
GTEX-13FHP-0011-R11b-SM-5LZXP,Slow
GTEX-146FQ-0826-SM-5LUAJ,Fast
GTEX-18D9U-1926-SM-7KFTM,Fast
GTEX-WHSB-0326-SM-5FQSD,Fast
GTEX-14PJ4-0126-SM-62LEZ,Fast
GTEX-X585-0011-R5A-SM-46MVI,Slow
GTEX-13OVG-2126-SM-5KM1K,Fast
GTEX-S341-0006-SM-3NM8D,Fast
GTEX-QV44-0326-SM-4R1KD,Fast
GTEX-12WSG-2526-SM-5EQ4O,Fast
GTEX-TML8-1126-SM-4DXSS,Fast
GTEX-13FH7-0126-SM-5KLZ1,Fast
GTEX-XMK1-0005-SM-4B665,Fast
GTEX-X585-3126-SM-4QASH,Slow
GTEX-X4XX-0126-SM-3NMC2,Slow
GTEX-14PJ5-0626-SM-6LLIJ,Fast
GTEX-17KNJ-0826-SM-793A4,Fast
GTEX-SNMC-1626-SM-4DM52,Fast
GTEX-1CB4I-0326-SM-7DHMM,Fast
GTEX-11P7K-0826-SM-5BC5F,Fast
GTEX-13W3W-1626-SM-5LU35,Fast
GTEX-146FR-0226-SM-5Q5F6,Fast
GTEX-VJYA-1126-SM-3GIJU,Fast
GTEX-17KNJ-2226-SM-7LG6W,Fast
GTEX-WFG7-1326-SM-4LMK1,Fast
GTEX-1F48J-2926-SM-7MKG4,Slow
GTEX-QCQG-2026-SM-2S1PH,Fast
GTEX-14PJ4-0926-SM-5YY98,Fast
GTEX-15RIF-1826-SM-6M469,Fast
GTEX-1AMEY-0726-SM-72D5X,Fast
GTEX-QMR6-1926-SM-32PL9,Slow
GTEX-ZDYS-0926-SM-4WWCS,Fast
GTEX-QVUS-0011-R1A-SM-3GAD2,Slow
GTEX-133LE-0726-SM-5P9IZ,Fast
GTEX-13N1W-0011-R3a-SM-5MR5E,Fast
GTEX-13QBU-1226-SM-5LU4G,Fast
GTEX-1B932-2626-SM-73KWR,Fast
GTEX-YEC3-1426-101806-SM-5PNXX,Fast
GTEX-145LT-1726-SM-5QGP3,Fast
GTEX-XXEK-0004-SM-4BRWO,Fast
GTEX-145ME-0126-SM-5S2QM,Fast
GTEX-WHPG-1626-SM-4M1ZL,Fast
GTEX-139T8-0526-SM-5KLZL,Slow
GTEX-UJHI-0126-SM-4IHLP,Fast
GTEX-OHPN-0011-R9A-SM-5TDEJ,Fast
GTEX-13O61-1826-SM-5KM4I,Fast
GTEX-13FHP-2426-SM-5KLZ5,Slow
GTEX-ZPCL-1226-SM-4WWFF,Fast
GTEX-XPT6-0226-SM-4B65L,Fast
GTEX-R55G-0226-SM-48FEI,Fast
GTEX-14A6H-2026-SM-5Q5DD,Fast
GTEX-1C64O-2126-SM-7IGPB,Fast
GTEX-ZVP2-1326-SM-57WCE,Fast
GTEX-1A3MV-2126-SM-718BV,Fast
GTEX-R55G-0926-SM-48FDN,Fast
GTEX-139YR-0008-SM-5ZZUM,Fast
GTEX-TKQ2-0006-SM-33HBH,Fast
GTEX-13JUV-2826-SM-5LZWU,Fast
GTEX-12ZZW-0011-R10b-SM-5HL9X,Slow
GTEX-U3ZN-0526-SM-4DXTH,Fast
GTEX-PSDG-0626-SM-2S1OE,Fast
GTEX-RUSQ-0526-SM-2TF72,Fast
GTEX-13111-2326-SM-5LZUQ,Fast
GTEX-15RIF-0926-SM-7KUKP,Fast
GTEX-QV44-1825-SM-447CF,Fast
GTEX-PWCY-2226-SM-2S1OP,Fast
GTEX-11VI4-1926-SM-5CVLI,Fast
GTEX-Y114-0006-SM-4TT76,Fast
GTEX-XV7Q-2326-SM-4BRVZ,Fast
GTEX-SNOS-1726-SM-32PLN,Fast
GTEX-YEC3-0226-SM-5IFJO,Fast
GTEX-17EVQ-0226-SM-7LG4P,Fast
GTEX-14PII-0226-SM-6EU1T,Slow
GTEX-ZPCL-2026-SM-57WFD,Fast
GTEX-14DAQ-0326-SM-664MR,Slow
GTEX-14XAO-0926-SM-69LPZ,Fast
GTEX-145MH-1026-SM-5Q5CI,Fast
GTEX-12BJ1-0008-SM-5TDBZ,Fast
GTEX-OOBJ-1026-SM-3NB2L,Fast
GTEX-YB5E-0626-SM-4VDSE,Fast
GTEX-XPVG-1526-SM-4B66C,Fast
GTEX-RM2N-0726-SM-48FD5,Fast
GTEX-13JUV-0626-SM-5J1MQ,Fast
GTEX-1C2JI-0326-SM-7EWFD,Fast
GTEX-14H4A-0926-SM-5ZZUU,Fast
GTEX-15ER7-1426-SM-6PAMA,Fast
GTEX-14PJ6-0826-SM-686Z9,Fast
GTEX-ZZ64-1526-SM-5E43K,Fast
GTEX-XBED-1526-SM-4AT5W,Fast
GTEX-11XUK-2326-SM-5CVLM,Fast
GTEX-ZV6S-0226-SM-59HJT,Fast
GTEX-14PJ4-1126-SM-5YY91,Fast
GTEX-13PDP-0011-R8b-SM-5O9CS,Slow
GTEX-Y5V6-0008-SM-4V6FV,Fast
GTEX-TKQ2-1826-SM-33HB2,Fast
GTEX-YEC4-0926-SM-5PNXY,Fast
GTEX-1B8KE-2026-SM-73KYL,Fast
GTEX-QDT8-0011-R4A-SM-32PKM,Slow
GTEX-14PN3-1226-SM-69LOW,Fast
GTEX-11NSD-0826-SM-5986S,Fast
GTEX-V1D1-1026-SM-4JBHE,Fast
GTEX-14PJ2-0226-SM-6LLH4,Fast
GTEX-OIZH-1526-SM-3NB1J,Fast
GTEX-ZLWG-0008-SM-4E3J4,Fast
GTEX-13RTJ-0011-R8b-SM-5O9DL,Slow
GTEX-XYKS-1426-SM-4BRUO,Fast
GTEX-145LS-0426-SM-5LU8M,Slow
GTEX-ZAB4-0011-R4a-SM-4SOKB,Slow
GTEX-13YAN-0426-SM-5O9DR,Fast
GTEX-VJYA-0526-SM-4KL1R,Fast
GTEX-14E6C-0926-SM-5S2V9,Slow
GTEX-13NZ9-0126-SM-5K7XV,Fast
GTEX-P4QS-0326-SM-2I3EU,Fast
GTEX-18QFQ-0526-SM-718AV,Fast
GTEX-VJYA-0001-SM-3NMDJ,Fast
GTEX-XYKS-2726-SM-4E3IC,Fast
GTEX-13QJ3-2726-SM-5SI6L,Fast
GTEX-1211K-0626-SM-5FQUZ,Fast
GTEX-UPK5-0126-SM-3GADM,Fast
GTEX-ZDTT-0426-SM-4WKFL,Fast
GTEX-17F98-1326-SM-7DUEP,Fast
GTEX-13X6H-1426-SM-5SI91,Fast
GTEX-ZYFG-1826-SM-5GZWX,Fast
GTEX-ZVE1-0008-SM-51MS9,Fast
GTEX-QMRM-1426-SM-4R1K8,Fast
GTEX-WH7G-0826-SM-4LVMR,Fast
GTEX-WYJK-0926-SM-4ONCF,Fast
GTEX-13QBU-2026-SM-5KLZB,Fast
GTEX-132Q8-0526-SM-5IJBQ,Slow
GTEX-YJ8O-2826-SM-5CVM4,Fast
GTEX-T2YK-0005-SM-32QOV,Slow
GTEX-17F97-2626-SM-7IGM5,Slow
GTEX-POMQ-0626-SM-3P61E,Fast
GTEX-U3ZN-2526-SM-3DB7V,Fast
GTEX-17JCI-2926-SM-7DUFF,Fast
GTEX-WEY5-0826-SM-4LMIH,Fast
GTEX-QVJO-1626-SM-2S1QW,Slow
GTEX-13NYS-0426-SM-5MR4X,Slow
GTEX-1B8KZ-0626-SM-73KWE,Fast
GTEX-16XZY-2126-SM-79OK1,Fast
GTEX-S4Z8-0726-SM-4GICB,Fast
GTEX-OXRO-0011-R2A-SM-3NB1W,Slow
GTEX-WI4N-2226-SM-4OOS9,Fast
GTEX-18D9U-1126-SM-72D5Y,Fast
GTEX-13CF3-1926-SM-5K7WF,Fast
GTEX-OOBJ-2026-SM-3NB1R,Fast
GTEX-17MFQ-0626-SM-793A7,Fast
GTEX-ZPIC-2326-SM-57WDW,Fast
GTEX-139YR-0926-SM-5LZYB,Fast
GTEX-PWN1-1426-SM-48TDF,Fast
GTEX-QMRM-0426-SM-4R1K2,Fast
GTEX-ZC5H-0626-SM-5LU9K,Fast
GTEX-1399S-2726-SM-5KM22,Fast
GTEX-ZP4G-1226-SM-4WWCJ,Fast
GTEX-148VI-1026-SM-5TDDJ,Fast
GTEX-15SDE-2426-SM-7KFRC,Fast
GTEX-17F98-1526-SM-7EWD8,Fast
GTEX-15DCZ-2826-SM-6EU2J,Fast
GTEX-15CHR-1126-SM-7EWF4,Fast
GTEX-183WM-0726-SM-7LTAA,Slow
GTEX-15RJ7-1826-SM-7KUMJ,Fast
GTEX-ZPU1-1926-SM-57WDT,Fast
GTEX-16A39-1026-SM-6LPJU,Fast
GTEX-13CF3-0426-SM-5IJEU,Fast
GTEX-Y114-1526-SM-4TT79,Fast
GTEX-RU1J-1326-SM-46MUL,Fast
GTEX-131XE-0326-SM-5LZVO,Fast
GTEX-11EM3-0326-SM-5A5KJ,Fast
GTEX-12C56-2026-SM-5FQSI,Fast
GTEX-WQUQ-1326-SM-3MJFF,Fast
GTEX-Y9LG-0001-SM-4VBRQ,Fast
GTEX-TMMY-1526-SM-4DXST,Fast
GTEX-178AV-1926-SM-7KUL9,Fast
GTEX-T8EM-1126-SM-3DB7D,Fast
GTEX-13PL7-1826-SM-5IJDV,Fast
GTEX-UPK5-1526-SM-4JBJA,Fast
GTEX-1399S-0526-SM-5IJG8,Fast
GTEX-1AMFI-1926-SM-731F2,Fast
GTEX-13X6I-0011-R2b-SM-5PNWQ,Slow
GTEX-12BJ1-1026-SM-5EGJA,Fast
GTEX-1AYCT-1526-SM-73KWC,Fast
GTEX-13FHO-3026-SM-5J1O9,Fast
GTEX-TMMY-2226-SM-4DXTN,Fast
GTEX-16AAH-0226-SM-793A8,Fast
GTEX-17GQL-1926-SM-718B9,Fast
GTEX-1C475-1026-SM-7MKFJ,Fast
GTEX-ZPIC-1826-SM-57WFE,Fast
GTEX-NPJ7-0011-R1a-SM-3GACT,Slow
GTEX-ZZ64-1126-SM-5GZXY,Fast
GTEX-WHWD-1226-SM-4OOS1,Fast
GTEX-13N1W-0426-SM-5MR46,Fast
GTEX-14C5O-2626-SM-5RQI5,Slow
GTEX-X4XY-0011-R6B-SM-46MVB,Fast
GTEX-1CB4F-1426-SM-793DA,Fast
GTEX-11ZUS-0326-SM-5EQ4W,Fast
GTEX-111YS-0126-SM-5987T,Fast
GTEX-178AV-1426-SM-6LLID,Fast
GTEX-1AX8Z-0126-SM-7DHM6,Fast
GTEX-O5YW-0008-SM-4E3IE,Fast
GTEX-1122O-0726-SM-5GIEV,Fast
GTEX-18A67-1226-SM-7KFRS,Fast
GTEX-15SHV-2526-SM-6PAMG,Fast
GTEX-ZVE2-0006-SM-51MRW,Fast
GTEX-1B97J-1526-SM-79ONI,Fast
GTEX-14A5I-1726-SM-5QGQ5,Slow
GTEX-11ZUS-0011-R9b-SM-5BC76,Fast
GTEX-1CAMR-1726-SM-793CU,Fast
GTEX-ZF2S-1226-SM-4WWAX,Fast
GTEX-11ZUS-2726-SM-5FQUA,Fast
GTEX-1AX8Z-1526-SM-73KW1,Fast
GTEX-YF7O-1526-SM-5IFI6,Fast
GTEX-ZTX8-0526-SM-59HLD,Fast
GTEX-16AAH-2026-SM-7LG5F,Fast
GTEX-12126-0326-SM-5PNW3,Fast
GTEX-RWS6-0626-SM-2XCAS,Fast
GTEX-TML8-1926-SM-32QOS,Fast
GTEX-14E6C-2226-SM-5QGQG,Slow
GTEX-PWN1-0726-SM-48TDR,Fast
GTEX-17JCI-0726-SM-7EPH1,Fast
GTEX-111CU-0826-SM-5EGIJ,Fast
GTEX-12WSJ-1326-SM-5GCOB,Fast
GTEX-1C64O-0326-SM-73KVW,Fast
GTEX-SNOS-0426-SM-32PMH,Fast
GTEX-17HHE-0926-SM-7938K,Fast
GTEX-ZF28-2526-SM-57WFH,Slow
GTEX-ZPCL-2426-SM-57WFP,Fast
GTEX-X4LF-0126-SM-4QAS7,Fast
GTEX-ZZPU-1326-SM-5GZWS,Fast
GTEX-17EUY-0526-SM-7EWDE,Fast
GTEX-P4PQ-0526-SM-2HMKR,Fast
GTEX-TKQ2-0426-SM-4DXUO,Fast
GTEX-145LT-0426-SM-5LUAP,Fast
GTEX-1C64O-1126-SM-7IGMY,Fast
GTEX-WZTO-0001-SM-4PQZY,Fast
GTEX-ZF28-0011-R11a-SM-4WWEI,Slow
GTEX-R3RS-0626-SM-48FE1,Slow
GTEX-18D9B-1726-SM-7LTAP,Fast
GTEX-WHWD-1526-SM-4OORV,Fast
GTEX-14PN3-0126-SM-6AJAU,Fast
GTEX-X4XX-1126-SM-3NMBY,Slow
GTEX-XXEK-1826-SM-4BRVC,Fast
GTEX-12C56-0008-SM-5TDC1,Fast
GTEX-XBED-0726-SM-4GIAR,Fast
GTEX-12ZZW-1726-SM-5DUVD,Slow
GTEX-146FQ-0426-SM-5NQBA,Fast
GTEX-ZLFU-0926-SM-5P9F8,Fast
GTEX-132QS-2526-SM-62LFJ,Fast
GTEX-131XG-1926-SM-5LZVG,Fast
GTEX-132Q8-0011-R5a-SM-5IJDM,Slow
GTEX-QV31-1626-SM-2S1QC,Fast
GTEX-1122O-1426-SM-5H11R,Fast
GTEX-V955-1726-SM-4JBHF,Fast
GTEX-133LE-1326-SM-5IFGO,Fast
GTEX-14B4R-1026-SM-5TDDS,Fast
GTEX-P4QS-2126-SM-3NMCF,Fast
GTEX-13OVK-1226-SM-6M473,Fast
GTEX-14JG6-2126-SM-6EU2F,Fast
GTEX-17F9Y-0826-SM-7LG52,Fast
GTEX-13O3P-0726-SM-5J2OM,Slow
GTEX-XYKS-0926-SM-4BRVG,Fast
GTEX-15UF7-0726-SM-6M46D,Fast
GTEX-14AS3-0626-SM-5QGQD,Fast
GTEX-U3ZN-2326-SM-3DB7W,Fast
GTEX-U8XE-0005-SM-3DB8I,Slow
GTEX-1399Q-2426-SM-5J2MO,Fast
GTEX-XBED-1326-SM-4AT4F,Fast
GTEX-ZG7Y-1826-SM-4WWD3,Fast
GTEX-14XAO-0226-SM-68728,Fast
GTEX-WRHU-0226-SM-3MJFV,Fast
GTEX-R55E-1026-SM-2TC5S,Fast
GTEX-V1D1-0526-SM-4JBGW,Fast
GTEX-111CU-0226-SM-5GZXC,Fast
GTEX-1CAMS-1926-SM-7DUEU,Fast
GTEX-U3ZN-0006-SM-3DB7Y,Fast
GTEX-S32W-0626-SM-2XCBG,Fast
GTEX-145MN-1726-SM-5SIA6,Fast
GTEX-Y3I4-1126-SM-4TT7Y,Fast
GTEX-ZPCL-0126-SM-4WWC8,Fast
GTEX-18D9A-1026-SM-7KFRU,Fast
GTEX-XMK1-2626-SM-4B65R,Fast
GTEX-13PVR-0826-SM-5S2PV,Fast
GTEX-13W3W-2026-SM-5K7UL,Fast
GTEX-YB5E-1126-SM-664NU,Fast
GTEX-183FY-0626-SM-79OKR,Fast
GTEX-ZTPG-0006-SM-4YCFG,Fast
GTEX-WXYG-1326-SM-4ONCN,Fast
GTEX-ZF29-0006-SM-4WKGQ,Fast
GTEX-1339X-2626-SM-5K7YX,Fast
GTEX-SNMC-0226-SM-4DM6F,Fast
GTEX-15F5U-0926-SM-6LPKB,Fast
GTEX-PW2O-1726-SM-2S1OO,Fast
GTEX-V955-0426-SM-3GAEL,Fast
GTEX-XV7Q-1626-SM-4BRWC,Fast
GTEX-W5WG-2426-SM-4LMI6,Fast
GTEX-WFJO-0926-SM-4LVM2,Fast
GTEX-ZV7C-0326-SM-57WB1,Fast
GTEX-146FH-2426-SM-5Q5EW,Fast
GTEX-14C38-0626-SM-5S2TV,Fast
GTEX-NFK9-2226-SM-3MJGP,Fast
GTEX-XBED-1626-SM-47JYN,Fast
GTEX-11P7K-0426-SM-5BC5H,Fast
GTEX-WYVS-1526-SM-4OND4,Fast
GTEX-Y5V6-0005-SM-4V6FD,Fast
GTEX-P4PQ-2626-SM-33HC9,Fast
GTEX-14E1K-2626-SM-664OJ,Fast
GTEX-14A5I-2726-SM-5SIB3,Slow
GTEX-17JCI-2626-SM-7EWE6,Fast
GTEX-17JCI-1626-SM-7EPGZ,Fast
GTEX-XMD1-0011-R6A-SM-4AT5K,Slow
GTEX-1AX9J-1926-SM-73KUM,Fast
GTEX-SE5C-0008-SM-4B64J,Fast
GTEX-13FHO-0011-R1b-SM-5KLZG,Fast
GTEX-XGQ4-0926-SM-4AT4U,Fast
GTEX-XBED-0126-SM-47JY7,Fast
GTEX-1CB4I-0226-SM-79OLH,Fast
GTEX-QEG4-1126-SM-2S1P7,Fast
GTEX-ZEX8-0326-SM-4WKGS,Fast
GTEX-13O3P-0926-SM-5IFFI,Slow
GTEX-R53T-0226-SM-48FEH,Fast
GTEX-1F75I-1726-SM-7MKGW,Fast
GTEX-XPVG-2226-SM-4B65U,Fast
GTEX-P4QT-1326-SM-3NMD3,Fast
GTEX-U3ZN-2026-SM-4DXUC,Fast
GTEX-145MN-0126-SM-5RQHY,Fast
GTEX-14AS3-0926-SM-5TDD6,Fast
GTEX-13U4I-1926-SM-5LU39,Fast
GTEX-SNMC-1226-SM-2XCFP,Fast
GTEX-1A3MX-3126-SM-731FR,Slow
GTEX-17JCI-0126-SM-7LG5G,Fast
GTEX-1B8KZ-0526-SM-73KW2,Fast
GTEX-YEC4-0826-SM-5P9FV,Fast
GTEX-ZTSS-1426-SM-5985P,Fast
GTEX-1314G-2026-SM-5LZUM,Fast
GTEX-YF7O-0526-SM-5P9IO,Fast
GTEX-ZDTT-0008-SM-4E3K5,Fast
GTEX-13FTX-0226-SM-5K7TX,Fast
GTEX-NPJ8-1926-SM-3MJGB,Slow
GTEX-SE5C-0326-SM-4BRWX,Fast
GTEX-OXRK-1826-SM-2HMJE,Fast
GTEX-14E6C-0226-SM-5S2N3,Slow
GTEX-T6MO-0726-SM-4DM58,Fast
GTEX-SNOS-0326-SM-4DM6C,Fast
GTEX-Y5V6-2226-SM-4VDTC,Fast
GTEX-1B932-0826-SM-73KXG,Fast
GTEX-T6MO-0226-SM-32QOL,Fast
GTEX-WY7C-0926-SM-3NB34,Fast
GTEX-RNOR-0005-SM-2TF4Z,Fast
GTEX-13113-0726-SM-5LZUF,Fast
GTEX-U8XE-0226-SM-4E3J3,Slow
GTEX-ZF2S-0826-SM-4WWBI,Fast
GTEX-PX3G-2626-SM-2I3EG,Fast
GTEX-XMK1-1126-SM-4IHJ8,Fast
GTEX-Z9EW-0526-SM-5HL8S,Fast
GTEX-13N11-2826-SM-5KM4Z,Fast
GTEX-14PII-0826-SM-6871S,Slow
GTEX-WVJS-2726-SM-4MVNU,Fast
GTEX-1AYD5-0326-SM-7EWEO,Fast
GTEX-132AR-0326-SM-5KM2C,Fast
GTEX-T6MO-0003-SM-3NMAG,Fast
GTEX-ZT9W-0526-SM-57WFG,Fast
GTEX-14PJN-1626-SM-68727,Fast
GTEX-131XG-0008-SM-5YY9O,Fast
GTEX-ZZ64-0726-SM-5GZX4,Fast
GTEX-P4QS-0005-SM-2I3EY,Fast
GTEX-ZYT6-0426-SM-5GID3,Fast
GTEX-16MT8-1626-SM-7EWDW,Slow
GTEX-TSE9-0626-SM-3DB8B,Fast
GTEX-13FTW-1126-SM-5J2NV,Fast
GTEX-RTLS-0726-SM-46MV4,Slow
GTEX-132QS-0001-SM-62LDA,Fast
GTEX-X261-2426-SM-4PQZU,Slow
GTEX-14E6E-1926-SM-664N4,Fast
GTEX-1122O-1126-SM-5NQ8X,Fast
GTEX-Y3IK-2226-SM-4YCD4,Fast
GTEX-11I78-2226-SM-5PNYA,Fast
GTEX-ZYY3-1226-SM-5EQKM,Slow
GTEX-15ER7-2326-SM-7KUN3,Fast
GTEX-169BO-0226-SM-79OL1,Fast
GTEX-SNOS-1626-SM-3NMA4,Fast
GTEX-13111-1426-SM-5DUW3,Fast
GTEX-18D9A-2026-SM-718BL,Fast
GTEX-ZYFG-2526-SM-5GIEK,Fast
GTEX-132QS-0326-SM-5IJFN,Fast
GTEX-WRHK-1026-SM-4MVOD,Fast
GTEX-15CHC-1326-SM-6LLJA,Fast
GTEX-13OVK-1126-SM-6PAMR,Fast
GTEX-Y114-1326-SM-4TT9A,Fast
GTEX-Y114-1226-SM-4TT88,Fast
GTEX-144GM-0226-SM-5Q5CB,Fast
GTEX-X261-0008-SM-4PR11,Slow
GTEX-133LE-1726-SM-5K7VQ,Fast
GTEX-17HHE-0626-SM-7DHL6,Fast
GTEX-WXYG-0926-SM-3NB2O,Fast
GTEX-TSE9-0011-R7A-SM-3DB7P,Fast
GTEX-16YQH-0011-R6b-SM-7938T,Fast
GTEX-XBED-0526-SM-47JY3,Fast
GTEX-11ZU8-0011-R3a-SM-5BC6U,Slow
GTEX-13X6K-0011-R4b-SM-5P9HO,Slow
GTEX-1477Z-2226-SM-5QGPG,Slow
GTEX-11ZU8-1526-SM-5EGHX,Slow
GTEX-QDT8-0011-R1A-SM-32PKS,Slow
GTEX-QLQ7-0826-SM-447B3,Fast
GTEX-SNOS-1226-SM-4DM5H,Fast
GTEX-ZPU1-0004-SM-4WWAV,Fast
GTEX-17F96-2826-SM-7IGP3,Fast
GTEX-POYW-1326-SM-48TCG,Fast
GTEX-T5JW-0326-SM-4DM6J,Fast
GTEX-131XE-1626-SM-5K7VO,Fast
GTEX-XAJ8-1226-SM-47JYS,Fast
GTEX-13OVG-2326-SM-5J1OV,Fast
GTEX-VJYA-1726-SM-3NMDQ,Fast
GTEX-13PVR-2326-SM-5QGR1,Fast
GTEX-X3Y1-0006-SM-3P5ZG,Fast
GTEX-117YX-2626-SM-5EQ53,Fast
GTEX-WYVS-0006-SM-3NMA7,Fast
GTEX-11NSD-1026-SM-5N9BE,Fast
GTEX-14DAQ-1126-SM-664MT,Slow
GTEX-QDT8-0011-R11A-SM-32PKD,Slow
GTEX-13111-2226-SM-5LZUE,Fast
GTEX-1AYD5-0126-SM-7DUG5,Fast
GTEX-Q2AH-0326-SM-48U1K,Fast
GTEX-1A3MX-1026-SM-731F8,Slow
GTEX-11LCK-1326-SM-5Q5AN,Fast
GTEX-13O61-1926-SM-5KM1R,Fast
GTEX-O5YW-3026-SM-3MJHI,Fast
GTEX-Y114-2326-SM-4TT7X,Fast
GTEX-13NZ8-0326-SM-5L3DF,Slow
GTEX-ZZ64-0926-SM-5E44L,Fast
GTEX-1211K-0126-SM-59HJE,Fast
GTEX-WH7G-0926-SM-4LVMJ,Fast
GTEX-13PL7-2026-SM-5IFGK,Fast
GTEX-13X6K-2226-SM-79OMI,Slow
GTEX-11EM3-0005-SM-5N9DK,Fast
GTEX-ZP4G-2226-SM-57WFB,Fast
GTEX-Q734-0726-SM-48TZP,Fast
GTEX-17HGU-0126-SM-7DHLV,Fast
GTEX-OOBJ-0326-SM-33HBO,Fast
GTEX-14PJ6-1226-SM-6LLHJ,Fast
GTEX-13O21-1226-SM-5J2MK,Fast
GTEX-XYKS-1026-SM-4BRVH,Fast
GTEX-14E6C-1126-SM-62LDM,Slow
GTEX-13X6I-0011-R11a-SM-5P9HN,Slow
GTEX-13N1W-1926-SM-5IJCH,Fast
GTEX-QMR6-0011-R4A-SM-32PKU,Slow
GTEX-YFC4-0011-R1a-SM-4V6EH,Fast
GTEX-14PJ4-1626-SM-664OB,Fast
GTEX-13W46-1926-SM-5J2MF,Fast
GTEX-14DAQ-3226-SM-664OI,Slow
GTEX-14PKU-0926-SM-69LPS,Fast
GTEX-T2IS-1126-SM-4DM6Z,Fast
GTEX-13FTX-2026-SM-5L3D6,Fast
GTEX-WYJK-1726-SM-3NM9U,Fast
GTEX-OXRK-0008-SM-3NB28,Fast
GTEX-XMD3-0006-SM-4AT5X,Fast
GTEX-1192X-0426-SM-5GIEE,Slow
GTEX-QCQG-0726-SM-48U1Z,Fast
GTEX-13FHO-0826-SM-5L3E8,Fast
GTEX-12WSK-2026-SM-5CVNB,Fast
GTEX-144GO-0126-SM-5LUAO,Slow
GTEX-QEG4-0626-SM-2S1OY,Fast
GTEX-ZF3C-0226-SM-4WWB3,Fast
GTEX-14PHY-0626-SM-664NN,Fast
GTEX-144GM-0926-SM-5O994,Fast
GTEX-14C38-0006-SM-5NQBF,Fast
GTEX-111YS-0826-SM-5GZYK,Fast
GTEX-X3Y1-0126-SM-4PQZA,Fast
GTEX-14E6C-0626-SM-664NA,Slow
GTEX-15ETS-2426-SM-6PANJ,Fast
GTEX-131XW-0726-SM-5EGK3,Slow
GTEX-14B4R-0126-SM-5TDE4,Fast
GTEX-13113-1526-SM-5EGHV,Fast
GTEX-ZEX8-1826-SM-57WBH,Fast
GTEX-1C64O-2526-SM-79ONO,Fast
GTEX-Z9EW-1926-SM-5CVMP,Fast
GTEX-111YS-2126-SM-5EGGM,Fast
GTEX-1399S-2126-SM-5J2MH,Fast
GTEX-ZF2S-1526-SM-5S2OO,Fast
GTEX-1CB4F-0226-SM-7EPHS,Fast
GTEX-1C4CL-0726-SM-7IGP9,Fast
GTEX-OHPM-0726-SM-3LK7A,Fast
GTEX-X4EP-0326-SM-3P5Z6,Slow
GTEX-S95S-1026-SM-4B64M,Fast
GTEX-17EVQ-2726-SM-7EWDT,Fast
GTEX-S32W-1526-SM-4AD6Z,Fast
GTEX-QEG5-0426-SM-2I5GJ,Fast
GTEX-14A5I-2826-SM-5SIBF,Slow
GTEX-X261-0011-R5A-SM-3NMB4,Slow
GTEX-1B97I-0126-SM-731DH,Fast
GTEX-R45C-1226-SM-48FEE,Fast
GTEX-XYKS-1326-SM-4BRUN,Fast
GTEX-14A5I-2926-SM-5Q5CQ,Slow
GTEX-13O21-1826-SM-5MR5M,Fast
GTEX-15ETS-2026-SM-6AJBC,Fast
GTEX-132Q8-1126-SM-5K7XS,Slow
GTEX-15SB6-0926-SM-7KUFM,Fast
GTEX-14PJ2-0326-SM-6EU2Q,Fast
GTEX-XBEW-0006-SM-4AT4E,Fast
GTEX-14BMU-1326-SM-5RQIH,Fast
GTEX-ZVZP-0226-SM-5NQ73,Fast
GTEX-14DAQ-0926-SM-793AZ,Slow
GTEX-QDVN-0326-SM-2I3FS,Fast
GTEX-18A66-0426-SM-718BF,Slow
GTEX-P44H-0011-R8A-SM-2XCEL,Slow
GTEX-ZTPG-2626-SM-57WFX,Fast
GTEX-11ZTT-2626-SM-5EQKK,Fast
GTEX-1AX9J-0626-SM-72D7L,Fast
GTEX-1192X-0326-SM-5H11U,Slow
GTEX-WFG7-2326-SM-3GIKV,Fast
GTEX-Y114-2626-SM-4TT8Y,Fast
GTEX-12WSL-0226-SM-5CVMJ,Fast
GTEX-12KS4-1126-SM-5FQUI,Fast
GTEX-14DAQ-1426-SM-5RQJD,Slow
GTEX-OOBK-1626-SM-2HMKG,Fast
GTEX-OHPK-0226-SM-3MJH6,Fast
GTEX-13NYS-3126-SM-5KLYV,Slow
GTEX-P4QT-0626-SM-3NMCP,Fast
GTEX-11TTK-0326-SM-5BC5N,Slow
GTEX-1AMEY-0326-SM-72D5T,Fast
GTEX-1CB4I-0426-SM-7IGPR,Fast
GTEX-13RTJ-0326-SM-5YYAE,Slow
GTEX-OXRK-0226-SM-3NB2G,Fast
GTEX-Y5LM-1426-SM-5RQJL,Fast
GTEX-12ZZW-0005-SM-5O9BY,Slow
GTEX-17F97-0326-SM-7LG5B,Slow
GTEX-14A6H-0006-SM-5NQ7W,Fast
GTEX-17JCI-0326-SM-7LG5H,Fast
GTEX-RU1J-0008-SM-46MV9,Fast
GTEX-12C56-1826-SM-5EQ6D,Fast
GTEX-11I78-1526-SM-5A5K7,Fast
GTEX-P44H-0011-R4A-SM-2XCEW,Slow
GTEX-1AX8Z-2326-SM-731CR,Fast
GTEX-U4B1-1926-SM-3DB9E,Fast
GTEX-QDT8-1326-SM-48TYY,Slow
GTEX-13PL7-0326-SM-5IJEK,Fast
GTEX-15SHW-0226-SM-7LTAT,Fast
GTEX-14DAQ-2226-SM-5YYAD,Slow
GTEX-WHWD-0005-SM-3LK7D,Fast
GTEX-WRHU-0326-SM-3MJFY,Fast
GTEX-14C38-0126-SM-5YY9V,Fast
GTEX-ZV7C-0005-SM-57WDL,Fast
GTEX-U8T8-2226-SM-3DB95,Fast
GTEX-ZV6S-0726-SM-57WFY,Fast
GTEX-ZLFU-0526-SM-4WWBN,Fast
GTEX-13N1W-0126-SM-5K7VT,Fast
GTEX-X4LF-0008-SM-4QAST,Fast
GTEX-132AR-1926-SM-5EGK5,Fast
GTEX-OXRO-0011-R10A-SM-2I5EH,Slow
GTEX-145MH-0011-R11a-SM-5P9HQ,Fast
GTEX-14DAQ-0626-SM-793DS,Slow
GTEX-S3XE-1026-SM-4AD4O,Fast
GTEX-OXRL-0726-SM-3NM9A,Fast
GTEX-PSDG-0226-SM-33HC1,Fast
GTEX-QLQW-1026-SM-447A9,Fast
GTEX-11DXZ-1026-SM-5N9D5,Fast
GTEX-REY6-1326-SM-48FDO,Fast
GTEX-XAJ8-1426-SM-47JYM,Fast
GTEX-12WSN-0826-SM-5GCOF,Fast
GTEX-1399R-1826-SM-5J2M9,Fast
GTEX-S32W-0826-SM-4AD5Z,Fast
GTEX-ZTX8-1226-SM-4YCE9,Fast
GTEX-ZAB5-0426-SM-5CVMI,Fast
GTEX-178AV-0726-SM-6LPJI,Fast
GTEX-QDVN-1126-SM-48TZ7,Fast
GTEX-14JG6-1626-SM-5YYBC,Fast
GTEX-1CB4F-1526-SM-7MKFM,Fast
GTEX-ZLFU-0826-SM-4WWBP,Fast
GTEX-WFG8-2226-SM-3GIL9,Fast
GTEX-XYKS-0426-SM-4BRW4,Fast
GTEX-1B97I-1726-SM-7939V,Fast
GTEX-ZDYS-2026-SM-5HL5L,Fast
GTEX-14PKV-1926-SM-686YU,Fast
GTEX-13FTW-1426-SM-5LZWZ,Fast
GTEX-14E1K-1526-SM-664MN,Fast
GTEX-13YAN-0626-SM-5O9BQ,Fast
GTEX-147F3-0005-SM-5N9FI,Fast
GTEX-ZTX8-0726-SM-59HL9,Fast
GTEX-13NZ8-0926-SM-5MR3U,Slow
GTEX-11VI4-0006-SM-5N9D8,Fast
GTEX-1477Z-0326-SM-7IGLA,Slow
GTEX-QV44-0726-SM-4R1KP,Fast
GTEX-1AX9K-1826-SM-731CY,Fast
GTEX-131XE-0126-SM-5LZVC,Fast
GTEX-13NZ8-0826-SM-5MR3I,Slow
GTEX-17GQL-1626-SM-7LG69,Fast
GTEX-1C475-1626-SM-731FP,Fast
GTEX-ZTPG-2326-SM-57WFL,Fast
GTEX-14LLW-0011-R3b-SM-62LFW,Slow
GTEX-14PJO-2826-SM-6AJA6,Slow
GTEX-NFK9-1226-SM-3LK79,Fast
GTEX-Q734-0006-SM-2I3FJ,Fast
GTEX-Y111-1026-SM-4TT22,Fast
GTEX-13O3P-0626-SM-5L3D5,Slow
GTEX-XMK1-2426-SM-4B66I,Fast
GTEX-1B8KE-0426-SM-7189G,Fast
GTEX-XUW1-2326-SM-4BOO5,Fast
GTEX-14PKV-0626-SM-6AJA2,Fast
GTEX-14BMU-1026-SM-5RQJ5,Fast
GTEX-1AMFI-0326-SM-731CU,Fast
GTEX-R55C-1626-SM-48FEG,Fast
GTEX-14C38-0826-SM-5S2U8,Fast
GTEX-11DZ1-2026-SM-5A5KG,Slow
GTEX-ZPIC-0826-SM-4WWFJ,Fast
GTEX-183WM-0011-R1a-SM-718A8,Slow
GTEX-1A3MX-0011-R7a-SM-7DUEM,Slow
GTEX-13O61-2426-SM-5J1NV,Fast
GTEX-Q2AH-0626-SM-48TZJ,Fast
GTEX-17GQL-0526-SM-72D5N,Fast
GTEX-S3XE-0226-SM-4AD6I,Fast
GTEX-12BJ1-1826-SM-5HL9N,Fast
GTEX-ZLV1-0126-SM-4WWBZ,Fast
GTEX-YB5K-2426-SM-5IFHP,Fast
GTEX-13O3P-2726-SM-5KM2R,Slow
GTEX-17HGU-0626-SM-7939Y,Fast
GTEX-X4XX-2926-SM-3NMB1,Slow
GTEX-ZVZP-0926-SM-5GIDB,Fast
GTEX-13X6I-1826-SM-5SIAO,Slow
GTEX-ZWKS-0326-SM-5NQ7G,Slow
GTEX-ZTX8-0326-SM-59HLA,Fast
GTEX-ZPIC-0005-SM-4WWEB,Fast
GTEX-13S86-0226-SM-5S2PJ,Fast
GTEX-VUSG-1526-SM-4KKZH,Fast
GTEX-17EVQ-0011-R6a-SM-7189U,Fast
GTEX-QLQ7-1326-SM-4R1JY,Fast
GTEX-132QS-0626-SM-62LFM,Fast
GTEX-X15G-1726-SM-4PQZN,Fast
GTEX-ZTPG-0826-SM-5DUVC,Fast
GTEX-XMD2-0926-SM-4WWEF,Fast
GTEX-139D8-1626-SM-5IJFZ,Fast
GTEX-ZLV1-0826-SM-4WWEQ,Fast
GTEX-QEG4-0326-SM-5S2UQ,Fast
GTEX-12126-0008-SM-5S2UC,Fast
GTEX-SNOS-1426-SM-32PLY,Fast
GTEX-TML8-0926-SM-4DXSJ,Fast
GTEX-V955-2426-SM-3GAEF,Fast
GTEX-15EO6-2626-SM-6PALK,Slow
GTEX-17F9E-0426-SM-7IGP1,Fast
GTEX-111FC-0526-SM-5GZZ8,Fast
GTEX-1AX9K-2026-SM-731D1,Fast
GTEX-1399U-1426-SM-5J1N8,Fast
GTEX-132QS-1226-SM-5P9GD,Fast
GTEX-SNOS-0526-SM-4DM54,Fast
GTEX-YEC4-0326-SM-4W216,Fast
GTEX-TKQ2-1326-SM-4DXT9,Fast
GTEX-11EI6-2826-SM-5H11D,Slow
GTEX-YFC4-2726-SM-5IFJW,Fast
GTEX-14C5O-0005-SM-5P9ER,Slow
GTEX-13O21-2326-SM-5MR3X,Fast
GTEX-N7MT-0011-R1a-SM-5SI7S,Slow
GTEX-117YX-1026-SM-5H11V,Fast
GTEX-ZQUD-1226-SM-51MSP,Fast
GTEX-XBEW-1926-SM-4SOJO,Fast
GTEX-TSE9-2726-SM-4DXSQ,Fast
GTEX-18D9U-1326-SM-731BI,Fast
GTEX-12WSK-2226-SM-5GCO5,Fast
GTEX-13QBU-2226-SM-5K7WI,Fast
GTEX-146FQ-0926-SM-5LUAV,Fast
GTEX-12WSJ-0526-SM-5GCOZ,Fast
GTEX-ZVTK-0726-SM-5GZX6,Fast
GTEX-WFJO-0426-SM-4LVM7,Fast
GTEX-QEG5-0926-SM-2TC64,Fast
GTEX-13FTW-2326-SM-5K7YS,Fast
GTEX-16XZY-0726-SM-79OMU,Fast
GTEX-QLQ7-0926-SM-447BC,Fast
GTEX-139T8-0426-SM-5K7VC,Slow
GTEX-WHPG-0004-SM-3NMDO,Fast
GTEX-17F97-2526-SM-7EWDV,Slow
GTEX-18D9U-1026-SM-72D5R,Fast
GTEX-16MT8-0326-SM-6PAM5,Slow
GTEX-WQUQ-2126-SM-4OOSO,Fast
GTEX-ZZ64-0126-SM-5GZXA,Fast
GTEX-13N1W-1026-SM-5IJC5,Fast
GTEX-ZQG8-0326-SM-51MSE,Fast
GTEX-WFG8-1926-SM-4LVM1,Fast
GTEX-N7MT-0011-R5a-SM-2I3G6,Slow
GTEX-WHWD-1426-SM-4OORU,Fast
GTEX-X4EP-1026-SM-4QAS5,Slow
GTEX-XBEW-1526-SM-4AT4K,Fast
GTEX-13JUV-2026-SM-5K7UA,Fast
GTEX-145LT-1526-SM-5O98P,Fast
GTEX-131XW-3226-SM-5LZUO,Slow
GTEX-Y114-1126-SM-4TT7V,Fast
GTEX-15RJE-2226-SM-6M46A,Slow
GTEX-X261-1726-SM-4PQYT,Slow
GTEX-11TT1-1126-SM-5P9GV,Fast
GTEX-18A66-1326-SM-7LG4M,Slow
GTEX-X62O-0008-SM-46MU5,Fast
GTEX-ZZ64-0626-SM-5GZWR,Fast
GTEX-13D11-1126-SM-5KLYS,Fast
GTEX-15F5U-1526-SM-6PANO,Fast
GTEX-WYVS-2526-SM-3NMAT,Fast
GTEX-144GO-0011-R5a-SM-5PNUR,Slow
GTEX-VUSG-0008-SM-4KL24,Fast
GTEX-111CU-2226-SM-5N9G5,Fast
GTEX-ZLWG-0526-SM-4WWFB,Fast
GTEX-ZV6S-0003-SM-4YCCT,Fast
GTEX-ZT9W-0008-SM-4YCDJ,Fast
GTEX-17F98-0826-SM-7DUF7,Fast
GTEX-Y8E4-0426-SM-4V6GB,Fast
GTEX-S341-1126-SM-4AD6T,Fast
GTEX-1CB4E-1726-SM-7IGMS,Fast
GTEX-145MH-0626-SM-5NQAK,Fast
GTEX-WK11-2626-SM-4OOSK,Fast
GTEX-13111-0126-SM-5EGHO,Fast
GTEX-14DAR-0926-SM-73KUQ,Fast
GTEX-14LLW-0011-R5b-SM-5ZZU6,Slow
GTEX-145ME-1526-SM-5Q5F2,Fast
GTEX-U3ZN-0008-SM-4DXTL,Fast
GTEX-XV7Q-0826-SM-4BRV7,Fast
GTEX-17KNJ-1026-SM-79ONK,Fast
GTEX-W5X1-2826-SM-3GILM,Fast
GTEX-183FY-0426-SM-7MKGK,Fast
GTEX-X261-1026-SM-3NMDL,Slow
GTEX-13FHO-0011-R7b-SM-5LZXD,Fast
GTEX-13D11-0426-SM-5LZYA,Fast
GTEX-REY6-1726-SM-48FDL,Fast
GTEX-13O61-1226-SM-5KM21,Fast
GTEX-P4QS-2026-SM-3NMCG,Fast
GTEX-148VI-0826-SM-5TDDI,Fast
GTEX-1AX9J-1826-SM-731FM,Fast
GTEX-183FY-1126-SM-7DHLJ,Fast
GTEX-ZPU1-0526-SM-4YCDA,Fast
GTEX-145MN-2226-SM-5SIAU,Fast
GTEX-RWS6-1026-SM-47JXD,Fast
GTEX-14ICL-0126-SM-664NG,Fast
GTEX-ZYFG-1726-SM-5GZZB,Fast
GTEX-1339X-0626-SM-5IJER,Fast
GTEX-WYJK-0126-SM-3NMAB,Fast
GTEX-1399S-0008-SM-62LDF,Fast
GTEX-11XUK-1326-SM-5EQM4,Fast
GTEX-14PJ3-0626-SM-7KFRZ,Fast
GTEX-ZDYS-0426-SM-5IJEQ,Fast
GTEX-14B4R-0326-SM-5TDDP,Fast
GTEX-VJYA-0426-SM-3GIJK,Fast
GTEX-XPVG-1826-SM-4B64X,Fast
GTEX-ZLWG-0826-SM-59888,Fast
GTEX-WFJO-0326-SM-3GIL3,Fast
GTEX-12126-0011-R10b-SM-5BC6T,Fast
GTEX-111FC-2026-SM-5GZYO,Fast
GTEX-11P7K-0526-SM-5BC5I,Fast
GTEX-11ZU8-0011-R4a-SM-5BC6Y,Slow
GTEX-S3XE-0526-SM-4AD4G,Fast
GTEX-PWCY-0926-SM-48TD7,Fast
GTEX-131XE-0626-SM-5HL98,Fast
GTEX-Y111-0006-SM-4SOIO,Fast
GTEX-WY7C-0226-SM-3NB37,Fast
GTEX-U3ZM-0626-SM-4DXTV,Fast
GTEX-14BMU-0126-SM-5S2Q9,Fast
GTEX-11NSD-0526-SM-5A5LT,Fast
GTEX-V955-0326-SM-4JBGV,Fast
GTEX-13S86-1126-SM-5RQJX,Fast
GTEX-131XG-0326-SM-5L3DX,Fast
GTEX-11DXX-0926-SM-5H112,Fast
GTEX-111FC-3326-SM-5GZYV,Fast
GTEX-1B8KE-0126-SM-793AM,Fast
GTEX-S32W-1926-SM-4AD63,Fast
GTEX-UPK5-2326-SM-3P5Z8,Fast
GTEX-WY7C-0826-SM-4ONCG,Fast
GTEX-ZY6K-0726-SM-5A5L8,Fast
GTEX-P4QS-1326-SM-3NMCD,Fast
GTEX-RUSQ-2126-SM-47JXK,Fast
GTEX-Y9LG-2326-SM-4VDS1,Fast
GTEX-WQUQ-1626-SM-4OOSH,Fast
GTEX-14PJ4-1326-SM-5ZZVM,Fast
GTEX-11ZU8-0126-SM-5EQ58,Slow
GTEX-14LLW-0526-SM-62LFB,Slow
GTEX-TSE9-0011-R6A-SM-3DB7L,Fast
GTEX-16BQI-2026-SM-7KULQ,Fast
GTEX-NPJ8-0011-R10A-SM-2YUMO,Slow
GTEX-1477Z-0011-R10b-SM-5S2RF,Slow
GTEX-XAJ8-0926-SM-47JXZ,Fast
GTEX-13PL7-0005-SM-5N9ET,Fast
GTEX-Y114-2026-SM-4TT7L,Fast
GTEX-12WSL-2826-SM-5LZWL,Fast
GTEX-XMK1-0226-SM-4B65D,Fast
GTEX-12WSL-0326-SM-5CVMK,Fast
GTEX-P4QS-1826-SM-2S1NI,Fast
GTEX-111YS-1226-SM-5EGGJ,Fast
GTEX-WRHU-1326-SM-4E3K7,Fast
GTEX-17KNJ-1626-SM-718AL,Fast
GTEX-NFK9-2026-SM-3LK5K,Fast
GTEX-13PVR-1426-SM-5S2PW,Fast
GTEX-NFK9-0426-SM-2YUNK,Fast
GTEX-U8T8-1226-SM-4E3IH,Fast
GTEX-XUZC-2026-SM-4BRW9,Fast
GTEX-Q2AI-0006-SM-2I3FG,Fast
GTEX-RTLS-0006-SM-2TF58,Slow
GTEX-1C475-1526-SM-7DHM3,Fast
GTEX-ZGAY-2126-SM-4YCFB,Fast
GTEX-U3ZN-0626-SM-3DB7U,Fast
GTEX-Y114-1426-SM-4TT6W,Fast
GTEX-14E6C-1226-SM-5ZZUN,Slow
GTEX-132AR-1026-SM-5PNVL,Fast
GTEX-ZEX8-0826-SM-4WKHK,Fast
GTEX-1AMEY-1926-SM-73KVT,Fast
GTEX-15UF7-1226-SM-6M46G,Fast
GTEX-P44H-0011-R5A-SM-2XCEX,Slow
GTEX-XQ3S-1626-SM-4WAYN,Fast
GTEX-ZZPT-1326-SM-5E43H,Slow
GTEX-14753-2426-SM-5LU8U,Slow
GTEX-14PKV-1526-SM-664O2,Fast
GTEX-146FQ-0126-SM-5NQA9,Fast
GTEX-12KS4-2126-SM-5FQUT,Fast
GTEX-145MN-1426-SM-5SI9H,Fast
GTEX-Y9LG-0426-SM-4VBRT,Fast
GTEX-SNMC-1326-SM-2XCFK,Fast
GTEX-139D8-2326-SM-5IFGE,Fast
GTEX-UJHI-1326-SM-4IHJO,Fast
GTEX-X4XX-0011-R3B-SM-46MWK,Slow
GTEX-PSDG-1526-SM-48TCY,Fast
GTEX-O5YW-0326-SM-2I5EI,Fast
GTEX-YB5K-2026-SM-4VDT3,Fast
GTEX-14LLW-3026-SM-6EU1O,Slow
GTEX-1339X-1726-SM-5P9J9,Fast
GTEX-T6MO-0626-SM-4DM6P,Fast
GTEX-14ICL-1626-SM-5YYAO,Fast
GTEX-T6MO-1626-SM-32QOM,Fast
GTEX-ZVZP-0626-SM-59HL5,Fast
GTEX-15SKB-0326-SM-6M477,Fast
GTEX-17F9E-0226-SM-79OKK,Fast
GTEX-15ER7-0011-R6a-SM-6M46M,Fast
GTEX-169BO-0126-SM-79OLS,Fast
GTEX-UJHI-1926-SM-3DB8Z,Fast
GTEX-13D11-2526-SM-5KM28,Fast
GTEX-T5JW-0003-SM-3NMAD,Fast
GTEX-17GQL-0005-SM-7MKF4,Fast
GTEX-14PJ5-0226-SM-5YY99,Fast
GTEX-TSE9-0526-SM-3DB7Z,Fast
GTEX-ZYVF-2826-SM-5GIDK,Fast
GTEX-16XZY-2326-SM-7EWDD,Fast
GTEX-146FR-1526-SM-5SIB8,Fast
GTEX-146FR-0926-SM-5QGPE,Fast
GTEX-XUW1-1526-SM-4BOOY,Fast
GTEX-WK11-2526-SM-3NM9Y,Fast
GTEX-RU1J-0006-SM-2TF6M,Fast
GTEX-1A3MW-0326-SM-731EF,Slow
GTEX-QDT8-0008-SM-48U2F,Slow
GTEX-ZC5H-0926-SM-5CVMZ,Fast
GTEX-QVJO-0011-R10A-SM-2S1QJ,Slow
GTEX-TSE9-3126-SM-4DXSY,Fast
GTEX-1211K-1426-SM-5FQTF,Fast
GTEX-YEC3-1126-SM-5IFIH,Fast
GTEX-ZC5H-2026-SM-5CVN2,Fast
GTEX-13FTX-1826-SM-5J1NX,Fast
GTEX-13OVI-2426-SM-5KM4J,Fast
GTEX-13D11-1226-SM-5IFGA,Fast
GTEX-ZPCL-0004-SM-4WWD6,Fast
GTEX-S3XE-1226-SM-4AD4L,Fast
GTEX-131XG-1026-SM-5GCMX,Fast
GTEX-17F96-2726-SM-7LT9F,Fast
GTEX-R55G-0726-SM-2TC6J,Fast
GTEX-1AMEY-0826-SM-72D65,Fast
GTEX-R55D-0006-SM-3GIJS,Fast
GTEX-14PHX-2326-SM-62LEM,Fast
GTEX-ZYT6-0526-SM-5GIEA,Fast
GTEX-13113-1226-SM-5EGHT,Fast
GTEX-146FQ-0626-SM-5LU9U,Fast
GTEX-132QS-1426-SM-5P9GE,Fast
GTEX-13OVI-1226-SM-5J2ME,Fast
GTEX-ZYT6-2726-SM-5GICP,Fast
GTEX-14PQA-0011-R10a-SM-6AJAA,Slow
GTEX-1A3MV-0726-SM-72D5M,Fast
GTEX-11DXX-2526-SM-5H119,Fast
GTEX-ZC5H-1326-SM-5HL7E,Fast
GTEX-WFG7-1626-SM-4LVMF,Fast
GTEX-ZV7C-0726-SM-59HKH,Fast
GTEX-147F3-1526-SM-5SIAK,Fast
GTEX-1A3MX-0826-SM-72D64,Slow
GTEX-RTLS-0326-SM-2TF6A,Slow
GTEX-16XZY-0926-SM-7938M,Fast
GTEX-17F9E-2226-SM-7IGNC,Fast
GTEX-1AX9K-0426-SM-73KUG,Fast
GTEX-W5X1-0826-SM-3GILN,Fast
GTEX-13OVG-0626-SM-5IFEP,Fast
GTEX-1B97J-2126-SM-79OL6,Fast
GTEX-QV44-1726-SM-4R1KG,Fast
GTEX-18A67-1026-SM-731CE,Fast
GTEX-T2YK-0326-SM-4DM7D,Slow
GTEX-17F97-0011-R6a-SM-7EPGS,Slow
GTEX-12WSL-1026-SM-5CVNJ,Fast
GTEX-ZF29-1126-SM-4WKGO,Fast
GTEX-11DZ1-0226-SM-5A5KF,Slow
GTEX-14PHY-0526-SM-664NM,Fast
GTEX-13U4I-0426-SM-5LU4W,Fast
GTEX-131XF-0008-SM-664MH,Fast
GTEX-QDT8-0926-SM-32PL2,Slow
GTEX-17EVQ-0626-SM-7KFTB,Fast
GTEX-X5EB-0926-SM-46MVT,Fast
GTEX-QVJO-1426-SM-2S1QY,Slow
GTEX-13RTK-1426-SM-5QGQJ,Fast
GTEX-ZPCL-2126-SM-57WFZ,Fast
GTEX-RUSQ-0006-SM-2TF6P,Fast
GTEX-ZYVF-2526-SM-5E45C,Fast
GTEX-14DAQ-2926-SM-664MV,Slow
GTEX-1399U-1726-SM-5P9J4,Fast
GTEX-11XUK-0008-SM-5S2WD,Fast
GTEX-13O21-2426-SM-5MR4A,Fast
GTEX-ZDTT-2426-SM-4WKFX,Fast
GTEX-15EO6-2826-SM-6PANB,Slow
GTEX-145LT-0226-SM-5S2QK,Fast
GTEX-ZF29-2026-SM-4WWB7,Fast
GTEX-ZAB4-0011-R1a-SM-4RGNO,Slow
GTEX-18A67-0326-SM-7LG5X,Fast
GTEX-Q2AI-0426-SM-48U13,Fast
GTEX-14PJO-0626-SM-6LLHH,Slow
GTEX-WVJS-0226-SM-4MVOU,Fast
GTEX-183FY-1226-SM-7DHLK,Fast
GTEX-11P7K-1326-SM-5BC5G,Fast
GTEX-U3ZH-0008-SM-4DXT2,Fast
GTEX-14PK6-0726-SM-6LLIX,Fast
GTEX-15EU6-2626-SM-7KUN4,Fast
GTEX-16YQH-0011-R10b-SM-7LT8U,Fast
GTEX-14DAR-2126-SM-5RQID,Fast
GTEX-XBEW-0526-SM-4QASO,Fast
GTEX-13FTW-0826-SM-5K7XR,Fast
GTEX-1AX9K-2526-SM-7DUG4,Fast
GTEX-1399U-0626-SM-5J1NZ,Fast
GTEX-1117F-0226-SM-5GZZ7,Slow
GTEX-X4EP-0011-R9B-SM-4QASI,Slow
GTEX-139D8-0726-SM-5P9GJ,Fast
GTEX-13VXT-0126-SM-5LU4I,Fast
GTEX-ZYVF-1826-SM-5E44F,Fast
GTEX-111YS-2026-SM-5EGGL,Fast
GTEX-WYVS-0626-SM-4SOJY,Fast
GTEX-RWSA-0126-SM-2XCBB,Fast
GTEX-14E1K-1126-SM-73KV4,Fast
GTEX-ZTPG-2026-SM-5O999,Fast
GTEX-13O3P-1026-SM-5N9E7,Slow
GTEX-16NGA-1826-SM-7LG5L,Fast
GTEX-QEG5-0006-SM-2I5FZ,Fast
GTEX-PWCY-2126-SM-48TEC,Fast
GTEX-Y114-2426-SM-4TT8A,Fast
GTEX-S3XE-0626-SM-4AD6B,Fast
GTEX-11EI6-2426-SM-5PNVS,Slow
GTEX-14BMU-0926-SM-5S2QB,Fast
GTEX-146FQ-1526-SM-5Q5CX,Fast
GTEX-14DAQ-1026-SM-793B1,Slow
GTEX-QEG4-1226-SM-2S1P6,Fast
GTEX-14PII-0426-SM-6LLIR,Slow
GTEX-13YAN-1026-SM-5O9CF,Fast
GTEX-13FH7-1726-SM-5IJE7,Fast
GTEX-17F97-0011-R8a-SM-7DUET,Slow
GTEX-13QJ3-1726-SM-5RQK9,Fast
GTEX-11XUK-1426-SM-5EQMG,Fast
GTEX-12WSF-1526-SM-6PAN6,Slow
GTEX-17HGU-0526-SM-793BX,Fast
GTEX-Y9LG-0926-SM-4VDS6,Fast
GTEX-13O21-1026-SM-5IJDU,Fast
GTEX-YEC4-2526-SM-4W1Z2,Fast
GTEX-132NY-0005-SM-5O9AC,Fast
GTEX-12ZZX-0226-SM-5DUXU,Fast
GTEX-13O61-1626-SM-5KM3T,Fast
GTEX-Z9EW-2026-SM-5CVMQ,Fast
GTEX-16AAH-2126-SM-7LG4D,Fast
GTEX-144GN-2526-SM-5LU54,Fast
GTEX-ZF29-2226-SM-4WWB9,Fast
GTEX-117YX-1826-SM-5H12K,Fast
GTEX-WQUQ-0008-SM-4OOT1,Fast
GTEX-N7MT-1426-SM-3LK5M,Slow
GTEX-WFON-2526-SM-3LK7P,Fast
GTEX-18464-0011-R6a-SM-731CA,Slow
GTEX-1AMFI-0926-SM-731E4,Fast
GTEX-WHSB-0526-SM-4M1XM,Fast
GTEX-13NZB-2226-SM-5MR5B,Fast
GTEX-17KNJ-2726-SM-7KFRE,Fast
GTEX-XK95-0426-SM-4AT4R,Fast
GTEX-RM2N-0626-SM-48FD6,Fast
GTEX-17F96-0726-SM-793CB,Fast
GTEX-WXYG-0826-SM-4ONC7,Fast
GTEX-VJYA-1526-SM-3GIJV,Fast
GTEX-13O61-2526-SM-5J1O8,Fast
GTEX-QEG5-0526-SM-5S2V3,Fast
GTEX-11VI4-0226-SM-5GU6C,Fast
GTEX-16MTA-1426-SM-6PALY,Fast
GTEX-X15G-0008-SM-4PR2D,Fast
GTEX-12WSK-1926-SM-5LZVK,Fast
GTEX-Q2AI-0008-SM-48U2H,Fast
GTEX-11DZ1-0126-SM-5985Q,Slow
GTEX-13X6K-0011-R7b-SM-5P9K7,Slow
GTEX-17F9Y-1826-SM-7IGMI,Fast
GTEX-17F96-0826-SM-7DHLU,Fast
GTEX-14XAO-2326-SM-6EU1B,Fast
GTEX-14PJN-0526-SM-68724,Fast
GTEX-U3ZM-1126-SM-4DXUB,Fast
GTEX-15CHC-0426-SM-6LLHI,Fast
GTEX-178AV-0626-SM-6PAM1,Fast
GTEX-15FZZ-0626-SM-7KFTO,Fast
GTEX-ZGAY-0226-SM-4WWAL,Fast
GTEX-12WSF-0011-R5a-SM-5HL8K,Slow
GTEX-X8HC-1326-SM-46MWB,Fast
GTEX-WHSB-0005-SM-3LK7C,Fast
GTEX-X5EB-1626-SM-4E3IV,Fast
GTEX-ZC5H-0004-SM-4WAXK,Fast
GTEX-ZVZP-1626-SM-5GIDJ,Fast
GTEX-O5YT-0426-SM-3MJHD,Fast
GTEX-16NPX-1726-SM-7KULP,Fast
GTEX-183WM-0011-R6b-SM-72D66,Slow
GTEX-117YX-1926-SM-5GIEC,Fast
GTEX-133LE-2026-SM-5K7WM,Fast
GTEX-YB5E-1726-SM-5IFJ3,Fast
GTEX-OXRK-0426-SM-3NB2E,Fast
GTEX-14H4A-0426-SM-5ZZWO,Fast
GTEX-13OVG-1926-SM-5L3DK,Fast
GTEX-QMRM-0005-SM-3NB2A,Fast
GTEX-P4QS-2626-SM-2I3EV,Fast
GTEX-P4PP-0005-SM-2HMKX,Fast
GTEX-YF7O-1026-SM-5P9IP,Fast
GTEX-18A66-2226-SM-7189E,Slow
GTEX-T6MO-0326-SM-32QOK,Fast
GTEX-145ME-2226-SM-5S2VY,Fast
GTEX-1497J-2626-SM-5SI9K,Fast
GTEX-13FHO-0011-R11b-SM-5LZYQ,Fast
GTEX-PLZ5-1726-SM-2I5F6,Fast
GTEX-XXEK-0426-SM-4BRVW,Fast
GTEX-13NYS-0011-R8a-SM-5MR5H,Slow
GTEX-RU1J-0226-SM-2TF5Y,Fast
GTEX-111FC-0126-SM-5N9DL,Fast
GTEX-QDVJ-0005-SM-2TC5X,Fast
GTEX-131XG-1826-SM-5LZV4,Fast
GTEX-1C64O-1226-SM-79OOC,Fast
GTEX-YB5E-1626-SM-5IFIQ,Fast
GTEX-ZV6S-1226-SM-59HLH,Fast
GTEX-18QFQ-1226-SM-718AE,Fast
GTEX-13113-1326-SM-5GCOI,Fast
GTEX-15RIF-1026-SM-7KUMZ,Fast
GTEX-11ZUS-0126-SM-5EQM5,Fast
GTEX-PSDG-1626-SM-48TCQ,Fast
GTEX-1B8KZ-0126-SM-7DHM5,Fast
GTEX-11EI6-0426-SM-5EQ43,Slow
GTEX-WRHU-0626-SM-3MJFI,Fast
GTEX-11I78-0001-SM-5Q5BE,Fast
GTEX-ZP4G-2126-SM-57WEA,Fast
GTEX-1AMFI-0826-SM-731DV,Fast
GTEX-S95S-0005-SM-2XCEC,Fast
GTEX-T5JW-1726-SM-3GADN,Fast
GTEX-1B97I-0526-SM-73KXE,Fast
GTEX-13QBU-1826-SM-5IJG3,Fast
GTEX-PWO3-0011-R5A-SM-2I5EZ,Slow
GTEX-18A66-0526-SM-7LG5O,Slow
GTEX-16NPX-0626-SM-7KULB,Fast
GTEX-13NZ9-0626-SM-5IJCO,Fast
GTEX-11P82-1626-SM-59879,Fast
GTEX-14E6C-1026-SM-5SI6P,Slow
GTEX-YFC4-0011-R9a-SM-4SOK4,Fast
GTEX-14E6E-1726-SM-5S2R6,Fast
GTEX-13PVR-1126-SM-5S2NX,Fast
GTEX-111CU-1126-SM-5EGIM,Fast
GTEX-P44H-0526-SM-2XCF1,Slow
GTEX-OOBJ-0006-SM-2I3F4,Fast
GTEX-13FTW-0426-SM-5K7X2,Fast
GTEX-1B8KE-1626-SM-793CK,Fast
GTEX-RM2N-0006-SM-2TF5H,Fast
GTEX-1CAMS-2526-SM-7EPH7,Fast
GTEX-YFC4-0726-SM-62LF6,Fast
GTEX-WYJK-2526-SM-4ONDF,Fast
GTEX-12WSN-2226-SM-5DUXT,Fast
GTEX-17KNJ-2426-SM-7DHLR,Fast
GTEX-RWS6-0226-SM-2XCA9,Fast
GTEX-OOBJ-1526-SM-3NB1Q,Fast
GTEX-S4Q7-0626-SM-4AD5M,Fast
GTEX-131XE-0426-SM-5IJF4,Fast
GTEX-13FHO-1026-SM-5KM1Q,Fast
GTEX-OXRK-1326-SM-3NB1A,Fast
GTEX-ZVZP-2226-SM-57WBF,Fast
GTEX-XPVG-2026-SM-4B65E,Fast
GTEX-13X6I-0926-SM-5LUAB,Slow
GTEX-1192X-2326-SM-5987X,Slow
GTEX-14753-0926-SM-5Q5BI,Slow
GTEX-QDVN-0826-SM-48TZ2,Fast
GTEX-146FH-1126-SM-5NQAT,Fast
GTEX-YEC3-1026-SM-5IFI5,Fast
GTEX-ZXES-2026-SM-5NQ6R,Fast
GTEX-15F5U-0226-SM-6PANK,Fast
GTEX-1AYD5-1226-SM-7EWEP,Fast
GTEX-PLZ5-0626-SM-2I5F8,Fast
GTEX-ZF28-2926-SM-4WKG1,Slow
GTEX-14PHX-1526-SM-68717,Fast
GTEX-Q734-0326-SM-48U15,Fast
GTEX-13QBU-0626-SM-5J2OG,Fast
GTEX-14BMU-1426-SM-5TDE5,Fast
GTEX-WZTO-0826-SM-3NM8Q,Fast
GTEX-ZG7Y-0003-SM-4WWEJ,Fast
GTEX-Y5V6-0826-SM-4VBRU,Fast
GTEX-14PJ5-1926-SM-6LLIM,Fast
GTEX-14BMU-0626-SM-73KZ6,Fast
GTEX-14PJ2-1526-SM-686Z4,Fast
GTEX-1339X-1426-SM-5K7YO,Fast
GTEX-WYBS-1926-SM-3NM8N,Fast
GTEX-1EH9U-0826-SM-7IGPT,Slow
GTEX-XPVG-2726-SM-4B66W,Fast
GTEX-132AR-1326-SM-5K7YC,Fast
GTEX-V955-0004-SM-3NMDH,Fast
GTEX-14PJN-0926-SM-6EU19,Fast
GTEX-13X6I-0011-R3b-SM-5P9HM,Slow
GTEX-1497J-1226-SM-5Q5BL,Fast
GTEX-1399U-2426-SM-5K7XB,Fast
GTEX-144GM-0426-SM-5Q5C8,Fast
GTEX-17JCI-0826-SM-7LT8W,Fast
GTEX-V955-1026-SM-4JBHO,Fast
GTEX-11P81-1326-SM-5GU5S,Fast
GTEX-ZVZQ-0006-SM-51MR8,Fast
GTEX-1CAMR-0326-SM-793AH,Fast
GTEX-ZPIC-0002-SM-4WWEC,Fast
GTEX-146FH-0526-SM-5QGQ3,Fast
GTEX-YB5K-0526-SM-5LUAS,Fast
GTEX-VJYA-1026-SM-4KL21,Fast
GTEX-XAJ8-0726-SM-47JY5,Fast
GTEX-144GN-0726-SM-5O98O,Fast
GTEX-ZVT2-0008-SM-57WC9,Fast
GTEX-18A66-0826-SM-72D5Z,Slow
GTEX-1F5PL-0726-SM-7MKH8,Fast
GTEX-S4Z8-2126-SM-4AD5H,Fast
GTEX-146FR-1326-SM-5SIAJ,Fast
GTEX-13FHP-0011-R5b-SM-5LZY2,Slow
GTEX-ZTX8-1026-SM-5EGHD,Fast
GTEX-13N11-2626-SM-5K7UQ,Fast
GTEX-RWSA-0726-SM-2XCBE,Fast
GTEX-S3XE-0826-SM-4AD4U,Fast
GTEX-13NZ9-0826-SM-5J1NI,Fast
GTEX-11DXZ-2026-SM-5987S,Fast
GTEX-ZYVF-2226-SM-5GIDD,Fast
GTEX-1A3MV-1026-SM-72D5U,Fast
GTEX-Y5V5-0326-SM-5RQJG,Fast
GTEX-13OVG-0005-SM-5P9HA,Fast
GTEX-11TT1-0126-SM-5LUAA,Fast
GTEX-ZAB4-1526-SM-5CVN7,Slow
GTEX-ZXES-1126-SM-5GZXN,Fast
GTEX-13NZB-0426-SM-5KM26,Fast
GTEX-XBED-0003-SM-47JWP,Fast
GTEX-18A66-1926-SM-7LTAG,Slow
GTEX-17F96-2526-SM-7DHL3,Fast
GTEX-SE5C-0926-SM-4BRUF,Fast
GTEX-X5EB-0626-SM-46MVQ,Fast
GTEX-U3ZN-0326-SM-3DB86,Fast
GTEX-14C5O-2826-SM-5RQI6,Slow
GTEX-13X6I-0011-R5a-SM-5PNWW,Slow
GTEX-T2IS-0008-SM-4DM75,Fast
GTEX-X261-1426-SM-4PQZ1,Slow
GTEX-Y9LG-0126-SM-5Q59W,Fast
GTEX-15UF6-0826-SM-6PALJ,Slow
GTEX-15UF7-0926-SM-6M46F,Fast
GTEX-WXYG-1626-SM-4ONCR,Fast
GTEX-1122O-1726-SM-5GICM,Fast
GTEX-11DXZ-1626-SM-5GIDI,Fast
GTEX-TKQ2-1726-SM-4DXUP,Fast
GTEX-Y8LW-0826-SM-4WWDO,Fast
GTEX-XPT6-2126-SM-4B66P,Fast
GTEX-13RTJ-0011-R7b-SM-5P9JS,Slow
GTEX-13X6K-0011-R6a-SM-5P9K6,Slow
GTEX-17HGU-0426-SM-7DUES,Fast
GTEX-11P7K-1026-SM-5HL6Y,Fast
GTEX-18D9A-1926-SM-7LG6P,Fast
GTEX-QMR6-0011-R7A-SM-32PKL,Slow
GTEX-R55E-0011-R8A-SM-2TC66,Fast
GTEX-1CB4H-2726-SM-7EWFF,Slow
GTEX-P4QT-1526-SM-3NMCT,Fast
GTEX-ZT9W-2026-SM-51MRA,Fast
GTEX-131XE-0926-SM-5HL7J,Fast
GTEX-13FHP-1626-SM-5N9FK,Slow
GTEX-14PJO-0011-R8a-SM-6AJAL,Slow
GTEX-Y3IK-1326-SM-4YCD8,Fast
GTEX-XGQ4-2426-SM-4AT55,Fast
GTEX-132NY-0826-SM-5K7Y7,Fast
GTEX-UJHI-0726-SM-3DB92,Fast
GTEX-ZEX8-1526-SM-4WWBE,Fast
GTEX-XAJ8-1026-SM-47JY9,Fast
GTEX-ZP4G-1726-SM-4WWCM,Fast
GTEX-146FR-1826-SM-5QGPF,Fast
GTEX-14JG6-2226-SM-6EU2G,Fast
GTEX-YFCO-0003-SM-4W21I,Fast
GTEX-14PHX-2426-SM-62LEN,Fast
GTEX-146FR-0626-SM-5RQJ1,Fast
GTEX-11EI6-0008-SM-5QGR7,Slow
GTEX-13NYS-0226-SM-5MR49,Slow
GTEX-WRHK-0826-SM-3MJFG,Fast
GTEX-ZAB5-1126-SM-5Q5AD,Fast
GTEX-13N1W-0826-SM-5MR5J,Fast
GTEX-13PL7-0526-SM-5J2MQ,Fast
GTEX-11EM3-0226-SM-5985Y,Fast
GTEX-148VI-0526-SM-5TDDG,Fast
GTEX-ZQUD-1926-SM-51MSA,Fast
GTEX-PWN1-0626-SM-48TDT,Fast
GTEX-WFG7-0008-SM-4LMKB,Fast
GTEX-11LCK-1726-SM-5S2OQ,Fast
GTEX-15ER7-0011-R8a-SM-7KUL2,Fast
GTEX-Y111-0626-SM-4SOIT,Fast
GTEX-ZAB4-0011-R7a-SM-4SOKE,Slow
GTEX-146FR-2426-SM-5NQAU,Fast
GTEX-12WSL-1226-SM-5DUXE,Fast
GTEX-11TT1-0626-SM-5GU4X,Fast
GTEX-1B8KZ-2026-SM-7DHMB,Fast
GTEX-13X6K-0426-SM-5O9DZ,Slow
GTEX-RU1J-1026-SM-46MUR,Fast
GTEX-13FTW-1326-SM-5LZZD,Fast
GTEX-1A3MX-0011-R11b-SM-7DUGP,Slow
GTEX-ZY6K-1826-SM-5GZXK,Fast
GTEX-1192X-0005-SM-5NQC3,Slow
GTEX-X15G-2526-SM-4PQZT,Fast
GTEX-RWS6-1826-SM-47JXX,Fast
GTEX-WYJK-1926-SM-4ONDP,Fast
GTEX-YB5E-0826-SM-4VDRZ,Fast
GTEX-183FY-1526-SM-7IGOW,Fast
GTEX-1B8KZ-1326-SM-7DUG6,Fast
GTEX-15CHQ-1626-SM-6LLJR,Slow
GTEX-1399S-2626-SM-5L3DU,Fast
GTEX-Y8E4-2026-SM-5IFJB,Fast
GTEX-13FHO-1726-SM-5IFGM,Fast
GTEX-13N1W-2626-SM-5IJEP,Fast
GTEX-1122O-0626-SM-5N9B9,Fast
GTEX-XMD1-0011-R11A-SM-4AT5J,Slow
GTEX-X5EB-1026-SM-46MVU,Fast
GTEX-RWSA-0005-SM-2XCAO,Fast
GTEX-13X6H-0726-SM-5Q5BX,Fast
GTEX-1211K-0001-SM-5S2P9,Fast
GTEX-X4XY-1726-SM-46MVO,Fast
GTEX-QV31-1126-SM-4R1K4,Fast
GTEX-11NSD-0326-SM-5A5LS,Fast
GTEX-X5EB-0726-SM-46MVR,Fast
GTEX-P4PQ-1526-SM-3NMCK,Fast
GTEX-ZDTT-2026-SM-5K7TY,Fast
GTEX-T8EM-0626-SM-4DM62,Fast
GTEX-132NY-1226-SM-5PNVF,Fast
GTEX-OHPN-0011-R3A-SM-2I5FC,Fast
GTEX-17JCI-3126-SM-7LTA2,Fast
GTEX-ZLFU-1726-SM-4WWBU,Fast
GTEX-WFON-1926-SM-3LK7L,Fast
GTEX-QDVJ-1826-SM-2S1P3,Fast
GTEX-X5EB-1726-SM-4E3J7,Fast
GTEX-11P7K-0226-SM-5986Z,Fast
GTEX-14PHX-0626-SM-5YY8Z,Fast
GTEX-ZPIC-2426-SM-5DUW1,Fast
GTEX-144GM-1526-SM-79OJM,Fast
GTEX-QVJO-0008-SM-447AU,Slow
GTEX-ZA64-1426-SM-5CVMC,Fast
GTEX-U3ZN-1826-SM-4DXUY,Fast
GTEX-13RTJ-0011-R9a-SM-5Q5AY,Slow
GTEX-17HGU-1526-SM-7EWE4,Fast
GTEX-111CU-1526-SM-5N9FS,Fast
GTEX-16MTA-0826-SM-6LLIC,Fast
GTEX-15FZZ-0826-SM-6LLJO,Fast
GTEX-1314G-1726-SM-5LZUX,Fast
GTEX-ZXES-0004-SM-57WCW,Fast
GTEX-111YS-0526-SM-5GZXJ,Fast
GTEX-X261-0326-SM-3NMD4,Slow
GTEX-14PJN-0626-SM-6EU13,Fast
GTEX-PLZ6-1226-SM-3P5ZS,Fast
GTEX-1AX9K-1226-SM-793CN,Fast
GTEX-15SKB-0426-SM-6PALQ,Fast
GTEX-17GQL-0726-SM-731BL,Fast
GTEX-1AYCT-1926-SM-793AE,Fast
GTEX-XMD1-0011-R8A-SM-4AT48,Slow
GTEX-145LV-2526-SM-5S2VA,Fast
GTEX-17HHE-1826-SM-79OKE,Fast
GTEX-NFK9-0006-SM-3GACS,Fast
GTEX-1C64O-0626-SM-7DHL1,Fast
GTEX-ZF2S-1126-SM-4WKHH,Fast
GTEX-145ME-0926-SM-5O9AR,Fast
GTEX-T2IS-0626-SM-32QP6,Fast
GTEX-YFCO-1826-SM-4W1YH,Fast
GTEX-Y111-0526-SM-4TT3M,Fast
GTEX-R55G-0426-SM-48FDH,Fast
GTEX-ZLV1-2126-SM-4WWD2,Fast
GTEX-117YX-1326-SM-5H125,Fast
GTEX-11DXZ-0626-SM-5GU77,Fast
GTEX-WZTO-0626-SM-4PQYY,Fast
GTEX-XUZC-0426-SM-4BOPE,Fast
GTEX-1AX8Z-1626-SM-73KWD,Fast
GTEX-ZPU1-2026-SM-57WFI,Fast
GTEX-14LLW-0126-SM-6LLIO,Slow
GTEX-XGQ4-0826-SM-4AT4T,Fast
GTEX-T6MO-1926-SM-32QOJ,Fast
GTEX-14DAQ-0011-R3b-SM-5YYAJ,Slow
GTEX-UJHI-0226-SM-4IHJL,Fast
GTEX-R55D-0326-SM-48FES,Fast
GTEX-WFG8-2326-SM-5S2UE,Fast
GTEX-POYW-1126-SM-48TCI,Fast
GTEX-14C5O-0426-SM-5ZZUW,Slow
GTEX-ZYT6-1526-SM-5E45F,Fast
GTEX-UJMC-0326-SM-3GAE2,Fast
GTEX-1AX9K-2126-SM-72D7K,Fast
GTEX-11VI4-0526-SM-5EQ48,Fast
GTEX-W5WG-2326-SM-3GIJH,Fast
GTEX-1A3MX-0526-SM-718A9,Slow
GTEX-16XZZ-0011-R8b-SM-7LT8S,Fast
GTEX-145LS-0011-R7a-SM-5PNWM,Slow
GTEX-1AMEY-1026-SM-718AA,Fast
GTEX-13CF3-0626-SM-5J1NO,Fast
GTEX-1B8KZ-0326-SM-73KY4,Fast
GTEX-15SB6-1726-SM-6PAME,Fast
GTEX-14E1K-1626-SM-664MO,Fast
GTEX-ZF2S-1926-SM-4WWAN,Fast
GTEX-OHPL-0426-SM-3TW8X,Fast
GTEX-PW2O-1926-SM-2S1OB,Fast
GTEX-16NGA-1626-SM-72D6M,Fast
GTEX-1B8KZ-0826-SM-73KYB,Fast
GTEX-1399U-1226-SM-5K7XT,Fast
GTEX-14C5O-0626-SM-664N2,Slow
GTEX-139D8-1126-SM-5LU8W,Fast
GTEX-13RTJ-0011-R4b-SM-5PNX1,Slow
GTEX-ZPIC-1126-SM-5BC7F,Fast
GTEX-12WSG-2026-SM-5FQUU,Fast
GTEX-Y3I4-0126-SM-4TT26,Fast
GTEX-16XZZ-0011-R3a-SM-7IGLH,Fast
GTEX-117YX-2026-SM-5GIEF,Fast
GTEX-1EH9U-2426-SM-7EWFG,Slow
GTEX-S7PM-0126-SM-4AD6S,Fast
GTEX-XMD1-0011-R2B-SM-4AT5N,Slow
GTEX-13NZ9-0926-SM-5KM12,Fast
GTEX-WFJO-2026-SM-4LVM3,Fast
GTEX-WYJK-0326-SM-3NMA8,Fast
GTEX-YEC3-0926-SM-5Q5AC,Fast
GTEX-ZF29-1026-SM-4WKGC,Fast
GTEX-NFK9-0626-SM-2HMIV,Fast
GTEX-QLQW-1526-SM-2S1QV,Fast
GTEX-133LE-0626-SM-5IFFJ,Fast
GTEX-ZDYS-0008-SM-4E3IX,Fast
GTEX-13FHO-0526-SM-5K7VS,Fast
GTEX-XMD2-0126-SM-4YCDU,Fast
GTEX-ZPCL-1026-SM-5GCOX,Fast
GTEX-PWN1-1826-SM-2S1PE,Fast
GTEX-T5JW-0426-SM-4DM7M,Fast
GTEX-14PKU-0526-SM-6871A,Fast
GTEX-XUW1-0005-SM-4BOQ7,Fast
GTEX-17HGU-1826-SM-7IGQM,Fast
GTEX-Y8E4-0326-SM-4VBRR,Fast
GTEX-117YX-1426-SM-5H12H,Fast
GTEX-1399S-1926-SM-5J2M5,Fast
GTEX-1AX9K-2726-SM-7DHMA,Fast
GTEX-14PK6-2126-SM-6ETZV,Fast
GTEX-YEC4-0002-SM-4W1Z6,Fast
GTEX-ZAB4-1226-SM-5CVN5,Slow
GTEX-Y3I4-0526-SM-4TT6X,Fast
GTEX-NL4W-0008-SM-4E3I2,Slow
GTEX-15ER7-1026-SM-7KUMD,Fast
GTEX-XMD1-0526-SM-4AT4Z,Slow
GTEX-ZAB5-0226-SM-5CVMH,Fast
GTEX-14C5O-3026-SM-5YYB2,Slow
GTEX-X5EB-0426-SM-46MVY,Fast
GTEX-15CHC-1126-SM-6LLHQ,Fast
GTEX-11P7K-1826-SM-5HL5A,Fast
GTEX-18QFQ-1526-SM-72D57,Fast
GTEX-YB5E-0926-SM-4WWDQ,Fast
GTEX-183WM-2826-SM-731C2,Slow
GTEX-YF7O-0626-SM-4W21R,Fast
GTEX-1A3MV-1426-SM-72D63,Fast
GTEX-O5YT-1726-SM-3NMD7,Fast
GTEX-14PJ4-1026-SM-6AJ97,Fast
GTEX-ZYY3-3026-SM-5GIEJ,Slow
GTEX-15SDE-2326-SM-6PAL4,Fast
GTEX-QDVN-0726-SM-4B64L,Fast
GTEX-13D11-0226-SM-5LZXL,Fast
GTEX-W5WG-1526-SM-4LMIG,Fast
GTEX-13NZB-1226-SM-5J2MW,Fast
GTEX-R45C-0926-SM-3GAD4,Fast
GTEX-Q2AH-0005-SM-33HBR,Fast
GTEX-ZAB4-2426-SM-5HL8A,Slow
GTEX-146FH-2026-SM-5SI9I,Fast
GTEX-13FTW-2026-SM-5IJE2,Fast
GTEX-14PK6-1726-SM-6871J,Fast
GTEX-OXRL-1426-SM-3NM9E,Fast
GTEX-1339X-1126-SM-5J2OI,Fast
GTEX-ZGAY-0426-SM-4WWAM,Fast
GTEX-XMK1-2026-SM-4B65K,Fast
GTEX-13NZ9-1026-SM-5MR5K,Fast
GTEX-132QS-1126-SM-5P9GC,Fast
GTEX-X8HC-0626-SM-4E3HQ,Fast
GTEX-YEC4-0226-SM-4W1YG,Fast
GTEX-1F48J-2326-SM-7MKG3,Slow
GTEX-XPT6-0008-SM-4B64Q,Fast
GTEX-13PL7-2326-SM-5L3FY,Fast
GTEX-WHSB-0926-SM-4M1XJ,Fast
GTEX-QV44-1226-SM-4R1KE,Fast
GTEX-13FHP-1526-SM-5IJGE,Slow
GTEX-QMRM-0226-SM-4R1K7,Fast
GTEX-ZYY3-0226-SM-5E45M,Slow
GTEX-14B4R-2026-SM-5QGQL,Fast
GTEX-17F9E-1826-SM-7IGMC,Fast
GTEX-ZTPG-0326-SM-5O9AX,Fast
GTEX-15ER7-1726-SM-6PAMX,Fast
GTEX-14JFF-2826-SM-6871Q,Slow
GTEX-WRHK-1626-SM-3MJFH,Fast
GTEX-QEG5-1026-SM-4R1KT,Fast
GTEX-ZT9W-2126-SM-51MSF,Fast
GTEX-12ZZW-0011-R4a-SM-5DUX9,Slow
GTEX-11DXZ-1726-SM-5H12M,Fast
GTEX-17HGU-2426-SM-7EWDP,Fast
GTEX-16NPV-2626-SM-6M484,Slow
GTEX-T6MO-1726-SM-33HB8,Fast
GTEX-1399S-2326-SM-5K7YV,Fast
GTEX-WY7C-0626-SM-4ONCT,Fast
GTEX-13PL7-1126-SM-5MR5O,Fast
GTEX-Q2AH-2026-SM-2S1PX,Fast
GTEX-WFON-2326-SM-3LK7M,Fast
GTEX-1192X-2526-SM-59868,Slow
GTEX-1C475-0126-SM-731DC,Fast
GTEX-YEC3-0526-SM-5IFHN,Fast
GTEX-ZA64-0126-SM-5HL8Z,Fast
GTEX-X4XY-0226-SM-4E3IZ,Fast
GTEX-17EUY-0226-SM-79OKV,Fast
GTEX-145MH-0426-SM-5LU8T,Fast
GTEX-XUW1-0008-SM-4BOQH,Fast
GTEX-11DXX-0426-SM-5EQ5F,Fast
GTEX-16BQI-0726-SM-6LPJZ,Fast
GTEX-11LCK-0826-SM-5PNYD,Fast
GTEX-132QS-1626-SM-5K7YZ,Fast
GTEX-183WM-0011-R11a-SM-718A5,Slow
GTEX-R55E-0011-R7A-SM-2TC5Z,Fast
GTEX-139T6-2126-SM-5KM37,Fast
GTEX-X8HC-0126-SM-4E3JW,Fast
GTEX-QDVN-0426-SM-48TZ6,Fast
GTEX-OHPL-2026-SM-3TW8R,Fast
GTEX-14A5I-0726-SM-5TDEB,Slow
GTEX-1A3MX-1226-SM-731B3,Slow
GTEX-ZY6K-0126-SM-5SIAM,Fast
GTEX-Y5LM-0926-SM-6LLJG,Fast
GTEX-139T6-0526-SM-5IJC9,Fast
GTEX-13W3W-0226-SM-731ET,Fast
GTEX-14A6H-2326-SM-5Q5B5,Fast
GTEX-WFON-1826-SM-3GILG,Fast
GTEX-X585-0011-R3B-SM-46MVG,Slow
GTEX-11ZUS-2826-SM-5EQKW,Fast
GTEX-14C38-1526-SM-5RQJ7,Fast
GTEX-13NZ8-0126-SM-5IJCT,Slow
GTEX-QVJO-2526-SM-4R1KB,Slow
GTEX-13N11-0326-SM-5LUA3,Fast
GTEX-PX3G-0226-SM-3NB2C,Fast
GTEX-ZVE2-0626-SM-5GU7I,Fast
GTEX-13X6K-2726-SM-5O9DG,Slow
GTEX-WFON-2126-SM-3LK7O,Fast
GTEX-ZVE2-0326-SM-57WFC,Fast
GTEX-PX3G-0326-SM-2I3EO,Fast
GTEX-17JCI-2326-SM-7IGPC,Fast
GTEX-N7MT-1326-SM-2I3FV,Slow
GTEX-13111-1126-SM-5GCMZ,Fast
GTEX-13OVI-0826-SM-5KLZ8,Fast
GTEX-14PJ6-0926-SM-686ZA,Fast
GTEX-12ZZX-0011-R8a-SM-5DUW8,Fast
GTEX-YF7O-0926-SM-5IFIF,Fast
GTEX-14DAQ-0826-SM-73KWT,Slow
GTEX-13FTW-2226-SM-5J1OH,Fast
GTEX-U3ZM-0326-SM-4DXUJ,Fast
GTEX-13NZ9-1226-SM-5MR3J,Fast
GTEX-WRHK-0426-SM-4MVOG,Fast
GTEX-ZVTK-0008-SM-57WDA,Fast
GTEX-13IVO-3026-SM-5J2M2,Slow
GTEX-13PVR-2426-SM-5RQHN,Fast
GTEX-Y8E4-2126-SM-5RQHO,Fast
GTEX-18QFQ-0326-SM-731C3,Fast
GTEX-15G1A-1726-SM-6LPI4,Fast
GTEX-XQ8I-0526-SM-4BOPS,Fast
GTEX-YJ8A-1126-SM-5IFJU,Fast
GTEX-T8EM-1826-SM-4DM7F,Fast
GTEX-R55C-1826-SM-3GADI,Fast
GTEX-14PN3-2026-SM-68729,Fast
GTEX-ZEX8-0008-SM-4E3JU,Fast
GTEX-PLZ6-1626-SM-3NB23,Fast
GTEX-14JG6-2026-SM-6EU2E,Fast
GTEX-S95S-0726-SM-4B64H,Fast
GTEX-132QS-0005-SM-5LZXK,Fast
GTEX-15ETS-0726-SM-6LPKL,Fast
GTEX-145MH-1426-SM-5QGPO,Fast
GTEX-12WSK-2326-SM-5GCOH,Fast
GTEX-XXEK-1426-SM-4BRW1,Fast
GTEX-ZLFU-1026-SM-5EQMZ,Fast
GTEX-131XF-2826-SM-5EGKH,Fast
GTEX-17HHE-0126-SM-79398,Fast
GTEX-QV44-0426-SM-4R1KF,Fast
GTEX-12WSN-0008-SM-664MI,Fast
GTEX-145LT-1926-SM-5QGP5,Fast
GTEX-WYVS-0226-SM-4ONDK,Fast
GTEX-17HGU-1126-SM-793BP,Fast
GTEX-R55G-2526-SM-2TC6D,Fast
GTEX-WK11-0326-SM-4OOS6,Fast
GTEX-SE5C-1826-SM-2XCE4,Fast
GTEX-YEC3-0626-SM-5IFHZ,Fast
GTEX-R3RS-0126-SM-3GIJL,Slow
GTEX-QV44-0526-SM-2S1RE,Fast
GTEX-UJMC-1026-SM-4IHKN,Fast
GTEX-YEC4-1226-SM-5CVLX,Fast
GTEX-1AMFI-2126-SM-731BT,Fast
GTEX-14PHW-0126-SM-6LLJI,Slow
GTEX-ZF29-0002-SM-4WKF2,Fast
GTEX-18D9U-2126-SM-7LG4Y,Fast
GTEX-14PKU-0626-SM-6EU1Q,Fast
GTEX-Q2AI-0826-SM-48TZO,Fast
GTEX-QEG4-0926-SM-4R1JO,Fast
GTEX-X8HC-0008-SM-46MU6,Fast
GTEX-Y5V5-0226-SM-5S2N8,Fast
GTEX-14DAQ-0011-R5b-SM-5YYAK,Slow
GTEX-XBEW-1726-SM-4RGMA,Fast
GTEX-SNOS-0726-SM-4DM5Z,Fast
GTEX-X4LF-0826-SM-4QASC,Fast
GTEX-WFON-1626-SM-4LVMV,Fast
GTEX-OHPN-0226-SM-48TBV,Fast
GTEX-WY7C-0004-SM-4ONDS,Fast
GTEX-ZVP2-0005-SM-51MRK,Fast
GTEX-117YX-1626-SM-5GZZG,Fast
GTEX-ZLWG-0326-SM-4WWC7,Fast
GTEX-111FC-0626-SM-5N9CU,Fast
GTEX-ZT9W-1426-SM-4YCD2,Fast
GTEX-13NYS-0011-R6b-SM-5MR3R,Slow
GTEX-U3ZN-0002-SM-3NMDF,Fast
GTEX-ZYFG-1326-SM-5GICJ,Fast
GTEX-QEG4-0726-SM-4R1JL,Fast
GTEX-11I78-1226-SM-5A5K6,Fast
GTEX-146FH-0126-SM-5QGPP,Fast
GTEX-S4P3-1326-SM-4AD6V,Fast
GTEX-U8T8-0326-SM-3DB93,Fast
GTEX-TSE9-0011-R9A-SM-3DB7Q,Fast
GTEX-T2IS-1526-SM-32QPR,Fast
GTEX-Y114-1726-SM-4TT7U,Fast
GTEX-V955-1826-SM-4JBIL,Fast
GTEX-ZLWG-2426-SM-57WG6,Fast
GTEX-11P7K-0126-SM-5986E,Fast
GTEX-13FHP-0011-R1b-SM-5K7XL,Slow
GTEX-16NGA-1326-SM-718AH,Fast
GTEX-18D9A-1626-SM-7LG5Q,Fast
GTEX-14DAR-0426-SM-664MW,Fast
GTEX-UJHI-1626-SM-3DB9A,Fast
GTEX-11P7K-0626-SM-5985Z,Fast
GTEX-XQ8I-0726-SM-4BOPU,Fast
GTEX-12ZZW-0011-R6a-SM-5DUVZ,Slow
GTEX-15ER7-3226-SM-6LPIX,Fast
GTEX-OHPN-2726-SM-2I5H4,Fast
GTEX-OOBK-1026-SM-48TC2,Fast
GTEX-1C4CL-1926-SM-731DY,Fast
GTEX-1339X-0526-SM-5KLYW,Fast
GTEX-ZEX8-2326-SM-5S2MN,Fast
GTEX-X4XX-0011-R5A-SM-46MWN,Slow
GTEX-WFG7-0626-SM-4LMK6,Fast
GTEX-145LS-0011-R6b-SM-5PNWL,Slow
GTEX-183FY-1026-SM-7939A,Fast
GTEX-U8XE-1026-SM-4E3HM,Slow
GTEX-145LT-0126-SM-5S2QJ,Fast
GTEX-1A3MX-1926-SM-72D7F,Slow
GTEX-PW2O-1426-SM-48TCD,Fast
GTEX-WOFL-0006-SM-3TW8K,Fast
GTEX-13O61-1326-SM-5KM31,Fast
GTEX-T2IS-0011-R6A-SM-32QP2,Fast
GTEX-QLQ7-1526-SM-2S1QA,Fast
GTEX-ZP4G-0926-SM-4WWF4,Fast
GTEX-13111-0426-SM-5DUXR,Fast
GTEX-ZTPG-0526-SM-5O98W,Fast
GTEX-13S86-2526-SM-5S2V5,Fast
GTEX-RM2N-0326-SM-48FD8,Fast
GTEX-PLZ6-0926-SM-3P5ZQ,Fast
GTEX-12WSL-1626-SM-5GCMU,Fast
GTEX-Q734-1926-SM-2I5EV,Fast
GTEX-PWCY-0326-SM-43IRU,Fast
GTEX-ZT9X-1826-SM-57WDU,Fast
GTEX-1AX8Z-2526-SM-731E3,Fast
GTEX-ZV7C-1526-SM-5NQ72,Fast
GTEX-Y114-0002-SM-4TT78,Fast
GTEX-QV31-0826-SM-4R1KR,Fast
GTEX-NFK9-1726-SM-3TW8P,Fast
GTEX-15SHV-1926-SM-6LPI1,Fast
GTEX-1211K-0826-SM-5FQUP,Fast
GTEX-17EVQ-1826-SM-7IGPH,Fast
GTEX-13OVI-1026-SM-5L3EM,Fast
GTEX-13113-1126-SM-5LZU9,Fast
GTEX-14PHY-2626-SM-62LF8,Fast
GTEX-13QJ3-1026-SM-5QGQU,Fast
GTEX-VJYA-1926-SM-3GIJJ,Fast
GTEX-S7PM-0008-SM-3NM9Q,Fast
GTEX-13NZB-2626-SM-5J2M7,Fast
GTEX-11DXX-1226-SM-5GICD,Fast
GTEX-R53T-1626-SM-3GAEW,Fast
GTEX-R55D-0826-SM-48FEA,Fast
GTEX-183WM-0011-R8a-SM-7189W,Slow
GTEX-PW2O-0008-SM-48TEB,Fast
GTEX-ZPU1-2726-SM-4WWFT,Fast
GTEX-ZYT6-2826-SM-5GICX,Fast
GTEX-OXRK-0926-SM-2HMKP,Fast
GTEX-1B8KE-0926-SM-7189I,Fast
GTEX-YF7O-0005-SM-4W1ZU,Fast
GTEX-NFK9-0326-SM-3MJGV,Fast
GTEX-TML8-1326-SM-4DXTO,Fast
GTEX-14PHY-2726-SM-62LE2,Fast
GTEX-11EM3-2326-SM-5H12B,Fast
GTEX-1AMEY-1526-SM-73KYW,Fast
GTEX-PX3G-2426-SM-48TZZ,Fast
GTEX-18D9U-1426-SM-718BO,Fast
GTEX-1399R-0002-SM-62LD9,Fast
GTEX-1C64O-1526-SM-7EWES,Fast
GTEX-QDVJ-0926-SM-2I5FU,Fast
GTEX-16NPV-0626-SM-7IGOR,Slow
GTEX-14PJ4-2426-SM-6EU1U,Fast
GTEX-1C475-1826-SM-73KWA,Fast
GTEX-Y5V6-2626-SM-5IFIX,Fast
GTEX-PX3G-1626-SM-2S1PT,Fast
GTEX-13X6I-2726-SM-5Q5ET,Slow
GTEX-ZYVF-0326-SM-5GIES,Fast
GTEX-13113-5004-SM-79ONL,Fast
GTEX-ZF3C-0008-SM-4E3IL,Fast
GTEX-16NPV-0011-R8a-SM-7EPH8,Slow
GTEX-YFCO-0926-SM-5LUA5,Fast
GTEX-ZPU1-1326-SM-57WE1,Fast
GTEX-QVUS-0626-SM-447CC,Slow
GTEX-111CU-1826-SM-5GZYN,Fast
GTEX-15CHC-0226-SM-5YYBB,Fast
GTEX-XXEK-1726-SM-4BRVB,Fast
GTEX-XV7Q-1726-SM-4BRUU,Fast
GTEX-13FH7-1326-SM-5IFG8,Fast
GTEX-14PJN-1826-SM-6AJ98,Fast
GTEX-WHWD-2426-SM-3LK6S,Fast
GTEX-WHPG-0726-SM-4M1XX,Fast
GTEX-1C2JI-2126-SM-793CG,Fast
GTEX-13VXT-0005-SM-5N9F3,Fast
GTEX-147F3-0526-SM-5SI98,Fast
GTEX-131XF-0926-SM-5BC69,Fast
GTEX-S95S-1626-SM-2XCDJ,Fast
GTEX-15ER7-0626-SM-6PANF,Fast
GTEX-14PQA-0011-R6b-SM-6AJAM,Slow
GTEX-13PVR-0726-SM-5S2PX,Fast
GTEX-RU1J-0326-SM-46MUM,Fast
GTEX-12KS4-0826-SM-5BC5R,Fast
GTEX-X4XX-0926-SM-46MV7,Slow
GTEX-111YS-1626-SM-5GZZ9,Fast
GTEX-13OVI-0001-SM-5O9BL,Fast
GTEX-1B8KE-1926-SM-731EE,Fast
GTEX-11NSD-1126-SM-5N9BQ,Fast
GTEX-ZAB4-0011-R6a-SM-4SOKD,Slow
GTEX-ZVTK-0226-SM-51MRG,Fast
GTEX-WHSB-1226-SM-4M1XR,Fast
GTEX-11TTK-2926-SM-5PNYP,Slow
GTEX-QDVJ-1226-SM-48U1V,Fast
GTEX-14PJO-0726-SM-69LO8,Slow
GTEX-SNMC-0626-SM-4DM6H,Fast
GTEX-17HGU-0926-SM-79OKO,Fast
GTEX-132Q8-0011-R7b-SM-5N9F1,Slow
GTEX-WFJO-1126-SM-4LVLZ,Fast
GTEX-NPJ7-0008-SM-4E3JS,Slow
GTEX-1CB4F-1226-SM-7DHKU,Fast
GTEX-16AAH-0626-SM-793C9,Fast
GTEX-183FY-1726-SM-7LT9Q,Fast
GTEX-WFON-0126-SM-4LVM9,Fast
GTEX-16A39-1426-SM-6LLI6,Fast
GTEX-12BJ1-0226-SM-5LUA2,Fast
GTEX-X4XY-0011-R8A-SM-46MVC,Fast
GTEX-139YR-2126-SM-5KM11,Fast
GTEX-UPK5-1226-SM-4IHL8,Fast
GTEX-UJMC-1926-SM-3GADS,Fast
GTEX-REY6-1126-SM-48FDU,Fast
GTEX-1CAMR-1626-SM-79OLC,Fast
GTEX-132AR-2426-SM-5IFFD,Fast
GTEX-T5JW-0226-SM-4DM7I,Fast
GTEX-WY7C-0426-SM-3NB3C,Fast
GTEX-15EO6-0011-R11b-SM-6M47M,Slow
GTEX-W5WG-1826-SM-4KL2Y,Fast
GTEX-S4Z8-0008-SM-33HAZ,Fast
GTEX-139YR-0226-SM-5IFEM,Fast
GTEX-17EVQ-1126-SM-7LG58,Fast
GTEX-V1D1-0006-SM-3NMCE,Fast
GTEX-ZPIC-0008-SM-4E3JF,Fast
GTEX-12BJ1-0006-SM-5SIB5,Fast
GTEX-1AX9K-2626-SM-793CO,Fast
GTEX-Y8E4-0126-SM-4VBQ2,Fast
GTEX-17F96-1426-SM-7IGQA,Fast
GTEX-183FY-1426-SM-7DHLM,Fast
GTEX-Y5V5-1626-SM-4VDSG,Fast
GTEX-1A3MX-0011-R5a-SM-79OM5,Slow
GTEX-U3ZH-1926-SM-4DXTR,Fast
GTEX-V955-0126-SM-4JBH5,Fast
GTEX-111CU-0126-SM-5GZWZ,Fast
GTEX-18A66-1826-SM-7KFSU,Slow
GTEX-ZA64-0326-SM-5HL8T,Fast
GTEX-111CU-0426-SM-5GZY1,Fast
GTEX-13O21-2526-SM-5J1OZ,Fast
GTEX-14C5O-0011-R1b-SM-6AJBW,Slow
GTEX-ZP4G-0006-SM-4WWE6,Fast
GTEX-11P81-1126-SM-5GU5G,Fast
GTEX-14PJO-0011-R5a-SM-6AJBZ,Slow
GTEX-QESD-1626-SM-2S1RB,Fast
GTEX-1GN1U-3226-SM-7MKH5,Slow
GTEX-T8EM-1526-SM-3DB7I,Fast
GTEX-X4XX-1026-SM-4QARO,Slow
GTEX-13D11-2726-SM-5K7V7,Fast
GTEX-OOBK-0005-SM-2YUMG,Fast
GTEX-11P82-1426-SM-5BC5L,Fast
GTEX-YFC4-1126-SM-5RQJN,Fast
GTEX-XGQ4-0526-SM-4AT6C,Fast
GTEX-13PVR-1726-SM-5Q5EC,Fast
GTEX-14BMU-1626-SM-5TDE7,Fast
GTEX-W5WG-1126-SM-4LMK4,Fast
GTEX-PWCY-1426-SM-48TCT,Fast
GTEX-14PJ4-1426-SM-69LO6,Fast
GTEX-117YX-0326-SM-5GICL,Fast
GTEX-12WSJ-0926-SM-5P9JD,Fast
GTEX-13X6K-1826-SM-5O9CR,Slow
GTEX-WYJK-0826-SM-3NM8Y,Fast
GTEX-16NPX-0826-SM-6M489,Fast
GTEX-15ETS-2326-SM-7KUGC,Fast
GTEX-13FTW-1726-SM-5KM2B,Fast
GTEX-XMD1-0011-R9A-SM-4AT49,Slow
GTEX-ZF28-0011-R6a-SM-4WKHI,Slow
GTEX-15DZA-0826-SM-6AJBF,Fast
GTEX-ZWKS-0626-SM-5GIDV,Slow
GTEX-148VI-1726-SM-5S2W9,Fast
GTEX-OHPN-2826-SM-3LK67,Fast
GTEX-14E6C-1526-SM-664ND,Slow
GTEX-15RIG-0126-SM-6PAN4,Fast
GTEX-13W3W-0726-SM-5IJDQ,Fast
GTEX-1AX9J-1626-SM-73KUI,Fast
GTEX-15UF6-2626-SM-6M466,Slow
GTEX-1AMFI-0426-SM-731C7,Fast
GTEX-13NYS-0011-R4b-SM-5MR3O,Slow
GTEX-11EQ8-0226-SM-5EQ5G,Slow
GTEX-144GM-0126-SM-5Q5AX,Fast
GTEX-PLZ5-0326-SM-3P614,Fast
GTEX-111CU-1726-SM-5EGHM,Fast
GTEX-ZAB4-0011-R3a-SM-4RGNQ,Slow
GTEX-131XW-2226-SM-5PNY1,Slow
GTEX-14C5O-2326-SM-73KYU,Slow
GTEX-R55G-1526-SM-48FER,Fast
GTEX-QMRM-0126-SM-4R1K9,Fast
GTEX-1CAMR-0826-SM-7MKFK,Fast
GTEX-Y5LM-1926-SM-5RQJH,Fast
GTEX-15ER7-0826-SM-6PALW,Fast
GTEX-R55C-0726-SM-48FCN,Fast
GTEX-U8XE-0126-SM-4E3I3,Slow
GTEX-X4XX-0005-SM-3NMCS,Slow
GTEX-OHPK-0426-SM-3MJH3,Fast
GTEX-16YQH-0011-R5b-SM-7938U,Fast
GTEX-WFG7-1026-SM-4LMK8,Fast
GTEX-16AAH-1426-SM-7KFTR,Fast
GTEX-13PDP-1226-SM-5K7TW,Slow
GTEX-WXYG-1226-SM-4ONCJ,Fast
GTEX-12WSG-2426-SM-5EQLZ,Fast
GTEX-TSE9-0011-R11A-SM-3DB7N,Fast
GTEX-13OVG-0326-SM-5KM57,Fast
GTEX-PX3G-1426-SM-48U1J,Fast
GTEX-148VI-0226-SM-5RQKA,Fast
GTEX-17GQL-1726-SM-718B8,Fast
GTEX-WRHK-0008-SM-4MVPA,Fast
GTEX-YJ8A-0726-SM-5Q5A6,Fast
GTEX-14DAQ-1826-SM-5S2VV,Slow
GTEX-13CF3-1726-SM-5LU9E,Fast
GTEX-XYKS-2526-SM-4BOPX,Fast
GTEX-TML8-0005-SM-32QPA,Fast
GTEX-14H4A-1926-SM-5ZZWN,Fast
GTEX-144GM-0626-SM-79OKY,Fast
GTEX-14DAQ-3126-SM-62LDS,Slow
GTEX-PWN1-0006-SM-5SI7T,Fast
GTEX-13FHO-1826-SM-5K7Y6,Fast
GTEX-131XW-0626-SM-5PNVD,Slow
GTEX-12ZZX-2826-SM-5BC6K,Fast
GTEX-18A67-1326-SM-7LT8V,Fast
GTEX-YEC3-0426-SM-4YCEP,Fast
GTEX-PW2O-1826-SM-5SI7R,Fast
GTEX-1122O-0826-SM-5GICV,Fast
GTEX-15SHW-0326-SM-6PAML,Fast
GTEX-13O21-1726-SM-5MR5A,Fast
GTEX-R55C-0226-SM-48FEO,Fast
GTEX-131XG-1326-SM-5DUX4,Fast
GTEX-WXYG-0005-SM-3NB3M,Fast
GTEX-Y114-2726-SM-4TT9B,Fast
GTEX-17EVQ-0011-R9b-SM-79OJY,Fast
GTEX-13X6I-0011-R10a-SM-5PNWI,Slow
GTEX-ZF28-0011-R9a-SM-4WWDY,Slow
GTEX-146FQ-1726-SM-5QGPX,Fast
GTEX-13FTX-1226-SM-5IFGN,Fast
GTEX-OIZI-0526-SM-2XCEG,Fast
GTEX-14DAQ-1526-SM-5ZZW8,Slow
GTEX-12BJ1-1426-SM-5BC5Q,Fast
GTEX-14PJ2-1126-SM-69LOD,Fast
GTEX-16XZZ-3126-SM-7EPGJ,Fast
GTEX-13RTJ-1926-SM-5YYA2,Slow
GTEX-1AX9J-1026-SM-72D6E,Fast
GTEX-U3ZN-0726-SM-4DXT5,Fast
GTEX-145MN-1326-SM-5NQ9S,Fast
GTEX-WOFM-1326-SM-3MJFR,Fast
GTEX-12WSL-0426-SM-5GCNX,Fast
GTEX-Y8LW-0426-SM-4VBQ6,Fast
GTEX-1B932-1326-SM-79OM4,Fast
GTEX-132NY-0726-SM-5KLZM,Fast
GTEX-XV7Q-1826-SM-4BRUV,Fast
GTEX-QEG5-0326-SM-2S1PB,Fast
GTEX-1314G-0008-SM-5YY9K,Fast
GTEX-ZF29-0926-SM-4WKFZ,Fast
GTEX-ZLWG-0726-SM-5S2NG,Fast
GTEX-RNOR-0426-SM-2TF4U,Fast
GTEX-TML8-0008-SM-4DXUI,Fast
GTEX-1399U-2126-SM-5IFEZ,Fast
GTEX-15SHV-0926-SM-6M46I,Fast
GTEX-1A3MV-0126-SM-731FQ,Fast
GTEX-1497J-2526-SM-5TDCE,Fast
GTEX-14PJ3-0426-SM-6LLHF,Fast
GTEX-ZVE1-0726-SM-51MRN,Fast
GTEX-14PJ5-0826-SM-6AJAR,Fast
GTEX-ZQUD-0526-SM-57WG4,Fast
GTEX-QXCU-1726-SM-2TC6L,Fast
GTEX-YFC4-1426-SM-5IFJG,Fast
GTEX-1497J-0826-SM-5NQAJ,Fast
GTEX-13NYS-0626-SM-5L3F1,Slow
GTEX-15ER7-0011-R2a-SM-6M46O,Fast
GTEX-146FH-2526-SM-5Q5BP,Fast
GTEX-15CHR-1426-SM-7DUGV,Fast
GTEX-X4XY-1026-SM-46MVX,Fast
GTEX-ZF2S-2526-SM-5CVNT,Fast
GTEX-13O61-1726-SM-5KM46,Fast
GTEX-14PKV-0926-SM-6AJB4,Fast
GTEX-1A3MX-0426-SM-72D5W,Slow
GTEX-Q2AI-1126-SM-48U19,Fast
GTEX-WFJO-0005-SM-3GIKY,Fast
GTEX-14E6E-0726-SM-5S2R3,Fast
GTEX-11DXZ-1926-SM-5GZZL,Fast
GTEX-NPJ8-0011-R1a-SM-33HCB,Slow
GTEX-ZA64-0926-SM-5HL7H,Fast
GTEX-RWS6-0008-SM-47JYV,Fast
GTEX-WZTO-0011-R7B-SM-4E3IS,Fast
GTEX-XV7Q-0326-SM-4BRVM,Fast
GTEX-1AX8Z-0726-SM-73KTS,Fast
GTEX-Y3I4-1026-SM-4TT2C,Fast
GTEX-QEG4-0126-SM-48TZE,Fast
GTEX-15RJE-2826-SM-7KUM9,Slow
GTEX-Y5V5-0006-SM-4V6FE,Fast
GTEX-Y8LW-1526-SM-5IFHL,Fast
GTEX-15FZZ-0726-SM-7KUFZ,Fast
GTEX-15ER7-3026-SM-6M47W,Fast
GTEX-12WSK-2126-SM-5CVNC,Fast
GTEX-1A3MV-0426-SM-73KXL,Fast
GTEX-1AX9J-2526-SM-73KUY,Fast
GTEX-14C5O-1626-SM-73KYH,Slow
GTEX-QEG4-0526-SM-48TZD,Fast
GTEX-15SDE-2226-SM-7IGLO,Fast
GTEX-PX3G-1326-SM-48U18,Fast
GTEX-R55E-1326-SM-48FCR,Fast
GTEX-ZAB4-0626-SM-5CVN3,Slow
GTEX-ZDYS-2526-SM-4WKGU,Fast
GTEX-ZVZP-1426-SM-5NQ7R,Fast
GTEX-17MFQ-0526-SM-7KFTX,Fast
GTEX-REY6-1426-SM-48FDK,Fast
GTEX-QDVJ-0626-SM-48U1T,Fast
GTEX-RUSQ-2026-SM-4GIAK,Fast
GTEX-11TT1-0426-SM-5EGI9,Fast
GTEX-14B4R-1326-SM-5Q5EZ,Fast
GTEX-OHPK-2526-SM-3MJH9,Fast
GTEX-NFK9-1026-SM-2HMK1,Fast
GTEX-ZF28-0011-R3a-SM-4WWDA,Slow
GTEX-P4PQ-0226-SM-2S1NK,Fast
GTEX-X5EB-0526-SM-46MVP,Fast
GTEX-1C4CL-0926-SM-79OL2,Fast
GTEX-ZVZQ-0011-R10b-SM-51MRT,Fast
GTEX-111YS-0008-SM-5Q5BH,Fast
GTEX-13NZ9-2026-SM-5KM1U,Fast
GTEX-U3ZM-1526-SM-3DB9D,Fast
GTEX-14PHY-0726-SM-5YY8X,Fast
GTEX-NPJ8-0011-R6a-SM-2HMKB,Slow
GTEX-Y3IK-2326-SM-4WWDT,Fast
GTEX-13O61-2126-SM-5IJEO,Fast
GTEX-ZF2S-0006-SM-4WKHF,Fast
GTEX-RN64-0008-SM-48FEZ,Fast
GTEX-OOBJ-0008-SM-3NB26,Fast
GTEX-144GO-0011-R7b-SM-5S2TT,Slow
GTEX-13X6H-2326-SM-7EWEB,Fast
GTEX-12WSA-0726-SM-5FQU2,Slow
GTEX-117YX-1126-SM-5H128,Fast
GTEX-W5WG-1626-SM-4LMKG,Fast
GTEX-13111-2126-SM-5LZU2,Fast
GTEX-QV44-0008-SM-447AX,Fast
GTEX-ZF2S-3026-SM-4WWCH,Fast
GTEX-QV44-2226-SM-447A3,Fast
GTEX-13IVO-0226-SM-5LZXU,Slow
GTEX-YB5K-2526-SM-62LEW,Fast
GTEX-VUSG-2426-SM-4KKZG,Fast
GTEX-QV44-0126-SM-4R1KH,Fast
GTEX-12WSA-0011-R7b-SM-5GU5U,Slow
GTEX-14PII-0626-SM-69LPY,Slow
GTEX-X3Y1-0426-SM-3P5Z4,Fast
GTEX-12ZZX-0011-R11a-SM-5DUVJ,Fast
GTEX-WRHU-2826-SM-3MJG8,Fast
GTEX-Y9LG-0626-SM-4WWDH,Fast
GTEX-P4QT-1626-SM-5S2UR,Fast
GTEX-11EM3-1926-SM-5987U,Fast
GTEX-OIZI-0008-SM-2XCFD,Fast
GTEX-13JUV-0011-R10b-SM-5LZXR,Fast
GTEX-ZVZP-2626-SM-51MR4,Fast
GTEX-NPJ8-1726-SM-2YUNB,Slow
GTEX-S4P3-0426-SM-4AD56,Fast
GTEX-11NSD-2226-SM-5986V,Fast
GTEX-Z9EW-1826-SM-5CVMA,Fast
GTEX-17F96-0626-SM-793CC,Fast
GTEX-Y114-0008-SM-4TT8X,Fast
GTEX-1AMEY-0526-SM-72D62,Fast
GTEX-U8XE-2526-SM-4E3IT,Slow
GTEX-1A3MX-0011-R2b-SM-7EWFL,Slow
GTEX-PWCY-0426-SM-48TCW,Fast
GTEX-133LE-1826-SM-5J1MV,Fast
GTEX-14BMU-0426-SM-73KYT,Fast
GTEX-183WM-0011-R5a-SM-718A4,Slow
GTEX-13PVR-0126-SM-5S2PY,Fast
GTEX-13O21-0126-SM-5IJE8,Fast
GTEX-QVJO-0526-SM-447CE,Slow
GTEX-132AR-2526-SM-5PNVM,Fast
GTEX-145LS-0011-R8b-SM-5PNXA,Slow
GTEX-Y3I4-0226-SM-4TT27,Fast
GTEX-NPJ7-0011-R9a-SM-2TC5R,Slow
GTEX-14AS3-2026-SM-5TDD9,Fast
GTEX-13CF3-1226-SM-5LZXN,Fast
GTEX-1CB4I-1026-SM-7MKFZ,Fast
GTEX-VUSG-0926-SM-3GIK6,Fast
GTEX-13N11-2926-SM-5K7VD,Fast
GTEX-145ME-1926-SM-5SI9S,Fast
GTEX-WFG8-0001-SM-4LVN8,Fast
GTEX-145MH-2726-SM-5QGQ6,Fast
GTEX-XXEK-2026-SM-4BRVE,Fast
GTEX-ZVT2-0826-SM-5GIEO,Fast
GTEX-ZAB5-2426-SM-5CVMW,Fast
GTEX-ZLWG-1226-SM-4WWFS,Fast
GTEX-146FH-1226-SM-5NQB6,Fast
GTEX-VUSG-2526-SM-4KL1V,Fast
GTEX-15CHQ-0626-SM-6AJ9E,Slow
GTEX-1122O-0526-SM-5N9DM,Fast
GTEX-P4PP-3026-SM-3P61O,Fast
GTEX-OXRL-0426-SM-3NM97,Fast
GTEX-REY6-0626-SM-2TF4G,Fast
GTEX-12ZZX-1126-SM-5EGKB,Fast
GTEX-QDVJ-1126-SM-48U1U,Fast
GTEX-OOBJ-1826-SM-3NB1C,Fast
GTEX-14E6C-2626-SM-5RQJP,Slow
GTEX-14A5I-1226-SM-5NQBW,Slow
GTEX-OHPL-0006-SM-3MJHB,Fast
GTEX-12WSG-0826-SM-5EQ5A,Fast
GTEX-1CB4F-1126-SM-79OLG,Fast
GTEX-WXYG-2226-SM-4E3IM,Fast
GTEX-QCQG-0226-SM-48U28,Fast
GTEX-Y9LG-2226-SM-4VDS9,Fast
GTEX-12WSL-1326-SM-5LZVW,Fast
GTEX-U3ZN-0426-SM-4DXSH,Fast
GTEX-PWO3-1526-SM-48TCM,Slow
GTEX-18A66-1026-SM-731B8,Slow
GTEX-13111-1926-SM-5GCOL,Fast
GTEX-1AX9J-0526-SM-72D5O,Fast
GTEX-Z9EW-0726-SM-5HL9H,Fast
GTEX-U3ZH-1426-SM-4DXSR,Fast
GTEX-REY6-0126-SM-48FDT,Fast
GTEX-S3XE-0126-SM-4AD4R,Fast
GTEX-TKQ1-1026-SM-4GICL,Fast
GTEX-13YAN-0926-SM-5O9C3,Fast
GTEX-12KS4-0008-SM-664MC,Fast
GTEX-R55E-0326-SM-48FD2,Fast
GTEX-TKQ2-0826-SM-33HB6,Fast
GTEX-WY7C-2426-SM-3NB2V,Fast
GTEX-ZLV1-1426-SM-4WWES,Fast
GTEX-133LE-0926-SM-5P9J1,Fast
GTEX-15ER7-2926-SM-7KUFK,Fast
GTEX-18A67-1426-SM-718BC,Fast
GTEX-15DZA-1326-SM-68722,Fast
GTEX-XBED-2026-SM-4AT5D,Fast
GTEX-14PN3-2626-SM-6EU17,Fast
GTEX-ZV6S-2126-SM-4YCEM,Fast
GTEX-12WSJ-0002-SM-5TDBV,Fast
GTEX-14PHX-0526-SM-664NW,Fast
GTEX-14E6C-0726-SM-664NB,Slow
GTEX-14PKU-1026-SM-6EU12,Fast
GTEX-ZYY3-0126-SM-5GZY5,Slow
GTEX-WHSB-1326-SM-3LK6W,Fast
GTEX-14E1K-0006-SM-5N9DY,Fast
GTEX-U3ZM-0226-SM-4DXTA,Fast
GTEX-1A3MV-0826-SM-72D6J,Fast
GTEX-QVUS-0011-R6A-SM-3GACX,Slow
GTEX-ZC5H-1726-SM-5HL7X,Fast
GTEX-1497J-2126-SM-5NQB8,Fast
GTEX-11EM3-1226-SM-5N9DD,Fast
GTEX-14ICL-0926-SM-5S2TU,Fast
GTEX-13VXT-1426-SM-5LU4B,Fast
GTEX-13IVO-0726-SM-5LZYV,Slow
GTEX-132Q8-0011-R1a-SM-5EGLK,Slow
GTEX-11I78-2426-SM-5A5K9,Fast
GTEX-PLZ6-1726-SM-2S1O6,Fast
GTEX-17F97-2726-SM-7IGQ4,Slow
GTEX-QLQ7-0005-SM-2S1QP,Fast
GTEX-12ZZW-2926-SM-5LZUP,Slow
GTEX-16NGA-1926-SM-7LTA6,Fast
GTEX-QDT8-0011-R5A-SM-32PKN,Slow
GTEX-14PKV-1426-SM-5YYB9,Fast
GTEX-WQUQ-0006-SM-3MJF4,Fast
GTEX-111FC-1326-SM-5N9D9,Fast
GTEX-SNOS-1026-SM-4DM4Y,Fast
GTEX-X585-1826-SM-4QAS3,Slow
GTEX-131XW-0326-SM-5KM1J,Slow
GTEX-15ER7-0426-SM-6PAM3,Fast
GTEX-13X6I-0011-R9b-SM-5PNZJ,Slow
GTEX-Y9LG-1726-SM-4VBQE,Fast
GTEX-183WM-2726-SM-7KFRF,Slow
GTEX-13OVK-2226-SM-6LPJY,Fast
GTEX-V1D1-2226-SM-3NMAX,Fast
GTEX-15ETS-0526-SM-6PAN3,Fast
GTEX-14E6E-0226-SM-7DUEF,Fast
GTEX-U3ZH-0526-SM-3DB75,Fast
GTEX-13OVI-1326-SM-5IJBO,Fast
GTEX-NPJ7-0011-R6a-SM-2I3G7,Slow
GTEX-139T6-1226-SM-5IFFC,Fast
GTEX-QMR6-0011-R6A-SM-32PKP,Slow
GTEX-16YQH-2826-SM-6PAMY,Fast
GTEX-11NSD-0426-SM-5N9CR,Fast
GTEX-14PKU-0326-SM-6AJA7,Fast
GTEX-WHWD-1826-SM-3LK6I,Fast
GTEX-W5WG-0008-SM-4KL25,Fast
GTEX-OXRO-1926-SM-2S1O3,Slow
GTEX-1GMR2-1026-SM-7MKHJ,Fast
GTEX-Y8E4-0826-SM-4VBRS,Fast
GTEX-13111-2026-SM-5GCMN,Fast
GTEX-WRHU-0726-SM-3MJFL,Fast
GTEX-U4B1-0226-SM-4DXU8,Fast
GTEX-14E6C-1326-SM-62LEQ,Slow
GTEX-1AX9J-1326-SM-731BJ,Fast
GTEX-1CB4F-2326-SM-7MKFO,Fast
GTEX-ZYY3-3126-SM-5SI9L,Slow
GTEX-1399S-0226-SM-5IFFG,Fast
GTEX-WRHK-0526-SM-4MVOF,Fast
GTEX-ZVP2-0626-SM-51MSO,Fast
GTEX-Q2AH-0126-SM-48U2B,Fast
GTEX-ZLV1-0005-SM-4WWAP,Fast
GTEX-14PJ4-2526-SM-6LLIT,Fast
GTEX-NPJ8-0426-SM-2HMK6,Slow
GTEX-13O21-0826-SM-5J2NU,Fast
GTEX-RNOR-0011-R3A-SM-5SI8E,Fast
GTEX-ZAB4-0826-SM-5LU9D,Slow
GTEX-1AMEY-1326-SM-73KYK,Fast
GTEX-132AR-2326-SM-5IJDY,Fast
GTEX-17JCI-0011-R6a-SM-72D6D,Fast
GTEX-ZT9W-0226-SM-4YCCZ,Fast
GTEX-PLZ5-0006-SM-5S2W5,Fast
GTEX-144GM-0526-SM-79OJO,Fast
GTEX-139T8-0011-R3b-SM-5HL4R,Slow
GTEX-V955-1626-SM-4JBHJ,Fast
GTEX-PWCY-0826-SM-48TCR,Fast
GTEX-15DZA-1026-SM-6PAND,Fast
GTEX-18D9B-0726-SM-72D6K,Fast
GTEX-S32W-2526-SM-2XCB8,Fast
GTEX-UJHI-1726-SM-3DB9B,Fast
GTEX-15CHC-2126-SM-6EU21,Fast
GTEX-145MH-0326-SM-5LU8H,Fast
GTEX-UPK5-0006-SM-3GAD8,Fast
GTEX-1B932-1726-SM-793A5,Fast
GTEX-WOFM-0326-SM-4OOSL,Fast
GTEX-WK11-1326-SM-4OOSI,Fast
GTEX-12WSK-0226-SM-5BC62,Fast
GTEX-ZTX8-1426-SM-5DUVO,Fast
GTEX-RWSA-0626-SM-2XCBD,Fast
GTEX-14PK6-2026-SM-6LLHP,Fast
GTEX-14AS3-1026-SM-5TDD7,Fast
GTEX-WZTO-0011-R5B-SM-3NMC5,Fast
GTEX-X4EP-0011-R10B-SM-4QASJ,Slow
GTEX-15G1A-1626-SM-7KUKN,Fast
GTEX-U8XE-0626-SM-3DB8U,Slow
GTEX-Y111-2226-SM-4SOJB,Fast
GTEX-14PKV-1126-SM-6LLJ1,Fast
GTEX-13RTJ-2126-SM-5S2PZ,Slow
GTEX-WFG8-0426-SM-3GILD,Fast
GTEX-ZYFG-1426-SM-5GICS,Fast
GTEX-T2IS-0426-SM-32QPE,Fast
GTEX-POMQ-1426-SM-3P61D,Fast
GTEX-SNMC-0826-SM-4DM66,Fast
GTEX-13O3P-2326-SM-5KM55,Slow
GTEX-16NGA-0126-SM-72D6U,Fast
GTEX-13RTK-0126-SM-5RQHQ,Fast
GTEX-15CHQ-0011-R7b-SM-69LP1,Slow
GTEX-18D9B-0226-SM-731CV,Fast
GTEX-1A3MW-2226-SM-73KUX,Slow
GTEX-NFK9-0226-SM-2HMKQ,Fast
GTEX-11DXX-2326-SM-5Q5A2,Fast
GTEX-16NPX-0726-SM-7KULC,Fast
GTEX-131XF-2626-SM-5EQ6K,Fast
GTEX-12WSL-2726-SM-5CVNL,Fast
GTEX-ZDTT-0004-SM-4WKG3,Fast
GTEX-1B932-2826-SM-73KUD,Fast
GTEX-PWCY-1726-SM-48TD3,Fast
GTEX-14PJ3-1926-SM-62LEY,Fast
GTEX-111CU-0626-SM-5EGHL,Fast
GTEX-11P82-1726-SM-5Q5AT,Fast
GTEX-WYVS-1226-SM-4ONCL,Fast
GTEX-13O21-0926-SM-5IFGT,Fast
GTEX-QVUS-0011-R10A-SM-3GIK3,Slow
GTEX-QEG5-0626-SM-2S1PP,Fast
GTEX-QLQW-0726-SM-447AA,Fast
GTEX-1B97I-0226-SM-73KVO,Fast
GTEX-ZF28-0008-SM-4E3K3,Slow
GTEX-13OVK-0326-SM-7KUEJ,Fast
GTEX-P4QS-0726-SM-3NMCZ,Fast
GTEX-S4P3-1226-SM-4AD4Y,Fast
GTEX-13PL7-2426-SM-5J2N3,Fast
GTEX-14XAO-0326-SM-6ETZN,Fast
GTEX-14E6E-0426-SM-73KUE,Fast
GTEX-13OVI-1926-SM-5IJCG,Fast
GTEX-Y3I4-2126-SM-4TT7C,Fast
GTEX-XBED-0926-SM-48TCE,Fast
GTEX-12WSJ-1126-SM-5LZVJ,Fast
GTEX-ZYFG-1226-SM-5GIC7,Fast
GTEX-SNOS-0226-SM-32PLR,Fast
GTEX-TMMY-1926-SM-4DXUU,Fast
GTEX-OHPL-0526-SM-3NM8U,Fast
GTEX-QCQG-1326-SM-48U24,Fast
GTEX-13QBU-1626-SM-5LU4S,Fast
GTEX-RN64-0126-SM-2TC68,Fast
GTEX-18A66-0926-SM-718BG,Slow
GTEX-XAJ8-0226-SM-4GIB2,Fast
GTEX-ZPIC-0926-SM-4WWFK,Fast
GTEX-ZYY3-2626-SM-5N9DH,Slow
GTEX-16MT9-0226-SM-793BN,Fast
GTEX-17F97-0626-SM-7IGOH,Slow
GTEX-144GM-0726-SM-79OJQ,Fast
GTEX-14E1K-0726-SM-62LDU,Fast
GTEX-1CAMR-0126-SM-79391,Fast
GTEX-WYVS-1926-SM-4PQZ2,Fast
GTEX-WFG7-0001-SM-3P61S,Fast
GTEX-1B932-1026-SM-793CL,Fast
GTEX-12WSF-3026-SM-6LPIU,Slow
GTEX-X3Y1-0726-SM-3P5YU,Fast
GTEX-ZLWG-0626-SM-4WWFR,Fast
GTEX-13113-0126-SM-5LZVX,Fast
GTEX-XYKS-1726-SM-4E3IO,Fast
GTEX-14AS3-0006-SM-5NQC2,Fast
GTEX-13OVG-0226-SM-5LU93,Fast
GTEX-146FR-0526-SM-5Q5EX,Fast
GTEX-R3RS-1026-SM-3GADF,Slow
GTEX-14DAQ-0011-R4a-SM-5YYAI,Slow
GTEX-12C56-1326-SM-5FQSV,Fast
GTEX-R55E-0011-R4A-SM-2TC5H,Fast
GTEX-14AS3-0126-SM-5Q5F4,Fast
GTEX-ZAB5-0626-SM-5PNVB,Fast
GTEX-16AAH-0326-SM-7DHML,Fast
GTEX-YEC3-2026-SM-4WWFL,Fast
GTEX-11DXX-0826-SM-5GZZP,Fast
GTEX-ZQUD-0226-SM-4YCEB,Fast
GTEX-YF7O-0426-SM-5P9FS,Fast
GTEX-XBED-1926-SM-47JYP,Fast
GTEX-145MH-0011-R1b-SM-5PNWY,Fast
GTEX-1B932-1426-SM-793AN,Fast
GTEX-ZT9W-1126-SM-57WDR,Fast
GTEX-PW2O-1226-SM-48TCH,Fast
GTEX-ZQG8-1626-SM-5HL6H,Fast
GTEX-14PHW-2926-SM-6AJBA,Slow
GTEX-XPT6-0326-SM-4B66V,Fast
GTEX-13O61-2626-SM-5KM4U,Fast
GTEX-11TT1-2126-SM-5GU5Y,Fast
GTEX-145MN-2626-SM-5NQAH,Fast
GTEX-PW2O-0126-SM-48TC8,Fast
GTEX-11EI6-0126-SM-5985R,Slow
GTEX-16YQH-2326-SM-7EWDS,Fast
GTEX-V1D1-1726-SM-4JBHB,Fast
GTEX-132Q8-0011-R11b-SM-5DUW9,Slow
GTEX-17MFQ-1826-SM-7DHLS,Fast
GTEX-18QFQ-1626-SM-72D7H,Fast
GTEX-13FHO-0426-SM-5L3F5,Fast
GTEX-15F5U-0126-SM-6LPKA,Fast
GTEX-XUZC-1526-SM-4BRV4,Fast
GTEX-14A6H-2426-SM-5Q5BO,Fast
GTEX-11EI6-2926-SM-5985U,Slow
GTEX-13VXT-2426-SM-5LU46,Fast
GTEX-1F75I-1826-SM-7MKGX,Fast
GTEX-12WSJ-0005-SM-5LU8S,Fast
GTEX-ZP4G-0126-SM-4YCE3,Fast
GTEX-X5EB-0004-SM-46MWA,Fast
GTEX-13RTK-0726-SM-5Q5EN,Fast
GTEX-ZZ64-1026-SM-5GZXG,Fast
GTEX-WK11-2726-SM-3NMAQ,Fast
GTEX-14C5O-0011-R8a-SM-5YYAG,Slow
GTEX-13FH7-2026-SM-5IJCR,Fast
GTEX-YJ8O-2226-SM-5IFHW,Fast
GTEX-ZQUD-1326-SM-57WEF,Fast
GTEX-YB5E-2126-SM-5IFI7,Fast
GTEX-145LV-1226-SM-5S2QH,Fast
GTEX-12ZZX-3026-SM-5GCP3,Fast
GTEX-ZYVF-2726-SM-5GID4,Fast
GTEX-13W3W-2126-SM-5K7UX,Fast
GTEX-ZPCL-1826-SM-57WF1,Fast
GTEX-YJ8A-1526-SM-5P9FT,Fast
GTEX-OHPL-3026-SM-3MJGS,Fast
GTEX-12C56-0002-SM-5S2PC,Fast
GTEX-NPJ8-0007-SM-2D7VX,Slow
GTEX-1AX9J-2026-SM-731AV,Fast
GTEX-WH7G-0326-SM-3NMBH,Fast
GTEX-13YAN-2026-SM-5Q5EY,Fast
GTEX-V1D1-0226-SM-4JBHG,Fast
GTEX-14C38-1426-SM-5RQHZ,Fast
GTEX-1211K-2026-SM-5EQ4Z,Fast
GTEX-1CAMR-1526-SM-79OLP,Fast
GTEX-1A3MV-0226-SM-731FS,Fast
GTEX-13FTW-2526-SM-5IJC8,Fast
GTEX-S3XE-0926-SM-4AD4S,Fast
GTEX-14DAR-1326-SM-7DUEG,Fast
GTEX-ZT9X-0326-SM-51MTE,Fast
GTEX-ZP4G-0008-SM-4E3I4,Fast
GTEX-U4B1-1026-SM-4DXT1,Fast
GTEX-13RTK-0526-SM-5S2QF,Fast
GTEX-17KNJ-0526-SM-7LTA8,Fast
GTEX-1122O-0226-SM-5N9DA,Fast
GTEX-111YS-2426-SM-5GZZQ,Fast
GTEX-13FH7-0926-SM-5J2MR,Fast
GTEX-ZDYS-1026-SM-4WKHC,Fast
GTEX-QDT8-0011-R6A-SM-32PKI,Slow
GTEX-YJ8O-1826-SM-5HL82,Fast
GTEX-111CU-0526-SM-5EGHK,Fast
GTEX-ZPU1-0226-SM-4WWC9,Fast
GTEX-V955-0926-SM-4JBJ8,Fast
GTEX-144GN-1626-SM-5Q5BU,Fast
GTEX-13YAN-0326-SM-5O9DF,Fast
GTEX-17HGU-2626-SM-79OKN,Fast
GTEX-13D11-1726-SM-5IFGQ,Fast
GTEX-WHPG-1526-SM-4M1ZK,Fast
GTEX-P4PQ-0326-SM-2HMJ8,Fast
GTEX-U3ZM-1226-SM-3DB9G,Fast
GTEX-13FTW-0626-SM-5IFEX,Fast
GTEX-14ICL-2026-SM-62LDN,Fast
GTEX-11I78-2026-SM-5987C,Fast
GTEX-11ZUS-0226-SM-5FQT8,Fast
GTEX-17F9E-0626-SM-79ON5,Fast
GTEX-OXRO-0226-SM-3LK6F,Slow
GTEX-ZVT2-2626-SM-51MTD,Fast
GTEX-OOBJ-0426-SM-3NB1S,Fast
GTEX-WY7C-1526-SM-4OND2,Fast
GTEX-ZLWG-2226-SM-5DUWO,Fast
GTEX-ZPU1-1726-SM-4WWFV,Fast
GTEX-14PJ4-0626-SM-6AJBS,Fast
GTEX-NPJ7-1326-SM-3MJHO,Slow
GTEX-18D9A-1826-SM-718BK,Fast
GTEX-14XAO-1026-SM-6LLJ7,Fast
GTEX-169BO-0526-SM-793AK,Fast
GTEX-NFK9-0126-SM-3LK5H,Fast
GTEX-11EM3-0126-SM-5985K,Fast
GTEX-U3ZH-1626-SM-3DB74,Fast
GTEX-NPJ7-2926-SM-3MJGQ,Slow
GTEX-12WSG-2826-SM-5FQUS,Fast
GTEX-13FTW-1526-SM-5LZXC,Fast
GTEX-S32W-0926-SM-4AD5X,Fast
GTEX-ZTX8-0226-SM-5E44D,Fast
GTEX-TML8-1826-SM-32QOR,Fast
GTEX-13QBU-0326-SM-5LU3F,Fast
GTEX-TKQ1-1326-SM-4DXU7,Fast
GTEX-ZV6S-2326-SM-4YCEY,Fast
GTEX-1FIGZ-0126-SM-7MKGZ,Fast
GTEX-13N1W-0326-SM-5IJDJ,Fast
GTEX-111YS-1126-SM-5GZYQ,Fast
GTEX-XAJ8-0626-SM-47JY4,Fast
GTEX-14DAR-1826-SM-664N1,Fast
GTEX-1192X-0226-SM-5H12D,Slow
GTEX-RWS6-2126-SM-2XCAV,Fast
GTEX-1122O-1526-SM-5N9CL,Fast
GTEX-12ZZX-1226-SM-5EGHS,Fast
GTEX-11EI6-0626-SM-5985T,Slow
GTEX-PWCY-1326-SM-48TCU,Fast
GTEX-UJHI-0426-SM-3DB8Y,Fast
GTEX-XUZC-2126-SM-4BRW8,Fast
GTEX-P4PQ-0626-SM-3NMCU,Fast
GTEX-ZY6K-2026-SM-5GZXQ,Fast
GTEX-13FTW-1626-SM-5KM4N,Fast
GTEX-13X6H-0926-SM-5SIB2,Fast
GTEX-YFC4-1226-SM-5LU9R,Fast
GTEX-PLZ5-1526-SM-3P5ZX,Fast
GTEX-14PN3-0226-SM-6871K,Fast
GTEX-13PL7-0726-SM-5KM1S,Fast
GTEX-T8EM-0426-SM-4DM7E,Fast
GTEX-OHPM-1026-SM-3LK74,Fast
GTEX-T5JW-0926-SM-4DM5K,Fast
GTEX-15CHR-0626-SM-7938V,Fast
GTEX-QLQW-1426-SM-2S1QU,Fast
GTEX-ZF2S-0626-SM-4WKH2,Fast
GTEX-11TTK-0826-SM-5N9EG,Slow
GTEX-145ME-1326-SM-5O98Q,Fast
GTEX-13W3W-2326-SM-5LU4Y,Fast
GTEX-139T8-0008-SM-5ZZUD,Slow
GTEX-131XG-2326-SM-5HL8F,Fast
GTEX-1B8KE-0826-SM-72D6S,Fast
GTEX-14XAO-2226-SM-6LLHU,Fast
GTEX-XUZC-0726-SM-4BOPH,Fast
GTEX-YB5K-0826-SM-5YYB7,Fast
GTEX-P4PQ-0005-SM-2HMKJ,Fast
GTEX-ZPU1-0626-SM-4YCDM,Fast
GTEX-18QFQ-1926-SM-72D5H,Fast
GTEX-ZDTT-1226-SM-4WKG9,Fast
GTEX-R55E-0006-SM-2TC5G,Fast
GTEX-Y114-0126-SM-4TT8K,Fast
GTEX-13OVK-1926-SM-6M48G,Fast
GTEX-13FH7-1126-SM-5K7UG,Fast
GTEX-R53T-0426-SM-48FEM,Fast
GTEX-QEG5-1426-SM-447AS,Fast
GTEX-17KNJ-1126-SM-7KFT6,Fast
GTEX-11I78-0008-SM-5Q5DI,Fast
GTEX-XUZC-1426-SM-4BRV3,Fast
GTEX-WFJO-0726-SM-4LVM8,Fast
GTEX-11P82-1326-SM-5HL62,Fast
GTEX-13FHO-1226-SM-5L3EF,Fast
GTEX-ZLV1-1126-SM-4WWBW,Fast
GTEX-13FHO-0011-R10b-SM-5J2MM,Fast
GTEX-1B97I-0626-SM-73KUZ,Fast
GTEX-11ZTT-1626-SM-5EQKR,Fast
GTEX-XUW1-1026-SM-4BONY,Fast
GTEX-V955-2026-SM-3GAFA,Fast
GTEX-WHSB-0002-SM-4M1ZR,Fast
GTEX-13X6H-1826-SM-7EWCZ,Fast
GTEX-POYW-0008-SM-48TE4,Fast
GTEX-TKQ1-1426-SM-4GICK,Fast
GTEX-144GM-2026-SM-5LU3D,Fast
GTEX-12ZZX-1026-SM-5LZUW,Fast
GTEX-P4QS-1726-SM-3NB1V,Fast
GTEX-15RIF-1326-SM-6LPKO,Fast
GTEX-12WSG-2126-SM-5EGJ7,Fast
GTEX-1339X-1026-SM-5IFH5,Fast
GTEX-U8XE-1126-SM-3DB8W,Slow
GTEX-ZWKS-2826-SM-5NQ74,Slow
GTEX-POYW-0726-SM-2XCEO,Fast
GTEX-13D11-1926-SM-5IFGB,Fast
GTEX-14ICK-1726-SM-6AJA5,Fast
GTEX-U4B1-0726-SM-4DXUA,Fast
GTEX-13FH7-1026-SM-5IJGF,Fast
GTEX-15EO6-0011-R4a-SM-7KULH,Slow
GTEX-14DAR-1526-SM-5RQIX,Fast
GTEX-1AYCT-0626-SM-7EPI5,Fast
GTEX-Q734-1026-SM-48U16,Fast
GTEX-145LS-0526-SM-5LU8Y,Slow
GTEX-PSDG-1426-SM-48TD1,Fast
GTEX-11EM3-1726-SM-5N9D1,Fast
GTEX-17F98-0926-SM-7DHLT,Fast
GTEX-12KS4-0326-SM-5EQ41,Fast
GTEX-1211K-0926-SM-5FQTL,Fast
GTEX-13NZ9-0726-SM-5J1ME,Fast
GTEX-1AMFI-0226-SM-731D5,Fast
GTEX-S32W-0006-SM-2XCAK,Fast
GTEX-X8HC-2826-SM-46MWJ,Fast
GTEX-14AS3-1326-SM-5RQJE,Fast
GTEX-13RTL-0426-SM-7LG66,Slow
GTEX-15EO6-2926-SM-6M48D,Slow
GTEX-1CB4H-1126-SM-7MKGL,Slow
GTEX-145MH-0011-R6a-SM-5PNZ7,Fast
GTEX-R55G-1026-SM-48FDI,Fast
GTEX-WYBS-1026-SM-4ONCY,Fast
GTEX-ZYT6-0226-SM-5NQ6T,Fast
GTEX-12WSN-0926-SM-5GCN1,Fast
GTEX-17KNJ-2126-SM-718AM,Fast
GTEX-WYVS-0426-SM-4ONDL,Fast
GTEX-17HHE-0726-SM-7DHL7,Fast
GTEX-111YS-0926-SM-5EGGI,Fast
GTEX-13RTK-0326-SM-5RQHS,Fast
GTEX-1399R-2726-SM-5IJBA,Fast
GTEX-14753-0326-SM-5QGQB,Slow
GTEX-RN64-0626-SM-2TC5V,Fast
GTEX-14PJ6-0526-SM-6LLIU,Fast
GTEX-QDVJ-1726-SM-2I5FX,Fast
GTEX-13FHO-2926-SM-5L3ES,Fast
GTEX-QDVN-0926-SM-2I5GL,Fast
GTEX-145MH-1526-SM-5LUAU,Fast
GTEX-13111-1526-SM-5EGJX,Fast
GTEX-15UF6-1826-SM-6LLI9,Slow
GTEX-ZDYS-1226-SM-5IJF3,Fast
GTEX-XPT6-0006-SM-4B66Q,Fast
GTEX-12BJ1-0326-SM-5FQUB,Fast
GTEX-132NY-0626-SM-5L3D9,Fast
GTEX-13CF3-1626-SM-5IFG9,Fast
GTEX-131XE-0726-SM-5HL9K,Fast
GTEX-14A6H-5019-SM-793DH,Fast
GTEX-OOBJ-3026-SM-3NB1D,Fast
GTEX-17F96-0126-SM-7EWDU,Fast
GTEX-15CHQ-0011-R8b-SM-6EU32,Slow
GTEX-RM2N-0526-SM-2TF4N,Fast
GTEX-13NYS-0011-R2b-SM-5MR4G,Slow
GTEX-S32W-0126-SM-4AD61,Fast
GTEX-Q2AH-1726-SM-3NB2B,Fast
GTEX-1C4CL-0826-SM-7EWEZ,Fast
GTEX-13N1W-0626-SM-5MR4U,Fast
GTEX-QCQG-0126-SM-48U27,Fast
GTEX-139D8-0226-SM-5KLZO,Fast
GTEX-XXEK-1126-SM-4BRUX,Fast
GTEX-14JG6-0826-SM-6AJB9,Fast
GTEX-14PK6-0226-SM-62LF5,Fast
GTEX-QESD-1726-SM-2S1R7,Fast
GTEX-WOFM-0726-SM-3MJF8,Fast
GTEX-QMRM-0526-SM-2I5GA,Fast
GTEX-11VI4-2126-SM-5EGI1,Fast
GTEX-13111-1626-SM-5EGJY,Fast
GTEX-14DAR-0726-SM-5RQIA,Fast
GTEX-133LE-0326-SM-5P9G4,Fast
GTEX-13CZU-0005-SM-5LU8K,Fast
GTEX-ZG7Y-1426-SM-4WWBM,Fast
GTEX-ZV7C-2026-SM-5NQ8F,Fast
GTEX-TML8-2026-SM-32QOP,Fast
GTEX-12WSL-2626-SM-5GCNV,Fast
GTEX-144GM-1926-SM-5LUAN,Fast
GTEX-13VXT-0526-SM-5SI9O,Fast
GTEX-17F96-1226-SM-79OK2,Fast
GTEX-QESD-0526-SM-2I5G5,Fast
GTEX-P4PQ-0126-SM-2S1NM,Fast
GTEX-15UF6-2226-SM-6M471,Slow
GTEX-ZLWG-1126-SM-4WWFQ,Fast
GTEX-15UKP-0326-SM-7KUFP,Fast
GTEX-16BQI-0226-SM-7KUEX,Fast
GTEX-S4UY-0926-SM-4AD6O,Fast
GTEX-T5JW-1326-SM-4DM5G,Fast
GTEX-13N11-0126-SM-5KM2Z,Fast
GTEX-1B97I-2026-SM-7DHN2,Fast
GTEX-QCQG-1926-SM-5SI7Q,Fast
GTEX-YEC3-2526-SM-4YCDN,Fast
GTEX-QVUS-0426-SM-48FE3,Slow
GTEX-1399U-0226-SM-5P9J2,Fast
GTEX-WVJS-0008-SM-4MVPC,Fast
GTEX-XGQ4-2626-SM-4AT6B,Fast
GTEX-S95S-1526-SM-2XCDH,Fast
GTEX-RNOR-0826-SM-2TF5C,Fast
GTEX-14PN3-0826-SM-69LOS,Fast
GTEX-16BQI-1626-SM-7KULR,Fast
GTEX-1AX9K-0326-SM-7DHM9,Fast
GTEX-U3ZH-0126-SM-4DXUK,Fast
GTEX-YFC4-0011-R6b-SM-4V6E1,Fast
GTEX-12KS4-0126-SM-5Q5A5,Fast
GTEX-1B8KZ-0426-SM-731DP,Fast
GTEX-OXRN-0226-SM-2I5EJ,Fast
GTEX-OHPK-0008-SM-4E3JL,Fast
GTEX-1477Z-1626-SM-5SIA8,Slow
GTEX-1CAMR-1426-SM-793BO,Fast
GTEX-15EO6-0126-SM-6LPKJ,Slow
GTEX-V955-1326-SM-4JBHR,Fast
GTEX-1AX9K-0626-SM-73KVD,Fast
GTEX-ZVE2-0526-SM-5GU7E,Fast
GTEX-X261-2326-SM-4PQYU,Slow
GTEX-ZVP2-1626-SM-5GU5D,Fast
GTEX-1122O-1626-SM-5N9CX,Fast
GTEX-ZYT6-1226-SM-5E44Q,Fast
GTEX-ZLWG-0126-SM-4WWC5,Fast
GTEX-132NY-2826-SM-5P9G2,Fast
GTEX-WYVS-1726-SM-3NMAY,Fast
GTEX-ZVE1-0526-SM-5NQ71,Fast
GTEX-YFCO-1726-SM-4W21S,Fast
GTEX-X261-0126-SM-3NMD6,Slow
GTEX-ZV6S-0826-SM-5NQ6Z,Fast
GTEX-11I78-2326-SM-5Q5AH,Fast
GTEX-15DCZ-1226-SM-6871P,Fast
GTEX-1399S-0926-SM-5PNVQ,Fast
GTEX-R55C-0826-SM-48FCL,Fast
GTEX-14E6E-1026-SM-664N9,Fast
GTEX-ZGAY-0006-SM-4WWAQ,Fast
GTEX-WHSB-1026-SM-4M1XN,Fast
GTEX-XMD2-0006-SM-4WWEG,Fast
GTEX-1CB4I-0626-SM-79OM1,Fast
GTEX-12KS4-1326-SM-5LUB3,Fast
GTEX-12126-0526-SM-5PNW4,Fast
GTEX-14PJN-1726-SM-69LO7,Fast
GTEX-XGQ4-2526-SM-4AT57,Fast
GTEX-ZTPG-0002-SM-4YCEI,Fast
GTEX-Y9LG-0008-SM-4VBRJ,Fast
GTEX-11P82-0526-SM-5986P,Fast
GTEX-14PJ3-1726-SM-5ZZVH,Fast
GTEX-11XUK-0626-SM-5N9ES,Fast
GTEX-R55E-2726-SM-48FCX,Fast
GTEX-14PJ6-0126-SM-686Z5,Fast
GTEX-13JUV-3026-SM-5K7WX,Fast
GTEX-12126-0006-SM-5O9B8,Fast
GTEX-1399R-0006-SM-5N9FR,Fast
GTEX-17MFQ-1726-SM-793C7,Fast
GTEX-178AV-1326-SM-6LPJX,Fast
GTEX-ZQUD-0126-SM-7EPIS,Fast
GTEX-XYKS-0008-SM-4BRW6,Fast
GTEX-11XUK-0126-SM-5CVLK,Fast
GTEX-11P7K-1926-SM-5GU6R,Fast
GTEX-RNOR-0011-R4A-SM-3GAD3,Fast
GTEX-11ZTT-1026-SM-5EQKF,Fast
GTEX-111YS-1926-SM-5GICC,Fast
GTEX-XPVG-0926-SM-4B651,Fast
GTEX-X3Y1-0001-SM-4PQYP,Fast
GTEX-16XZY-0526-SM-7DHKY,Fast
GTEX-WXYG-2326-SM-4E3I6,Fast
GTEX-ZV7C-2426-SM-5NQ7Q,Fast
GTEX-S95S-0002-SM-3NM8K,Fast
GTEX-RNOR-1226-SM-48FDQ,Fast
GTEX-16YQH-2226-SM-7IGM2,Fast
GTEX-12WSN-5001-SM-7DHMK,Fast
GTEX-14JFF-0526-SM-62LFL,Slow
GTEX-U3ZN-0126-SM-4DXUM,Fast
GTEX-11LCK-0005-SM-5O98U,Fast
GTEX-15UF7-1926-SM-6LPJT,Fast
GTEX-14E6E-0526-SM-793DN,Fast
GTEX-117YX-0626-SM-5EGJI,Fast
GTEX-R53T-0526-SM-3GADL,Fast
GTEX-OOBK-0425-SM-3LK5O,Fast
GTEX-TMMY-1326-SM-4DXU9,Fast
GTEX-XMD1-0011-R3B-SM-4AT5R,Slow
GTEX-WRHK-0005-SM-3MJF5,Fast
GTEX-QEG5-0726-SM-4R1JQ,Fast
GTEX-X4XY-0326-SM-46MVZ,Fast
GTEX-17EVQ-0011-R3b-SM-7LT9B,Fast
GTEX-ZEX8-2226-SM-57WC6,Fast
GTEX-YJ8O-2726-SM-5IFJ7,Fast
GTEX-ZC5H-0526-SM-5HL9E,Fast
GTEX-1CB4I-2026-SM-7DHMG,Fast
GTEX-17F97-3026-SM-79OKC,Slow
GTEX-WEY5-0426-SM-3GIKT,Fast
GTEX-16AAH-0726-SM-793A9,Fast
GTEX-WHPG-2126-SM-4M1ZM,Fast
GTEX-11TT1-2726-SM-5LU8L,Fast
GTEX-W5WG-2726-SM-4LMIC,Fast
GTEX-ZC5H-0126-SM-4WAYL,Fast
GTEX-131XF-5013-SM-7EWFI,Fast
GTEX-P44H-0011-R10A-SM-2XCEK,Slow
GTEX-Y111-2426-SM-4TT23,Fast
GTEX-13FH7-0626-SM-5KLZD,Fast
GTEX-WYVS-0926-SM-4SOJV,Fast
GTEX-13NZ9-1126-SM-5MR37,Fast
GTEX-QDT8-0326-SM-32PL1,Slow
GTEX-14C5O-3126-SM-664NK,Slow
GTEX-146FQ-0326-SM-5NQAX,Fast
GTEX-OXRO-2026-SM-2YUMZ,Slow
GTEX-OHPK-2026-SM-3MJH7,Fast
GTEX-XXEK-0008-SM-4BRW7,Fast
GTEX-NL4W-0011-R11A-SM-2I3DW,Slow
GTEX-R55E-0008-SM-48FCG,Fast
GTEX-ZV7C-0126-SM-57WDE,Fast
GTEX-XQ3S-2726-SM-4BOP2,Fast
GTEX-WZTO-1126-SM-3NM93,Fast
GTEX-OXRL-0226-SM-3NB18,Fast
GTEX-ZG7Y-1326-SM-4WWBL,Fast
GTEX-TSE9-3026-SM-3DB76,Fast
GTEX-14PHY-1226-SM-5ZZWK,Fast
GTEX-17F96-1626-SM-7DUFL,Fast
GTEX-Y5V5-1026-SM-5LUAH,Fast
GTEX-XMD1-0011-R5A-SM-4AT47,Slow
GTEX-ZV6S-1626-SM-5NQ81,Fast
GTEX-14BMU-2026-SM-5S2W6,Fast
GTEX-XPVG-0326-SM-4B653,Fast
GTEX-XV7Q-1026-SM-4BRVR,Fast
GTEX-Y8E4-2426-SM-4WWDN,Fast
GTEX-XMK1-0626-SM-4B65A,Fast
GTEX-XQ3S-1426-SM-4BOPR,Fast
GTEX-14E1K-0426-SM-5S2PF,Fast
GTEX-WY7C-2226-SM-4ONCS,Fast
GTEX-169BO-0326-SM-7EPIM,Fast
GTEX-1399S-1326-SM-5P9GH,Fast
GTEX-1F5PK-1526-SM-7MKGV,Fast
GTEX-ZZ64-0426-SM-5E43F,Fast
GTEX-11DZ1-2926-SM-5A5KI,Slow
GTEX-WYJK-2426-SM-4ONDQ,Fast
GTEX-139T8-0011-R4a-SM-5HL54,Slow
GTEX-R55D-1826-SM-48FEF,Fast
GTEX-16YQH-0011-R3a-SM-7EPGM,Fast
GTEX-YFC4-0011-R3a-SM-4RGLP,Fast
GTEX-1C2JI-1126-SM-731FH,Fast
GTEX-X4LF-0002-SM-4QASG,Fast
GTEX-R53T-1526-SM-48FEK,Fast
GTEX-XXEK-0926-SM-4BRWH,Fast
GTEX-11TT1-1626-SM-5EQL7,Fast
GTEX-18A67-0226-SM-7LG67,Fast
GTEX-WFG8-1226-SM-4V6EI,Fast
GTEX-14PJ3-0726-SM-69LQE,Fast
GTEX-QLQW-1626-SM-4R1K1,Fast
GTEX-1B932-0726-SM-731EY,Fast
GTEX-15EU6-1326-SM-6PANG,Fast
GTEX-YEC4-1926-SM-5IFHJ,Fast
GTEX-14PN3-1526-SM-6ETZM,Fast
GTEX-12ZZW-0011-R5a-SM-5DUVN,Slow
GTEX-YEC3-0726-SM-4YCD1,Fast
GTEX-17HGU-0826-SM-7EWE5,Fast
GTEX-14PJ2-0626-SM-6LLII,Fast
GTEX-Y5V6-1126-SM-4VDTD,Fast
GTEX-17HHE-2126-SM-7DHLO,Fast
GTEX-QLQW-0426-SM-447A7,Fast
GTEX-12WSA-0011-R5b-SM-5GU5I,Slow
GTEX-1192X-0726-SM-5987R,Slow
GTEX-YF7O-1826-SM-5IFIU,Fast
GTEX-15UF6-2326-SM-6M465,Slow
GTEX-1477Z-0226-SM-5TDCI,Slow
GTEX-XBEW-0008-SM-4AT3Y,Fast
GTEX-12WSL-1126-SM-5CVNK,Fast
GTEX-14PJ2-2726-SM-5ZZVZ,Fast
GTEX-1B8KZ-1126-SM-7IGLX,Fast
GTEX-XMK1-0126-SM-4B65F,Fast
GTEX-ZV6S-1826-SM-5NQ8D,Fast
GTEX-XAJ8-0126-SM-47JYG,Fast
GTEX-P4PP-2526-SM-3P61P,Fast
GTEX-14BMU-0326-SM-793DO,Fast
GTEX-14BMU-0526-SM-73KW4,Fast
GTEX-12WSN-5019-SM-79OM6,Fast
GTEX-13N1W-0226-SM-5K7W6,Fast
GTEX-W5WG-0626-SM-4SOID,Fast
GTEX-ZA64-0826-SM-5HL9U,Fast
GTEX-X15G-1326-SM-4PQZJ,Fast
GTEX-11DZ1-0426-SM-5H11A,Slow
GTEX-XPVG-0626-SM-4B65B,Fast
GTEX-P4PP-0326-SM-33HC4,Fast
GTEX-13VXT-1126-SM-5LU3A,Fast
GTEX-R55D-1126-SM-48FEB,Fast
GTEX-15DCZ-0726-SM-69LOV,Fast
GTEX-169BO-0426-SM-7EPI1,Fast
GTEX-P4PP-0008-SM-48TDV,Fast
GTEX-YJ8O-0326-SM-5RQJW,Fast
GTEX-PW2O-0006-SM-2I3DV,Fast
GTEX-QCQG-0326-SM-2I3ES,Fast
GTEX-12126-0011-R9b-SM-5BC6P,Fast
GTEX-12ZZX-1926-SM-5EGKC,Fast
GTEX-14PJ5-1526-SM-6LLIL,Fast
GTEX-131XF-1226-SM-5HL8V,Fast
GTEX-146FR-1026-SM-5NQ9T,Fast
GTEX-139YR-1826-SM-5LZXA,Fast
GTEX-14PJ2-1226-SM-62LFE,Fast
GTEX-11LCK-1126-SM-5A5KC,Fast
GTEX-15SDE-2526-SM-6PAL5,Fast
GTEX-16AAH-1926-SM-7LG4C,Fast
GTEX-RM2N-0008-SM-48FF3,Fast
GTEX-14PII-0526-SM-6EU2A,Slow
GTEX-15FZZ-1926-SM-7KFTQ,Fast
GTEX-178AV-0226-SM-793B7,Fast
GTEX-U3ZM-0008-SM-4DXTQ,Fast
GTEX-ZDTT-2726-SM-4WKF8,Fast
GTEX-O5YT-2126-SM-3MJGD,Fast
GTEX-ZXES-0005-SM-57WCB,Fast
GTEX-OHPK-2326-SM-3MJH2,Fast
GTEX-11ZUS-2526-SM-59872,Fast
GTEX-11P81-2326-SM-59875,Fast
GTEX-1A3MW-0626-SM-731CB,Slow
GTEX-R55C-0326-SM-3GAF1,Fast
GTEX-YB5E-2226-SM-5IFJ5,Fast
GTEX-11ZUS-2626-SM-5FQUR,Fast
GTEX-YJ8O-1026-SM-5CVM5,Fast
GTEX-XQ8I-0008-SM-4WAWM,Fast
GTEX-WHSB-2026-SM-3LK6H,Fast
GTEX-11P82-1826-SM-5PNYJ,Fast
GTEX-X585-0008-SM-46MU4,Slow
GTEX-Y5LM-2226-SM-4VDT1,Fast
GTEX-S32W-2226-SM-2XCAY,Fast
GTEX-14AS3-0526-SM-5QGQQ,Fast
GTEX-14PHY-0326-SM-62LE3,Fast
GTEX-ZF3C-1626-SM-4WWB4,Fast
GTEX-XQ3S-1326-SM-4BOPQ,Fast
GTEX-1AYD5-0226-SM-79ONV,Fast
GTEX-ZDTT-0926-SM-5J2MS,Fast
GTEX-13YAN-0526-SM-5O9BE,Fast
GTEX-Q2AH-0008-SM-48U2J,Fast
GTEX-ZTPG-1226-SM-4YCDO,Fast
GTEX-ZPU1-0826-SM-57WG2,Fast
GTEX-V955-1226-SM-4JBI9,Fast
GTEX-13O21-2926-SM-5J1OU,Fast
GTEX-X15G-1526-SM-4PQZM,Fast
GTEX-1399R-1326-SM-5PNYS,Fast
GTEX-14A6H-0126-SM-5QGPK,Fast
GTEX-13D11-2326-SM-5IJCY,Fast
GTEX-13U4I-1126-SM-5LU3S,Fast
GTEX-13QJ3-0326-SM-5S2RA,Fast
GTEX-1AX8Z-0926-SM-731AW,Fast
GTEX-Y5V6-0226-SM-4V6G7,Fast
GTEX-13X6I-0526-SM-5QGP8,Slow
GTEX-QVUS-2826-SM-3GADB,Slow
GTEX-145LT-1126-SM-5LUA1,Fast
GTEX-11EM3-0001-SM-5Q5BD,Fast
GTEX-U3ZN-2126-SM-4DXU1,Fast
GTEX-1F52S-2926-SM-7MKGA,Slow
GTEX-1211K-1526-SM-5FQU4,Fast
GTEX-RNOR-1326-SM-48FDE,Fast
GTEX-NFK9-0526-SM-2YUNL,Fast
GTEX-139YR-0426-SM-5IFFV,Fast
GTEX-13O61-1426-SM-5KM3D,Fast
GTEX-1C2JI-0006-SM-7MKFD,Fast
GTEX-131XG-0626-SM-5GCMP,Fast
GTEX-144GM-2226-SM-5O9B5,Fast
GTEX-WI4N-0726-SM-3TW93,Fast
GTEX-17F97-0011-R11b-SM-7KFRQ,Slow
GTEX-15EOM-0526-SM-7KUFY,Fast
GTEX-1477Z-0011-R5b-SM-5PNUO,Slow
GTEX-12ZZX-0426-SM-5DUVT,Fast
GTEX-139D8-0326-SM-5IJCJ,Fast
GTEX-QVJO-0011-R5A-SM-2S1QM,Slow
GTEX-1A3MV-1326-SM-7LG6C,Fast
GTEX-11XUK-1626-SM-5GU5O,Fast
GTEX-YF7O-1926-SM-4W1YQ,Fast
GTEX-117YX-2326-SM-5H12W,Fast
GTEX-Q734-1426-SM-48TZQ,Fast
GTEX-15DZA-2026-SM-6PANE,Fast
GTEX-QESD-0626-SM-2I5G4,Fast
GTEX-11EM3-0826-SM-5N9CC,Fast
GTEX-16XZZ-0326-SM-7EWD6,Fast
GTEX-1GPI7-0326-SM-7MKH6,Fast
GTEX-X4XX-0011-R8B-SM-46MWM,Slow
GTEX-13N1W-0011-R10b-SM-5MR4H,Fast
GTEX-14PK6-1126-SM-5YY93,Fast
GTEX-WEY5-2126-SM-3GILK,Fast
GTEX-ZC5H-2226-SM-4WAWS,Fast
GTEX-XGQ4-0004-SM-4AT5S,Fast
GTEX-POMQ-2326-SM-5S2VS,Fast
GTEX-OIZH-1626-SM-2HMKI,Fast
GTEX-WQUQ-2426-SM-4MVNW,Fast
GTEX-14PJ2-1026-SM-6EU1M,Fast
GTEX-QLQ7-1626-SM-2S1R8,Fast
GTEX-U4B1-0626-SM-3DB8L,Fast
GTEX-17HGU-2126-SM-7IGOV,Fast
GTEX-PLZ5-0426-SM-3P612,Fast
GTEX-145LS-2526-SM-5TDC9,Slow
GTEX-15SB6-1426-SM-7KUEM,Fast
GTEX-1AX8Z-0326-SM-731BU,Fast
GTEX-16XZZ-1626-SM-7KUEC,Fast
GTEX-ZDTT-0226-SM-4WKHM,Fast
GTEX-18QFQ-0726-SM-7LG6D,Fast
GTEX-11P81-0926-SM-59874,Fast
GTEX-XPVG-0726-SM-4B658,Fast
GTEX-ZPCL-0008-SM-4WWAU,Fast
GTEX-XQ3S-1526-SM-4BOOC,Fast
GTEX-WWTW-0002-SM-4MVNH,Fast
GTEX-14JG6-2326-SM-6LLH3,Fast
GTEX-ZAB5-2026-SM-5L3EQ,Fast
GTEX-11ZTT-1826-SM-5CVLN,Fast
GTEX-X3Y1-0226-SM-3P5Z5,Fast
GTEX-117YX-1526-SM-5H12T,Fast
GTEX-TML8-1426-SM-4DXUT,Fast
GTEX-15CHQ-1226-SM-6ETZL,Slow
GTEX-WYBS-1126-SM-3NMAM,Fast
GTEX-QDVN-2326-SM-2S1PF,Fast
GTEX-XPVG-1426-SM-4B668,Fast
GTEX-1122O-0008-SM-5QGR2,Fast
GTEX-QVJO-1826-SM-447C9,Slow
GTEX-139T6-0326-SM-5J2LY,Fast
GTEX-WZTO-0006-SM-3NM9T,Fast
GTEX-13PDP-0011-R6b-SM-5O9D5,Slow
GTEX-15SKB-2826-SM-6PAMH,Fast
GTEX-PX3G-1526-SM-48U11,Fast
GTEX-Y111-0126-SM-4SOIV,Fast
GTEX-13X6I-2926-SM-5Q5C3,Slow
GTEX-X4XY-0626-SM-4E3IN,Fast
GTEX-131XE-1126-SM-5EGHW,Fast
GTEX-R55G-2326-SM-2TC61,Fast
GTEX-13W3W-2726-SM-5SIAE,Fast
GTEX-Y9LG-2026-SM-62LFS,Fast
GTEX-1399U-1926-SM-5IFH7,Fast
GTEX-13CF3-1126-SM-5LZXB,Fast
GTEX-15RIE-1826-SM-6M48P,Fast
GTEX-T2IS-0011-R5A-SM-32QP4,Fast
GTEX-P44H-0008-SM-48TDW,Slow
GTEX-15RIF-1126-SM-7KUG2,Fast
GTEX-17HGU-2026-SM-79OKS,Fast
GTEX-ZAB4-3126-SM-57WCJ,Slow
GTEX-17F9E-1226-SM-7EWDG,Fast
GTEX-OOBK-2126-SM-3LK5T,Fast
GTEX-QXCU-1926-SM-48FE4,Fast
GTEX-1A3MW-0426-SM-731AI,Slow
GTEX-XQ3S-0426-SM-4BOOA,Fast
GTEX-13NYS-0011-R1b-SM-5MR55,Slow
GTEX-T2YK-0526-SM-32QPJ,Slow
GTEX-QVJO-0011-R6A-SM-2S1QN,Slow
GTEX-WI4N-2426-SM-4OOSC,Fast
GTEX-13FHP-0011-R7b-SM-5LZYI,Slow
GTEX-ZQG8-1326-SM-51MQW,Fast
GTEX-131XG-0126-SM-5K7UJ,Fast
GTEX-UJMC-1226-SM-4IHLI,Fast
GTEX-RN64-0726-SM-48FCV,Fast
GTEX-O5YT-1626-SM-32PK6,Fast
GTEX-TML8-0326-SM-4GICN,Fast
GTEX-RNOR-2326-SM-2TF4I,Fast
GTEX-13FHO-2826-SM-5K7ZA,Fast
GTEX-XGQ4-0126-SM-4AT4H,Fast
GTEX-11EQ8-1426-SM-5EGJR,Slow
GTEX-145ME-1626-SM-5RQI3,Fast
GTEX-13YAN-1426-SM-7EPG8,Fast
GTEX-XYKS-1626-SM-4BRUQ,Fast
GTEX-WFON-0226-SM-3GIKR,Fast
GTEX-18D9U-0726-SM-7LG5J,Fast
GTEX-15DCE-2026-SM-7KUFE,Fast
GTEX-ZDYS-1626-SM-4WKGB,Fast
GTEX-15SKB-0826-SM-7KUFB,Fast
GTEX-15CHR-1226-SM-79OON,Fast
GTEX-13RTJ-0011-R10b-SM-5O9CW,Slow
GTEX-132NY-0008-SM-62LFX,Fast
GTEX-18464-0011-R7b-SM-731CM,Slow
GTEX-XBEW-1826-SM-4RTWX,Fast
GTEX-RWS6-1926-SM-47JXY,Fast
GTEX-XQ8I-1926-SM-4BOOK,Fast
GTEX-12ZZW-0011-R3a-SM-5DUWW,Slow
GTEX-1GMR3-2726-SM-7MKFB,Fast
GTEX-13FHO-2726-SM-5K7VG,Fast
GTEX-NPJ8-2626-SM-2D7W2,Slow
GTEX-13113-1426-SM-5EGHU,Fast
GTEX-13D11-0826-SM-5KLZJ,Fast
GTEX-Y3IK-1626-SM-4YCF5,Fast
GTEX-13FH7-0726-SM-5J2NK,Fast
GTEX-ZZPU-0926-SM-5GZYT,Fast
GTEX-Y9LG-1926-SM-5IFHY,Fast
GTEX-ZZ64-1726-SM-5GZYB,Fast
GTEX-14E6E-1626-SM-5RQI7,Fast
GTEX-NFK9-0726-SM-2HMJW,Fast
GTEX-WYBS-2426-SM-4ONDI,Fast
GTEX-12WSG-0526-SM-5FQTH,Fast
GTEX-17EUY-0326-SM-7DUEY,Fast
GTEX-14XAO-1326-SM-6EU1A,Fast
GTEX-XXEK-2226-SM-4BRUM,Fast
GTEX-YB5K-1426-SM-5IFIB,Fast
GTEX-16XZZ-0526-SM-7KUF1,Fast
GTEX-Y114-2526-SM-4TT8M,Fast
GTEX-YJ8A-1426-SM-5PNV7,Fast
GTEX-OHPK-2626-SM-2HMK9,Fast
GTEX-1B8KE-1326-SM-73KVI,Fast
GTEX-146FH-0426-SM-5QGPS,Fast
GTEX-145ME-0826-SM-5O9AF,Fast
GTEX-1C2JI-2226-SM-7IGPJ,Fast
GTEX-14PN3-1326-SM-6AJ9U,Fast
GTEX-WEY5-0726-SM-4LMID,Fast
GTEX-14ICK-2026-SM-6AJB2,Fast
GTEX-1211K-1826-SM-5EGJ2,Fast
GTEX-1399R-2126-SM-5K7WZ,Fast
GTEX-12WSF-0011-R4b-SM-5HL88,Slow
GTEX-T2IS-1926-SM-4DM74,Fast
GTEX-N7MT-0011-R8a-SM-2I5GU,Slow
GTEX-ZYT6-1726-SM-5E44P,Fast
GTEX-15RJ7-0126-SM-6LPJN,Fast
GTEX-R53T-0726-SM-48FCS,Fast
GTEX-Y111-1926-SM-4SOIS,Fast
GTEX-11EQ8-0008-SM-5Q5DJ,Slow
GTEX-YFCO-1126-SM-5S2N9,Fast
GTEX-WYBS-0926-SM-3NM94,Fast
GTEX-X4EP-0726-SM-3P5YJ,Slow
GTEX-P4QT-1426-SM-3NMCX,Fast
GTEX-13S86-0126-SM-5S2PI,Fast
GTEX-ZYFG-0626-SM-5GZYA,Fast
GTEX-ZLV1-0626-SM-4WWF6,Fast
GTEX-X4EP-3226-SM-3P5YR,Slow
GTEX-YJ8O-0226-SM-5S2NL,Fast
GTEX-13QBU-0826-SM-5IJBU,Fast
GTEX-15G1A-1226-SM-7KUF3,Fast
GTEX-ZVE2-1226-SM-5NQ8R,Fast
GTEX-14BMU-0006-SM-5MR3T,Fast
GTEX-15CHC-0626-SM-686YV,Fast
GTEX-13CF3-2126-SM-5IFJP,Fast
GTEX-139T6-0226-SM-5IFGZ,Fast
GTEX-Y5V6-2726-SM-4VDSC,Fast
GTEX-17JCI-1126-SM-7IGMM,Fast
GTEX-ZVZP-1726-SM-5GZWY,Fast
GTEX-X585-0011-R8A-SM-46MUX,Slow
GTEX-PWCY-1826-SM-5SI7U,Fast
GTEX-13W3W-1126-SM-5L3DO,Fast
GTEX-QMR6-0011-R5A-SM-32PKT,Slow
GTEX-18D9B-1226-SM-72D6V,Fast
GTEX-XQ3S-0626-SM-4BOOB,Fast
GTEX-PW2O-0226-SM-48TC7,Fast
GTEX-1211K-2426-SM-59HL8,Fast
GTEX-X4XX-0011-R1B-SM-3P622,Slow
GTEX-17F96-1126-SM-7EWDF,Fast
GTEX-T2IS-0226-SM-32QPH,Fast
GTEX-15ER7-1926-SM-7KUEW,Fast
GTEX-W5WG-1926-SM-4KKZK,Fast
GTEX-R55C-1126-SM-48FCJ,Fast
GTEX-U8T8-0005-SM-3DB8F,Fast
GTEX-1211K-0006-SM-5MR53,Fast
GTEX-11P82-1026-SM-5BC5J,Fast
GTEX-1AYCT-1326-SM-7MKHB,Fast
GTEX-RTLS-1226-SM-46MUP,Slow
GTEX-1AX9J-2126-SM-731DD,Fast
GTEX-ZVZP-2526-SM-57WBR,Fast
GTEX-18D9A-0626-SM-7KFTY,Fast
GTEX-16NPX-1026-SM-6PAM7,Fast
GTEX-WFG8-2426-SM-3GILL,Fast
GTEX-U8XE-2026-SM-3DB8S,Slow
GTEX-1B97I-1526-SM-73KUK,Fast
GTEX-12KS4-0926-SM-5BC5S,Fast
GTEX-Z9EW-0826-SM-5HL9T,Fast
GTEX-PX3G-1826-SM-2S1PK,Fast
GTEX-ZVP2-0126-SM-5NQ7D,Fast
GTEX-TKQ1-0006-SM-33HBI,Fast
GTEX-14A6H-0226-SM-5Q5DX,Fast
GTEX-144GM-1126-SM-79OJK,Fast
GTEX-RWS6-1726-SM-47JXP,Fast
GTEX-XPVG-0006-SM-4B65Z,Fast
GTEX-139YR-0726-SM-62LFN,Fast
GTEX-V1D1-2626-SM-4JBJH,Fast
GTEX-131XG-1726-SM-5LZUR,Fast
GTEX-17F97-0011-R5a-SM-7LG4Z,Slow
GTEX-ZDYS-2326-SM-4WKG6,Fast
GTEX-11I78-1826-SM-5A5M4,Fast
GTEX-12C56-0626-SM-5EGGC,Fast
GTEX-ZDYS-0726-SM-4WKGN,Fast
GTEX-13OVK-0926-SM-7KUFX,Fast
GTEX-WYVS-2026-SM-4RGNS,Fast
GTEX-UJHI-0008-SM-4IHL1,Fast
GTEX-WHWD-0526-SM-4OORW,Fast
GTEX-17F9Y-1426-SM-7IGOO,Fast
GTEX-18A66-0226-SM-718BD,Slow
GTEX-132AR-1826-SM-5EGHR,Fast
GTEX-11I78-1726-SM-5A5M3,Fast
GTEX-WOFM-0005-SM-3MJF3,Fast
GTEX-Y5LM-0426-SM-4VBRO,Fast
GTEX-12WSK-1126-SM-5LZV8,Fast
GTEX-ZDTT-0126-SM-4WKHA,Fast
GTEX-TMMY-0526-SM-33HBC,Fast
GTEX-ZC5H-1626-SM-5HL7L,Fast
GTEX-18D9A-0826-SM-718C1,Fast
GTEX-12WSF-0426-SM-7KUMT,Slow
GTEX-12WSN-1326-SM-5GCNT,Fast
GTEX-11DXZ-1226-SM-5H11L,Fast
GTEX-U4B1-1226-SM-4DXT7,Fast
GTEX-P4PP-2426-SM-3P61L,Fast
GTEX-XUW1-1726-SM-4BOOZ,Fast
GTEX-11VI4-0726-SM-5GU5B,Fast
GTEX-R53T-1226-SM-48FCT,Fast
GTEX-14PHY-1026-SM-62LEV,Fast
GTEX-12126-0011-R11a-SM-5BC6X,Fast
GTEX-Y5LM-0003-SM-4V6G1,Fast
GTEX-1AYCT-1226-SM-7EPGH,Fast
GTEX-QV44-0826-SM-2S1RG,Fast
GTEX-OHPM-0008-SM-4E3IP,Fast
GTEX-1A3MX-0011-R3b-SM-79OOW,Slow
GTEX-11TT1-2026-SM-5EQM8,Fast
GTEX-ZTPG-0426-SM-5O98K,Fast
GTEX-11LCK-0126-SM-5A5M5,Fast
GTEX-RTLS-2626-SM-46MUJ,Slow
GTEX-11ZUS-2126-SM-5N9E6,Fast
GTEX-13N11-0626-SM-5J1OL,Fast
GTEX-TSE9-0011-R5A-SM-3DB7J,Fast
GTEX-111YS-0326-SM-5GZZ3,Fast
GTEX-15SHW-1926-SM-7KUKU,Fast
GTEX-14ICK-0526-SM-6EU26,Fast
GTEX-QDT8-2926-SM-32PKC,Slow
GTEX-13X6K-0326-SM-5Q5D6,Slow
GTEX-16NGA-1226-SM-7KFSD,Fast
GTEX-X3Y1-2426-SM-3P5Z7,Fast
GTEX-14PK6-1926-SM-6ETZU,Fast
GTEX-1CB4E-1326-SM-7DUGD,Fast
GTEX-Y8LW-2026-SM-4V6G8,Fast
GTEX-NL4W-0011-R6a-SM-2I3GA,Slow
GTEX-132Q8-0011-R6a-SM-5K7YN,Slow
GTEX-11ZU8-0008-SM-5S2VO,Slow
GTEX-13W3W-2626-SM-5SIA2,Fast
GTEX-PX3G-0726-SM-48TZT,Fast
GTEX-13OVG-0926-SM-5J2OJ,Fast
GTEX-ZXES-0626-SM-5E45P,Fast
GTEX-14DAQ-0226-SM-664MQ,Slow
GTEX-XGQ4-1826-SM-4AT6F,Fast
GTEX-18464-0011-R11a-SM-72D76,Slow
GTEX-WY7C-2326-SM-3NB2U,Fast
GTEX-14C38-0726-SM-5SI6M,Fast
GTEX-WOFM-1626-SM-3MJFX,Fast
GTEX-13RTK-0826-SM-5Q5C6,Fast
GTEX-1AMFI-2026-SM-731BH,Fast
GTEX-15RJE-1326-SM-6LPI6,Slow
GTEX-13FTW-1026-SM-5L3E3,Fast
GTEX-P4PP-0926-SM-48TBZ,Fast
GTEX-OIZH-1826-SM-2YUNP,Fast
GTEX-QESD-0006-SM-2I5G6,Fast
GTEX-T5JW-0008-SM-4DM5X,Fast
GTEX-13O61-1126-SM-5L3FI,Fast
GTEX-13X6K-0011-R11a-SM-5P9F5,Slow
GTEX-ZLV1-2026-SM-5EQMB,Fast
GTEX-12WSN-2526-SM-5LZU8,Fast
GTEX-14DAQ-1326-SM-5RQIM,Slow
GTEX-1399U-2226-SM-5KLZI,Fast
GTEX-S4Q7-1126-SM-4AD6R,Fast
GTEX-16AAH-1826-SM-7939D,Fast
GTEX-SE5C-0426-SM-4BRUI,Fast
GTEX-ZZPU-2626-SM-5E45Y,Fast
GTEX-OIZH-3026-SM-3NB1G,Fast
GTEX-RWS6-2026-SM-2XCB5,Fast
GTEX-Q734-0826-SM-48U1G,Fast
GTEX-X5EB-1526-SM-4E3JC,Fast
GTEX-U8XE-1826-SM-4E3HV,Slow
GTEX-OHPN-0011-R7A-SM-2I5FI,Fast
GTEX-14DAQ-0005-SM-5NQ7B,Slow
GTEX-ZVE2-1326-SM-5NQ94,Fast
GTEX-16AAH-0826-SM-7LT9V,Fast
GTEX-139T8-0011-R5b-SM-5J1MO,Slow
GTEX-15RIF-0126-SM-7KUG3,Fast
GTEX-ZQG8-2426-SM-57WEE,Fast
GTEX-14E6E-0006-SM-5MR5N,Fast
GTEX-17F98-0426-SM-79ONZ,Fast
GTEX-YJ8O-0126-SM-5QGRG,Fast
GTEX-145MH-1226-SM-5RQJT,Fast
GTEX-WY7C-1726-SM-4ONCC,Fast
GTEX-ZAB5-1026-SM-5HL91,Fast
GTEX-P4QT-0126-SM-2I3FL,Fast
GTEX-POMQ-0326-SM-2I5FO,Fast
GTEX-1A3MV-1726-SM-72D68,Fast
GTEX-16NGA-0726-SM-731AO,Fast
GTEX-REY6-2126-SM-48FD9,Fast
GTEX-OHPM-0126-SM-2YUN9,Fast
GTEX-Y5LM-0826-SM-4VDSW,Fast
GTEX-QLQ7-1826-SM-2S1R5,Fast
GTEX-QDT8-0011-R3A-SM-32PKR,Slow
GTEX-PSDG-0005-SM-3GADC,Fast
GTEX-14ICK-0326-SM-6LLIZ,Fast
GTEX-13QJ3-1826-SM-5S2PT,Fast
GTEX-WHWD-0826-SM-3LK6R,Fast
GTEX-1CB4H-3126-SM-7IGN4,Slow
GTEX-13N11-0526-SM-5IJFI,Fast
GTEX-14DAR-0226-SM-5S2PR,Fast
GTEX-11ZUS-0011-R8a-SM-5BC73,Fast
GTEX-WZTO-0926-SM-4PQZ3,Fast
GTEX-13O61-0005-SM-5O9AU,Fast
GTEX-111CU-1426-SM-5GZYP,Fast
GTEX-S95S-0826-SM-4B64N,Fast
GTEX-TKQ1-0426-SM-4DXT4,Fast
GTEX-11DZ1-2426-SM-5GZZX,Slow
GTEX-ZV7C-0003-SM-4YCF6,Fast
GTEX-13QBU-1926-SM-5IJEW,Fast
GTEX-13OVG-1626-SM-5J1NF,Fast
GTEX-U3ZM-0426-SM-3DB73,Fast
GTEX-1CB4F-0726-SM-793AO,Fast
GTEX-QEG4-0426-SM-33HC3,Fast
GTEX-QCQG-0626-SM-48U21,Fast
GTEX-QLQ7-0008-SM-447AW,Fast
GTEX-WEY5-1226-SM-4LMIQ,Fast
GTEX-14PJ6-2426-SM-6ETZS,Fast
GTEX-S7PM-0526-SM-3NM92,Fast
GTEX-OXRN-1726-SM-3NM9B,Fast
GTEX-14PJ6-0726-SM-69LOL,Fast
GTEX-14DAR-0626-SM-664MY,Fast
GTEX-ZXES-1426-SM-5NQ8S,Fast
GTEX-YJ8A-0426-SM-5IFID,Fast
GTEX-146FQ-1026-SM-5LU8I,Fast
GTEX-WYBS-0008-SM-4ONDX,Fast
GTEX-11I78-0726-SM-5A5M1,Fast
GTEX-15UF6-2126-SM-6M46Z,Slow
GTEX-13N11-0926-SM-5IJG2,Fast
GTEX-13NZ8-1226-SM-5KM4A,Slow
GTEX-132NY-0326-SM-5IJBL,Fast
GTEX-PWCY-0226-SM-48TD8,Fast
GTEX-WY7C-1126-SM-3NB3A,Fast
GTEX-ZC5H-2426-SM-4WAZ6,Fast
GTEX-1399U-1126-SM-5L3DB,Fast
GTEX-1B97J-1926-SM-7IGQB,Fast
GTEX-1117F-2926-SM-5GZYI,Slow
GTEX-13FTW-2126-SM-5K7YG,Fast
GTEX-1CB4I-1326-SM-79OLY,Fast
GTEX-11P81-1526-SM-5P9GS,Fast
GTEX-14XAO-1126-SM-6EU11,Fast
GTEX-11P7K-0726-SM-5EGKX,Fast
GTEX-X585-0011-R10A-SM-46MUY,Slow
GTEX-X4EP-0008-SM-4PQYO,Slow
GTEX-13QJ3-0226-SM-5S2PU,Fast
GTEX-15SB6-1826-SM-6PALN,Fast
GTEX-12KS4-2426-SM-5LU8P,Fast
GTEX-13FH7-1526-SM-5J2N6,Fast
GTEX-PSDG-0426-SM-5SI86,Fast
GTEX-16NGA-0826-SM-718AF,Fast
GTEX-ZPIC-2226-SM-57WDX,Fast
GTEX-SNMC-0006-SM-2XCFE,Fast
GTEX-X4XX-3026-SM-3NMB2,Slow
GTEX-139T6-1826-SM-5KM2E,Fast
GTEX-145LT-1026-SM-5LU9O,Fast
GTEX-11I78-0226-SM-5HL6R,Fast
GTEX-U4B1-0526-SM-4DXTK,Fast
GTEX-ZLWG-1026-SM-4WWC4,Fast
GTEX-XBEW-0126-SM-4AT66,Fast
GTEX-132AR-1426-SM-5IFF1,Fast
GTEX-YEC4-1426-SM-5IFHS,Fast
GTEX-14E6E-1426-SM-5RQI2,Fast
GTEX-131XE-2226-SM-5PNYX,Fast
GTEX-14PJ4-1726-SM-664OC,Fast
GTEX-ZDYS-0002-SM-4WKGR,Fast
GTEX-183WM-1926-SM-72D5F,Slow
GTEX-16MTA-0926-SM-6M47Z,Fast
GTEX-XQ8I-2326-SM-4BOQC,Fast
GTEX-1CB4I-1526-SM-7DHMY,Fast
GTEX-Y3IK-1826-SM-4WWDS,Fast
GTEX-146FH-0926-SM-5SI96,Fast
GTEX-REY6-0005-SM-2TF54,Fast
GTEX-S7PM-0011-R6A-SM-3NM8F,Fast
GTEX-OOBK-0625-SM-3LK5P,Fast
GTEX-13FH7-2426-SM-5K7US,Fast
GTEX-ZZPU-2726-SM-5NQ8O,Fast
GTEX-X4XY-0008-SM-46MVL,Fast
GTEX-QDVJ-0426-SM-2I5FW,Fast
GTEX-13PDP-1026-SM-5L3FA,Slow
GTEX-14PJO-0011-R10a-SM-686ZS,Slow
GTEX-1C475-1926-SM-7DUFV,Fast
GTEX-12WSJ-1726-SM-5LZVV,Fast
GTEX-16NGA-2026-SM-7LG4Q,Fast
GTEX-1399R-0426-SM-5IJE3,Fast
GTEX-S4UY-1626-SM-4AD55,Fast
GTEX-OHPM-1826-SM-2YUNF,Fast
GTEX-ZTSS-0926-SM-59865,Fast
GTEX-1B8KZ-0926-SM-731D7,Fast
GTEX-WQUQ-2526-SM-4MVNO,Fast
GTEX-14LLW-0226-SM-62LEL,Slow
GTEX-NPJ7-0011-R4a-SM-2I3GJ,Slow
GTEX-15SDE-0126-SM-793BA,Fast
GTEX-11ZTT-0626-SM-5EQLM,Fast
GTEX-14PN3-0426-SM-6LLIY,Fast
GTEX-WHPG-0426-SM-4M1XW,Fast
GTEX-QDVN-0126-SM-4GIC9,Fast
GTEX-16XZZ-3026-SM-79OMJ,Fast
GTEX-R55C-1426-SM-48FED,Fast
GTEX-SNOS-0003-SM-3NMAO,Fast
GTEX-13N11-0426-SM-5KM3O,Fast
GTEX-1AMFI-2426-SM-73KWO,Fast
GTEX-WFG7-2426-SM-3GIL2,Fast
GTEX-15RIF-0826-SM-6M47C,Fast
GTEX-14PJO-2526-SM-6AJBQ,Slow
GTEX-QVUS-0008-SM-447AY,Slow
GTEX-146FQ-1926-SM-5NQBY,Fast
GTEX-Y111-1726-SM-4SOIQ,Fast
GTEX-131XE-1526-SM-5KM1A,Fast
GTEX-11NSD-1626-SM-5986U,Fast
GTEX-13111-0826-SM-5LZV3,Fast
GTEX-14PJ5-2026-SM-6LLIN,Fast
GTEX-XQ3S-0008-SM-4GIDZ,Fast
GTEX-X15G-0726-SM-4PQZ5,Fast
GTEX-1AMEY-0226-SM-7189Q,Fast
GTEX-XPVG-2926-SM-4B66G,Fast
GTEX-1C475-0726-SM-73KVL,Fast
GTEX-12KS4-0726-SM-5FQSX,Fast
GTEX-13U4I-0006-SM-5N9CI,Fast
GTEX-15UF6-1126-SM-6LPJ3,Slow
GTEX-TSE9-2526-SM-4DXUS,Fast
GTEX-Q2AH-1526-SM-48TZG,Fast
GTEX-ZVE2-2826-SM-5GU51,Fast
GTEX-1AMFI-1726-SM-7189L,Fast
GTEX-WOFL-0826-SM-3MJG1,Fast
GTEX-YFC4-2826-SM-5P9FR,Fast
GTEX-17HHE-0326-SM-793BH,Fast
GTEX-13W3W-0426-SM-5SI9D,Fast
GTEX-1AMFI-0526-SM-7189M,Fast
GTEX-13QJ3-0926-SM-73KX5,Fast
GTEX-13JUV-0011-R1a-SM-5LZY4,Fast
GTEX-Q734-0008-SM-48U2I,Fast
GTEX-P4PQ-1726-SM-3NB15,Fast
GTEX-144GM-1326-SM-5LU5E,Fast
GTEX-145LS-0011-R4b-SM-5S2UT,Slow
GTEX-11VI4-1526-SM-5EQKC,Fast
GTEX-18D9U-0426-SM-731AN,Fast
GTEX-ZPCL-0006-SM-4WWAS,Fast
GTEX-11DXZ-0126-SM-5EGGY,Fast
GTEX-ZTX8-0426-SM-59HLG,Fast
GTEX-S4Q7-0726-SM-4AD5F,Fast
GTEX-ZZPU-0626-SM-5E43T,Fast
GTEX-ZDYS-1526-SM-4WKFY,Fast
GTEX-16YQH-1826-SM-6LPJW,Fast
GTEX-1AYCT-0726-SM-7IGNG,Fast
GTEX-NPJ7-0011-R11A-SM-2I3E8,Slow
GTEX-11TT1-0726-SM-5GU5A,Fast
GTEX-Y114-0226-SM-4TT8W,Fast
GTEX-14PJ5-0926-SM-6LLIK,Fast
GTEX-ZT9W-0726-SM-4YCDC,Fast
GTEX-XMD2-0226-SM-4WWEE,Fast
GTEX-OIZH-0005-SM-2HMJN,Fast
GTEX-14BMU-1826-SM-5RQII,Fast
GTEX-15EU6-0426-SM-6PAN5,Fast
GTEX-14C38-1326-SM-62LDK,Fast
GTEX-Q2AH-0826-SM-48TZN,Fast
GTEX-U3ZN-2226-SM-3DB88,Fast
GTEX-WI4N-2526-SM-4OOSE,Fast
GTEX-Y3I4-0626-SM-4TT7A,Fast
GTEX-13JUV-0011-R11a-SM-5LZYH,Fast
GTEX-13PL7-2526-SM-5IFGR,Fast
GTEX-14C5O-0011-R11b-SM-6872H,Slow
GTEX-P4PP-0626-SM-3NM9X,Fast
GTEX-Y5V5-0426-SM-4VBPU,Fast
GTEX-11VI4-1426-SM-5GU6O,Fast
GTEX-1399Q-1126-SM-5P9JA,Fast
GTEX-14A6H-1026-SM-5SIAZ,Fast
GTEX-145MH-2826-SM-5RQJF,Fast
GTEX-QDT8-0626-SM-48TYW,Slow
GTEX-TKQ2-1226-SM-4DXSV,Fast
GTEX-145LS-0011-R5a-SM-5SI65,Slow
GTEX-UJHI-0626-SM-3DB8T,Fast
GTEX-13FHP-0726-SM-5K7YI,Slow
GTEX-WY7C-1826-SM-4ONCE,Fast
GTEX-131XE-2626-SM-5PNYY,Fast
GTEX-139T6-1626-SM-5PNYZ,Fast
GTEX-17F98-0326-SM-7DHLH,Fast
GTEX-11TTK-0008-SM-5S2RU,Slow
GTEX-SE5C-0006-SM-4BRW5,Fast
GTEX-ZGAY-1526-SM-4WWEO,Fast
GTEX-QMRM-0626-SM-447BQ,Fast
GTEX-ZDTT-2126-SM-5S2OJ,Fast
GTEX-WOFL-0126-SM-3MJG2,Fast
GTEX-14PHX-2126-SM-6EU2U,Fast
GTEX-12WSA-1626-SM-5EGJV,Slow
GTEX-WFON-1026-SM-4LVMD,Fast
GTEX-RTLS-0226-SM-2TF5E,Slow
GTEX-111CU-0726-SM-5GZYD,Fast
GTEX-1C2JI-2026-SM-7IGML,Fast
GTEX-ZT9W-0926-SM-57WFS,Fast
GTEX-18464-0011-R2a-SM-731AL,Slow
GTEX-16XZY-2526-SM-7DHL2,Fast
GTEX-ZT9X-0008-SM-4YCD7,Fast
GTEX-1CAMS-2026-SM-79395,Fast
GTEX-ZF3C-0005-SM-4WWAR,Fast
GTEX-RN64-2326-SM-48FDW,Fast
GTEX-ZT9X-2026-SM-57WEJ,Fast
GTEX-QVJO-0326-SM-2S1R1,Slow
GTEX-PSDG-0526-SM-2S1OH,Fast
GTEX-14PK6-0426-SM-6EU1J,Fast
GTEX-145MN-1526-SM-5SI9T,Fast
GTEX-OIZH-2026-SM-3NB1M,Fast
GTEX-1117F-2226-SM-5N9CH,Slow
GTEX-13NYS-1026-SM-5KLZT,Slow
GTEX-V1D1-2026-SM-3GAF4,Fast
GTEX-13O21-2226-SM-5MR3L,Fast
GTEX-ZYY3-0826-SM-5E44R,Slow
GTEX-1C4CL-0326-SM-7DHMH,Fast
GTEX-XBED-0006-SM-47JXO,Fast
GTEX-Y3IK-1726-SM-4YCCR,Fast
GTEX-15EU6-2226-SM-6EU2L,Fast
GTEX-13D11-0326-SM-5LZXX,Fast
GTEX-11DXZ-1326-SM-5H11X,Fast
GTEX-12WSA-0005-SM-5O9BM,Slow
GTEX-13NZ8-0011-R8b-SM-5KM48,Slow
GTEX-WYVS-1026-SM-4SOJW,Fast
GTEX-X5EB-1426-SM-46MVW,Fast
GTEX-R55E-0011-R1A-SM-2TC6N,Fast
GTEX-13CZU-0008-SM-5ZZUI,Fast
GTEX-Y8LW-1226-SM-4WWDP,Fast
GTEX-WFON-0926-SM-4LVMK,Fast
GTEX-POMQ-2026-SM-2S1OD,Fast
GTEX-UJHI-1226-SM-4IHLR,Fast
GTEX-XYKS-2226-SM-4E3IU,Fast
GTEX-13FHP-2826-SM-5IJFW,Slow
GTEX-14PJ6-1526-SM-6AJ9M,Fast
GTEX-1211K-0726-SM-5FQUW,Fast
GTEX-XV7Q-0126-SM-4BRVK,Fast
GTEX-WFJO-1926-SM-3GILA,Fast
GTEX-14C5O-1226-SM-664N3,Slow
GTEX-13NYS-0011-R9b-SM-5MR44,Slow
GTEX-17JCI-3026-SM-7EWDR,Fast
GTEX-ZEX8-0426-SM-4WWEN,Fast
GTEX-ZVT2-0926-SM-5GICE,Fast
GTEX-13N1W-0011-R5b-SM-5MR5Q,Fast
GTEX-14PJO-1626-SM-69LPQ,Slow
GTEX-15RJ7-0526-SM-6PANP,Fast
GTEX-ZQG8-0008-SM-4E3J9,Fast
GTEX-11DXX-1726-SM-5H11T,Fast
GTEX-1CB4E-1126-SM-79OOM,Fast
GTEX-S4Z8-0526-SM-4AD4T,Fast
GTEX-15SHW-1326-SM-6PAL8,Fast
GTEX-1497J-0326-SM-5Q5CN,Fast
GTEX-11P7K-2226-SM-5GU56,Fast
GTEX-17EVQ-1926-SM-7IGOF,Fast
GTEX-Y5V6-2026-SM-5IFHO,Fast
GTEX-18D9B-2026-SM-7LT96,Fast
GTEX-13NZB-0826-SM-5K7X5,Fast
GTEX-13X6I-1426-SM-5SI9Z,Slow
GTEX-S32W-2126-SM-2XCB1,Fast
GTEX-13FHO-0011-R6b-SM-5LZX1,Fast
GTEX-Y3I4-2326-SM-4TT81,Fast
GTEX-WOFM-1126-SM-4OOSB,Fast
GTEX-ZTPG-0926-SM-5O99H,Fast
GTEX-11TTK-2826-SM-5GU5K,Slow
GTEX-131XW-1126-SM-5EGK4,Slow
GTEX-SNMC-1026-SM-4DM7K,Fast
GTEX-12WSN-1826-SM-5LZUT,Fast
GTEX-OIZI-1326-SM-3NB1B,Fast
GTEX-T6MO-1426-SM-4DM73,Fast
GTEX-QESD-0426-SM-4R1JZ,Fast
GTEX-XXEK-1026-SM-4BRUW,Fast
GTEX-14C38-0426-SM-5TDDZ,Fast
GTEX-117YX-0726-SM-5GIET,Fast
GTEX-ZG7Y-0326-SM-4WWEY,Fast
GTEX-T6MO-0526-SM-4DM6R,Fast
GTEX-ZYFG-0926-SM-5BC5U,Fast
GTEX-11EQ8-0526-SM-5N9BC,Slow
GTEX-ZVZQ-0011-R3a-SM-57WC7,Fast
GTEX-NPJ8-0226-SM-48TBN,Slow
GTEX-132QS-0826-SM-5K7WV,Fast
GTEX-15RIF-1926-SM-7KUDW,Fast
GTEX-111YS-1526-SM-5GZYW,Fast
GTEX-1B97I-0326-SM-7DUGB,Fast
GTEX-ZVT2-2126-SM-5NQ93,Fast
GTEX-11EI6-0226-SM-5EQ64,Slow
GTEX-ZP4G-1926-SM-57WDZ,Fast
GTEX-OHPL-1626-SM-2HMIR,Fast
GTEX-ZZ64-0326-SM-5E45S,Fast
GTEX-1B8KZ-1726-SM-73KV7,Fast
GTEX-W5WG-1326-SM-4LMI9,Fast
GTEX-RTLS-0826-SM-2TF5Q,Slow
GTEX-11DXZ-0926-SM-5N9CG,Fast
GTEX-ZT9X-1426-SM-5DUX1,Fast
GTEX-XQ8I-0326-SM-4BOPN,Fast
GTEX-13PVR-2626-SM-7DHKQ,Fast
GTEX-12WSF-0011-R3a-SM-5DUW7,Slow
GTEX-145MN-1126-SM-5RQJB,Fast
GTEX-WRHU-0006-SM-3MJF6,Fast
GTEX-11EM3-1026-SM-5A5KL,Fast
GTEX-1B8KE-1726-SM-7IGMN,Fast
GTEX-12BJ1-0826-SM-5EQ5P,Fast
GTEX-X15G-0001-SM-4PQZV,Fast
GTEX-QCQG-0526-SM-48U2A,Fast
GTEX-QVJO-0126-SM-3GIK4,Slow
GTEX-11EQ8-0826-SM-5N9FG,Slow
GTEX-SNOS-0006-SM-32PLH,Fast
GTEX-15EO6-0011-R7a-SM-6M46Q,Slow
GTEX-17F9E-0526-SM-7DUFD,Fast
GTEX-OXRN-0526-SM-2I5EN,Fast
GTEX-XMD2-0526-SM-4YCDI,Fast
GTEX-13OVG-0426-SM-5KM2T,Fast
GTEX-R55G-2426-SM-2TC5I,Fast
GTEX-RU1J-0426-SM-46MUK,Fast
GTEX-ZTX8-1626-SM-51MRY,Fast
GTEX-1C2JI-0526-SM-7EWEQ,Fast
GTEX-RN64-0526-SM-2TC5P,Fast
GTEX-R53T-2026-SM-3GIJF,Fast
GTEX-Y3IK-0826-SM-51MT8,Fast
GTEX-14ICK-0006-SM-5NQB5,Fast
GTEX-P4PQ-0008-SM-48TDX,Fast
GTEX-17HHE-0426-SM-79OK3,Fast
GTEX-15RIF-1426-SM-7KUKQ,Fast
GTEX-ZAB5-1426-SM-5HL9D,Fast
GTEX-Y5V5-2126-SM-4WWFO,Fast
GTEX-WXYG-0126-SM-4OND7,Fast
GTEX-WYJK-1326-SM-3NB2T,Fast
GTEX-PLZ6-0826-SM-3P61K,Fast
GTEX-ZPCL-1626-SM-57WGC,Fast
GTEX-O5YT-0008-SM-4E3IQ,Fast
GTEX-ZF2S-2426-SM-5DUXV,Fast
GTEX-ZPU1-1226-SM-5HL71,Fast
GTEX-131XF-2226-SM-5EQKG,Fast
GTEX-14B4R-0426-SM-5Q5EI,Fast
GTEX-T2IS-1026-SM-32QP1,Fast
GTEX-ZAB5-0126-SM-5CVMT,Fast
GTEX-ZV7C-1826-SM-5NQ83,Fast
GTEX-ZF2S-0926-SM-4WWBJ,Fast
GTEX-ZZPT-2926-SM-5EQ5S,Slow
GTEX-13W46-0826-SM-5LU3H,Fast
GTEX-ZAB4-0011-R11a-SM-4SOKI,Slow
GTEX-13OVK-0426-SM-7KFT8,Fast
GTEX-14C38-2126-SM-5RQJO,Fast
GTEX-11I78-0526-SM-5986A,Fast
GTEX-X4LF-1726-SM-3NMBZ,Fast
GTEX-OHPK-0006-SM-2HMKH,Fast
GTEX-11ZTT-0926-SM-5EQMS,Fast
GTEX-15G1A-2326-SM-6PAMJ,Fast
GTEX-132QS-0526-SM-5IJC7,Fast
GTEX-XBEW-1426-SM-4AT4J,Fast
GTEX-W5WG-1426-SM-4KKZP,Fast
GTEX-ZZPU-0726-SM-5N9C8,Fast
GTEX-11LCK-2326-SM-5HL53,Fast
GTEX-QDVN-2026-SM-3GAEP,Fast
GTEX-13U4I-1526-SM-5IFFF,Fast
GTEX-ZV6S-0926-SM-57WGB,Fast
GTEX-1122O-1226-SM-5H113,Fast
GTEX-11P82-1926-SM-5Q5AU,Fast
GTEX-QV31-1326-SM-2S1QE,Fast
GTEX-117YX-2426-SM-5GZZJ,Fast
GTEX-QXCU-0008-SM-48FCH,Fast
GTEX-Y8E4-1126-SM-5IFIA,Fast
GTEX-16NPV-0011-R9b-SM-79ONF,Slow
GTEX-13N11-2326-SM-5IJBF,Fast
GTEX-S341-0626-SM-4AD5T,Fast
GTEX-17F9E-1626-SM-7EWDB,Fast
GTEX-1A3MV-1526-SM-731BO,Fast
GTEX-XMK1-0008-SM-4GICF,Fast
GTEX-139YR-0826-SM-5LZXY,Fast
GTEX-1AYCT-0226-SM-73KVB,Fast
GTEX-U4B1-1626-SM-3DB8N,Fast
GTEX-PWN1-0008-SM-48TEA,Fast
GTEX-WYVS-0008-SM-4ONDY,Fast
GTEX-S4P3-0526-SM-4AD58,Fast
GTEX-13113-2026-SM-5LZU3,Fast
GTEX-16MTA-1126-SM-6LPJA,Fast
GTEX-1CB4I-0726-SM-7DUGS,Fast
GTEX-12WSG-1426-SM-5FQUK,Fast
GTEX-11DXX-0526-SM-5PNVR,Fast
GTEX-WOFM-0008-SM-4OOSY,Fast
GTEX-16YQH-0226-SM-6PALD,Fast
GTEX-X585-2426-SM-46MW2,Slow
GTEX-131XG-1126-SM-5DUWR,Fast
GTEX-18D9U-0926-SM-731AZ,Fast
GTEX-ZVZQ-0011-R6b-SM-57WAY,Fast
GTEX-X5EB-0326-SM-4QASF,Fast
GTEX-14JG6-0526-SM-6LLIH,Fast
GTEX-17KNJ-2326-SM-7DHLQ,Fast
GTEX-15CHQ-0011-R6b-SM-69LOX,Slow
GTEX-PWN1-2026-SM-48TD9,Fast
GTEX-15EO6-2326-SM-6LPKK,Slow
GTEX-OIZG-0426-SM-3LK5W,Fast
GTEX-TSE9-0426-SM-3DB81,Fast
GTEX-S7SF-1926-SM-4AT5B,Fast
GTEX-15CHQ-0726-SM-6EU18,Slow
GTEX-WFG8-0726-SM-3GILP,Fast
GTEX-QCQG-1626-SM-48U26,Fast
GTEX-WHSB-1826-SM-3TW8M,Fast
GTEX-16MT8-0626-SM-6M47Q,Slow
GTEX-Y3IK-1026-SM-51MR7,Fast
GTEX-14PKV-2126-SM-664O3,Fast
GTEX-R55D-1526-SM-48FEJ,Fast
GTEX-VJYA-0626-SM-4KL1S,Fast
GTEX-1AX9J-2626-SM-731EK,Fast
GTEX-WFON-1126-SM-4LVMA,Fast
GTEX-1C64O-1626-SM-731EN,Fast
GTEX-YB5E-2026-SM-5IFIS,Fast
GTEX-13O61-0926-SM-5IFFE,Fast
GTEX-TMMY-1226-SM-4DXT6,Fast
GTEX-XK95-0226-SM-4AT58,Fast
GTEX-XUZC-0126-SM-4BOO6,Fast
GTEX-1F6RS-2726-SM-7MKHA,Slow
GTEX-R3RS-0005-SM-3GAEH,Slow
GTEX-1399U-0326-SM-5P9G5,Fast
GTEX-Y5V5-2426-SM-5IFJA,Fast
GTEX-15RIE-0006-SM-7MKF8,Fast
GTEX-WY7C-2726-SM-3NB3P,Fast
GTEX-1AX8Z-1326-SM-7DHMO,Fast
GTEX-ZAB5-0726-SM-5P9JG,Fast
GTEX-15EU6-2526-SM-7KUGB,Fast
GTEX-1CB4F-1926-SM-7MKFN,Fast
GTEX-14PJ2-2126-SM-5YY96,Fast
GTEX-14PHX-0926-SM-5ZZWC,Fast
GTEX-14PJ5-0326-SM-664OD,Fast
GTEX-OHPM-0226-SM-3LK61,Fast
GTEX-11P82-0008-SM-5S2MS,Fast
GTEX-ZQG8-0001-SM-4YCDH,Fast
GTEX-13VXT-0626-SM-5SIA1,Fast
GTEX-UJMC-0526-SM-3GAE3,Fast
GTEX-11NSD-1426-SM-5HL67,Fast
GTEX-1B932-0426-SM-73KX4,Fast
GTEX-18D9B-0526-SM-7LTAS,Fast
GTEX-R55G-0826-SM-2TC5U,Fast
GTEX-P4PP-1526-SM-3P61M,Fast
GTEX-YB5K-0426-SM-5LUA4,Fast
GTEX-ZQG8-1126-SM-51MRL,Fast
GTEX-13U4I-2126-SM-5LU55,Fast
GTEX-1A3MX-2726-SM-718B6,Slow
GTEX-P4QT-1826-SM-2S1NJ,Fast
GTEX-1C64O-0926-SM-79OLN,Fast
GTEX-13W46-1826-SM-5K7VA,Fast
GTEX-WYVS-1626-SM-3NM9R,Fast
GTEX-13CF3-2326-SM-5IFGL,Fast
GTEX-1EH9U-1326-SM-79OM3,Slow
GTEX-12WSL-2426-SM-5GCN7,Fast
GTEX-S7SF-0626-SM-4AD4V,Fast
GTEX-1AX9J-0326-SM-73KXY,Fast
GTEX-14DAQ-1626-SM-5S2R1,Slow
GTEX-W5WG-1026-SM-4LMIF,Fast
GTEX-T6MO-2026-SM-33HB4,Fast
GTEX-15UF6-0726-SM-6PALI,Slow
GTEX-RNOR-0011-R9A-SM-2TF52,Fast
GTEX-RU1J-1426-SM-46MUV,Fast
GTEX-Z9EW-0926-SM-5CVMM,Fast
GTEX-NFK9-1626-SM-3LK5J,Fast
GTEX-1AYCT-2026-SM-793CJ,Fast
GTEX-15CHQ-0011-R4a-SM-686ZX,Slow
GTEX-ZDYS-0126-SM-5HL6X,Fast
GTEX-OXRL-0626-SM-3NM9C,Fast
GTEX-ZTPG-1026-SM-5DUWP,Fast
GTEX-15CHQ-0011-R9a-SM-6LLHX,Slow
GTEX-Y3IK-0226-SM-51MRJ,Fast
GTEX-X4XX-0011-R4B-SM-46MWL,Slow
GTEX-O5YU-0008-SM-4E3I7,Slow
GTEX-POMQ-0826-SM-3P61H,Fast
GTEX-ZVZP-2326-SM-59HL4,Fast
GTEX-13W3W-1726-SM-5LU4A,Fast
GTEX-183FY-1926-SM-7KFRI,Fast
GTEX-145LS-0626-SM-7EPG7,Slow
GTEX-17HHE-1226-SM-793C6,Fast
GTEX-18464-0011-R9a-SM-731BK,Slow
GTEX-YFC4-0226-SM-57WD2,Fast
GTEX-12WSF-0011-R2a-SM-5DUVU,Slow
GTEX-Y114-1926-SM-4TT8J,Fast
GTEX-OHPK-1726-SM-48TC4,Fast
GTEX-Y8E4-1526-SM-4WWDI,Fast
GTEX-ZVP2-1526-SM-5NQ82,Fast
GTEX-1B932-2726-SM-731ER,Fast
GTEX-18QFQ-0926-SM-7LG4V,Fast
GTEX-13U4I-1326-SM-5KM25,Fast
GTEX-139T6-1526-SM-5P9G6,Fast
GTEX-14PJO-0011-R9b-SM-62LE9,Slow
GTEX-TMMY-1026-SM-4DXTI,Fast
GTEX-ZDTT-0326-SM-4WKF9,Fast
GTEX-X585-0011-R2B-SM-46MVF,Slow
GTEX-WYJK-0726-SM-4ONC9,Fast
GTEX-13RTJ-1426-SM-793B3,Slow
GTEX-15RJ7-2426-SM-6M48L,Fast
GTEX-1EH9U-0926-SM-7EWF1,Slow
GTEX-XPT6-0001-SM-4B64G,Fast
GTEX-13CF3-2426-SM-5IFGX,Fast
GTEX-14C5O-1726-SM-5RQI9,Slow
GTEX-13U4I-2026-SM-5LU3L,Fast
GTEX-PSDG-0926-SM-2I5FP,Fast
GTEX-17HHE-0826-SM-793A2,Fast
GTEX-15EOM-5019-SM-793DK,Fast
GTEX-UJMC-0226-SM-4IHLH,Fast
GTEX-OXRO-0006-SM-2I5EM,Slow
GTEX-ZP4G-2426-SM-57WEY,Fast
GTEX-POYW-0426-SM-2XCEV,Fast
GTEX-PWCY-1926-SM-3NB25,Fast
GTEX-14PJ3-1826-SM-62LEX,Fast
GTEX-YEC3-0005-SM-4W21J,Fast
GTEX-QMR6-0011-R8A-SM-32PKJ,Slow
GTEX-RTLS-2326-SM-46MUH,Slow
GTEX-ZVZQ-0011-R9a-SM-51MRH,Fast
GTEX-16XZZ-2726-SM-7EWDO,Fast
GTEX-1EH9U-1126-SM-7IGLU,Slow
GTEX-15UF6-3126-SM-6M46J,Slow
GTEX-U3ZM-0526-SM-4DXTB,Fast
GTEX-POYW-0526-SM-2XCEY,Fast
GTEX-ZYFG-2426-SM-5GIE8,Fast
GTEX-ZTSS-0626-SM-59867,Fast
GTEX-PW2O-0526-SM-2I3DX,Fast
GTEX-Y3IK-0626-SM-4WWE4,Fast
GTEX-1AMFI-1826-SM-73KWB,Fast
GTEX-YFCO-1626-SM-4W1Z3,Fast
GTEX-ZF28-0005-SM-4WKH3,Slow
GTEX-VJYA-0926-SM-4KL1N,Fast
GTEX-13OVG-0526-SM-5K7YD,Fast
GTEX-12ZZX-0011-R1a-SM-5EQ6B,Fast
GTEX-13VXT-0326-SM-5LU4U,Fast
GTEX-X3Y1-0008-SM-4PR12,Fast
GTEX-15FZZ-1326-SM-6PANN,Fast
GTEX-14DAQ-2826-SM-664MU,Slow
GTEX-17HGU-1426-SM-7938G,Fast
GTEX-14E6C-0126-SM-5RQIP,Slow
GTEX-1AMEY-0626-SM-72D6B,Fast
GTEX-1399Q-0008-SM-62LDE,Fast
GTEX-WK11-0008-SM-4OOSX,Fast
GTEX-14PHX-1626-SM-69LQB,Fast
GTEX-14PJO-0011-R1b-SM-6AJAK,Slow
GTEX-ZYFG-0826-SM-5BC5T,Fast
GTEX-131XG-2526-SM-5HL7F,Fast
GTEX-ZDYS-1726-SM-5HL4Y,Fast
GTEX-V1D1-1226-SM-4JBI5,Fast
GTEX-UPK5-0426-SM-3GAEK,Fast
GTEX-17EVQ-0126-SM-7IGLR,Fast
GTEX-1C2JI-1226-SM-7DHM2,Fast
GTEX-14C5O-0926-SM-793DM,Slow
GTEX-16NGA-0526-SM-731AJ,Fast
GTEX-RNOR-0926-SM-2TF56,Fast
GTEX-144GO-0011-R1a-SM-5PNWO,Slow
GTEX-XV7Q-0626-SM-4BRV5,Fast
GTEX-ZV6S-1526-SM-5NQ7O,Fast
GTEX-13X6H-2126-SM-7EWD5,Fast
GTEX-ZLFU-1526-SM-4WWBT,Fast
GTEX-13NYS-1926-SM-5IJCB,Slow
GTEX-111YS-0726-SM-5GZY8,Fast
GTEX-1C4CL-1226-SM-7DUFT,Fast
GTEX-16NGA-1726-SM-731B4,Fast
GTEX-YB5K-0226-SM-5IFJE,Fast
GTEX-11P81-2226-SM-5PNYI,Fast
GTEX-1B97I-1926-SM-7DUGC,Fast
GTEX-WY7C-0726-SM-4ONCB,Fast
GTEX-ZYT6-0826-SM-5E43I,Fast
GTEX-U4B1-0008-SM-4DXUW,Fast
GTEX-WHPG-0006-SM-3NMBV,Fast
GTEX-14B4R-0726-SM-5TDDR,Fast
GTEX-131XF-0726-SM-5GIE5,Fast
GTEX-XQ3S-0006-SM-4BOQ4,Fast
GTEX-ZTPG-0226-SM-5O99I,Fast
GTEX-ZG7Y-1026-SM-4WWDG,Fast
GTEX-1399S-0126-SM-5IJCF,Fast
GTEX-OIZG-0008-SM-4E3J2,Fast
GTEX-14PJ2-2826-SM-6EU1N,Fast
GTEX-RTLS-0008-SM-48FET,Slow
GTEX-15RIE-1326-SM-6PAMM,Fast
GTEX-ZT9W-1626-SM-4YCDQ,Fast
GTEX-14DAQ-2526-SM-5RQIO,Slow
GTEX-14PJ6-1126-SM-6AJ9R,Fast
GTEX-WEY5-2026-SM-5SI8D,Fast
GTEX-132QS-2426-SM-62LFI,Fast
GTEX-14PJO-0326-SM-6LLHT,Slow
GTEX-18A66-2026-SM-7189C,Slow
GTEX-WFJO-0002-SM-3P61X,Fast
GTEX-ZQUD-0426-SM-57WFR,Fast
GTEX-ZVZP-2726-SM-5GZXZ,Fast
GTEX-QDVJ-0226-SM-2I5FV,Fast
GTEX-XBED-1726-SM-47JYO,Fast
GTEX-S341-0726-SM-4AD5R,Fast
GTEX-13QJ3-0726-SM-5SI68,Fast
GTEX-YFCO-2026-SM-4W21Q,Fast
GTEX-14PK6-1226-SM-6EU1W,Fast
GTEX-NPJ8-1226-SM-3MJHM,Slow
GTEX-QLQW-0526-SM-4R1KS,Fast
GTEX-13W3W-1526-SM-5LU5I,Fast
GTEX-12ZZX-0011-R2a-SM-5EGLG,Fast
GTEX-ZVZP-1126-SM-5GICU,Fast
GTEX-Y3I4-2226-SM-4TT7O,Fast
GTEX-17F98-1026-SM-7IGO8,Fast
GTEX-T2YK-1326-SM-4DM6S,Slow
GTEX-ZF29-1626-SM-4WKFJ,Fast
GTEX-ZF29-1726-SM-4WKFV,Fast
GTEX-WZTO-1326-SM-3NM8X,Fast
GTEX-14PJ4-1226-SM-5YY9U,Fast
GTEX-PX3G-0126-SM-2I3EN,Fast
GTEX-183WM-0011-R7b-SM-731AX,Slow
GTEX-13YAN-2126-SM-5Q5C4,Fast
GTEX-ZQUD-0003-SM-4YCD3,Fast
GTEX-YFC4-1526-SM-5IFJS,Fast
GTEX-QCQG-2126-SM-2S1P8,Fast
GTEX-131XE-1926-SM-5IFER,Fast
GTEX-12WSL-0002-SM-664MF,Fast
GTEX-QMR6-0011-R11A-SM-32PKK,Slow
GTEX-14PK6-1626-SM-6871I,Fast
GTEX-WEY5-0326-SM-4LMI7,Fast
GTEX-13OVK-1726-SM-7KUE9,Fast
GTEX-R55G-1226-SM-48FDC,Fast
GTEX-1B97J-0426-SM-79OLQ,Fast
GTEX-RTLS-1326-SM-46MUN,Slow
GTEX-Y8E4-0726-SM-4WWFN,Fast
GTEX-Y3I4-0926-SM-4TT2B,Fast
GTEX-14753-0426-SM-5NQAM,Slow
GTEX-Y5V5-1826-SM-4VDS5,Fast
GTEX-R55G-2126-SM-2TC67,Fast
GTEX-13RTK-1826-SM-5S2P3,Fast
GTEX-1399S-1426-SM-5PNYQ,Fast
GTEX-ZLWG-0004-SM-4WWD5,Fast
GTEX-14DAR-0526-SM-664MX,Fast
GTEX-Y8E4-1826-SM-4VBPV,Fast
GTEX-15ER7-3126-SM-7KUGH,Fast
GTEX-13FH7-0526-SM-5IJF8,Fast
GTEX-14B4R-1426-SM-5Q5CG,Fast
GTEX-18A66-1526-SM-72D6Y,Slow
GTEX-15G1A-0426-SM-6M468,Fast
GTEX-WH7G-0002-SM-4LVN9,Fast
GTEX-ZF29-0826-SM-5S2NP,Fast
GTEX-18D9A-1326-SM-7LT8P,Fast
GTEX-QMRM-0926-SM-447BR,Fast
GTEX-T2IS-3026-SM-32QPM,Fast
GTEX-WFG8-0126-SM-4LVMH,Fast
GTEX-WH7G-1526-SM-4LVMX,Fast
GTEX-TKQ2-1026-SM-33HB7,Fast
GTEX-Y9LG-0526-SM-4VBRY,Fast
GTEX-RN64-1226-SM-2TC6E,Fast
GTEX-145LS-3226-SM-5TDCA,Slow
GTEX-13OVG-1026-SM-5KLZ3,Fast
GTEX-14PQA-0011-R1b-SM-6EU1G,Slow
GTEX-11TT1-0326-SM-5LUAY,Fast
GTEX-WRHU-1226-SM-4E3IJ,Fast
GTEX-12WSK-2726-SM-5CVND,Fast
GTEX-14PHX-2226-SM-6EU2P,Fast
GTEX-183FY-1326-SM-7DHLL,Fast
GTEX-11P81-1426-SM-5P9JN,Fast
GTEX-XBED-1126-SM-48TCF,Fast
GTEX-1GN1U-2526-SM-7MKH4,Slow
GTEX-XMD3-2326-SM-4AT5H,Fast
GTEX-183FY-0526-SM-7939Z,Fast
GTEX-WH7G-2026-SM-3NMBL,Fast
GTEX-POYW-1226-SM-2XCEP,Fast
GTEX-X4XX-0011-R10B-SM-46MWO,Slow
GTEX-13U4I-0226-SM-5SIB1,Fast
GTEX-15F5U-1826-SM-6LLJF,Fast
GTEX-ZDYS-1326-SM-5IJFF,Fast
GTEX-XAJ8-0006-SM-46MVM,Fast
GTEX-OHPL-0126-SM-2HMJ7,Fast
GTEX-1C4CL-1426-SM-793CT,Fast
GTEX-Y8E4-2226-SM-5LU94,Fast
GTEX-16MT9-0126-SM-7EPI8,Fast
GTEX-NPJ7-0011-R10A-SM-2I3E5,Slow
GTEX-16XZZ-0011-R9b-SM-7DHKX,Fast
GTEX-13PVR-2226-SM-7DHKP,Fast
GTEX-WZTO-0126-SM-3NM95,Fast
GTEX-S32W-2426-SM-2XCAT,Fast
GTEX-YFC4-0011-R5a-SM-4RGLR,Fast
GTEX-YB5K-2226-SM-4WWG1,Fast
GTEX-R55E-2526-SM-2TC6H,Fast
GTEX-TML8-0526-SM-32QOQ,Fast
GTEX-TKQ1-1226-SM-4GICJ,Fast
GTEX-1C64O-0726-SM-7DUFU,Fast
GTEX-XQ8I-0926-SM-4BOOF,Fast
GTEX-1CAMR-0226-SM-7DUGO,Fast
GTEX-132AR-0426-SM-5IFH8,Fast
GTEX-1211K-1926-SM-5EQLB,Fast
GTEX-15CHQ-0011-R5b-SM-6AJAN,Slow
GTEX-WH7G-1026-SM-4LVML,Fast
GTEX-13YAN-1826-SM-5LU3Q,Fast
GTEX-WY7C-2026-SM-4ONCM,Fast
GTEX-11TT1-1426-SM-5EGIA,Fast
GTEX-U3ZH-1526-SM-4DXV1,Fast
GTEX-TKQ1-0626-SM-4DXTS,Fast
GTEX-WHPG-1126-SM-4M1XT,Fast
GTEX-YFCO-0826-SM-5LUAG,Fast
GTEX-13JUV-0011-R6b-SM-5LZYG,Fast
GTEX-OOBK-2025-SM-3LK5S,Fast
GTEX-WHSB-0426-SM-4M1XI,Fast
GTEX-12WSL-0005-SM-5NQAD,Fast
GTEX-18D9B-2526-SM-718BN,Fast
GTEX-14PKV-1826-SM-69LO9,Fast
GTEX-16NPX-0326-SM-7EWDI,Fast
GTEX-U3ZN-2626-SM-3DB7T,Fast
GTEX-16NGA-1026-SM-7KFS3,Fast
GTEX-15DCZ-0826-SM-6AJBB,Fast
GTEX-13X6I-0011-R4b-SM-5PNU9,Slow
GTEX-111YS-1326-SM-5EGGK,Fast
GTEX-13N11-1026-SM-5K7XQ,Fast
GTEX-12WSK-0926-SM-5CVNQ,Fast
GTEX-139YR-1226-SM-5IFEU,Fast
GTEX-SNOS-0826-SM-4DM5N,Fast
GTEX-15UF7-1526-SM-6LPI7,Fast
GTEX-WZTO-0011-R4A-SM-3NMC7,Fast
GTEX-145LS-1826-SM-5LUAZ,Slow
GTEX-UJMC-0926-SM-4IHLK,Fast
GTEX-WYBS-1226-SM-3NM9N,Fast
GTEX-14PK6-0526-SM-69LOF,Fast
GTEX-Z9EW-0426-SM-5CVM9,Fast
GTEX-WFG8-1326-SM-4LVN3,Fast
GTEX-QMR6-0011-R10A-SM-32PKO,Slow
GTEX-16NPX-1426-SM-6LPK3,Fast
GTEX-ZVP2-2226-SM-5GU6Q,Fast
GTEX-P44H-2426-SM-2XCEJ,Slow
GTEX-15G1A-0326-SM-6M467,Fast
GTEX-R55D-1026-SM-3GAEQ,Fast
GTEX-U8XE-1226-SM-4E3HN,Slow
GTEX-QEG4-0008-SM-48TYZ,Fast
GTEX-ZZPT-3026-SM-5GZXH,Slow
GTEX-WH7G-1926-SM-4LVMM,Fast
GTEX-1117F-2526-SM-5GZY6,Slow
GTEX-14E1K-1926-SM-73KWS,Fast
GTEX-13RTJ-0011-R3a-SM-5PNX7,Slow
GTEX-15ETS-1526-SM-6LPKM,Fast
GTEX-YFCO-0526-SM-4W1ZJ,Fast
GTEX-T2IS-2626-SM-32QPP,Fast
GTEX-11TT1-1226-SM-5Q5AV,Fast
GTEX-17HHE-2026-SM-79OKF,Fast
GTEX-14PJO-1726-SM-68719,Slow
GTEX-14PJN-1526-SM-6AJBP,Fast
GTEX-15CHQ-0011-R11b-SM-686ZZ,Slow
GTEX-11ZTT-2326-SM-5EQLG,Fast
GTEX-S7SF-1326-SM-4AD4P,Fast
GTEX-YB5E-0001-SM-4VDSV,Fast
GTEX-145ME-1726-SM-5Q5EU,Fast
GTEX-ZDYS-2126-SM-5S2OD,Fast
GTEX-RN64-0826-SM-2TC62,Fast
GTEX-132Q8-3026-SM-5PNVG,Slow
GTEX-T6MO-0008-SM-4DM6T,Fast
GTEX-ZVZQ-0626-SM-59HJU,Fast
GTEX-ZYVF-1026-SM-5E44V,Fast
GTEX-ZT9W-1726-SM-51MS3,Fast
GTEX-YB5K-1626-SM-5IFIN,Fast
GTEX-1A3MW-2126-SM-731DO,Slow
GTEX-WI4N-0008-SM-4OOSV,Fast
GTEX-12WSJ-0126-SM-5GCOM,Fast
GTEX-YEC4-2226-SM-5IFJT,Fast
GTEX-11P81-2026-SM-5P9GT,Fast
GTEX-SNOS-0008-SM-4DM6I,Fast
GTEX-13U4I-1726-SM-5J1MF,Fast
GTEX-13FHP-2926-SM-5IJG9,Slow
GTEX-15EU6-1626-SM-6LPKF,Fast
GTEX-14LLW-0011-R1a-SM-5ZZVD,Slow
GTEX-PX3G-0006-SM-5SI7E,Fast
GTEX-X5EB-2426-SM-4E3HX,Fast
GTEX-18A66-2326-SM-7LT8Q,Slow
GTEX-ZAB4-0426-SM-5HL7N,Slow
GTEX-Y8LW-0926-SM-4VBQ8,Fast
GTEX-1CB4E-0826-SM-793CS,Fast
GTEX-ZF28-0011-R8a-SM-4WWFW,Slow
GTEX-1B97J-0326-SM-7939H,Fast
GTEX-TMMY-1626-SM-4DXTY,Fast
GTEX-X15G-0926-SM-4PQZE,Fast
GTEX-18D9A-0226-SM-7KFSJ,Fast
GTEX-16NGA-0226-SM-718AI,Fast
GTEX-WZTO-0011-R8A-SM-4E3II,Fast
GTEX-XV7Q-1226-SM-4BRVT,Fast
GTEX-13N11-0226-SM-5KM3C,Fast
GTEX-13FHO-0011-R5b-SM-5LZZ3,Fast
GTEX-14PN3-1426-SM-686Z8,Fast
GTEX-16XZY-0426-SM-793BI,Fast
GTEX-13IVO-0011-R6b-SM-5K7X9,Slow
GTEX-14BMU-2226-SM-5TDE9,Fast
GTEX-14H4A-2526-SM-5YYAY,Fast
GTEX-ZA64-0426-SM-5HL96,Fast
GTEX-S32W-2326-SM-2XCAW,Fast
GTEX-WEY5-1526-SM-4LMJF,Fast
GTEX-UJHI-0826-SM-4IHLM,Fast
GTEX-1GL5R-2026-SM-7MKHP,Fast
GTEX-1AMEY-1226-SM-731DU,Fast
GTEX-YEC4-1126-SM-5CVLW,Fast
GTEX-13D11-0626-SM-5LZYY,Fast
GTEX-1211K-2126-SM-59HJZ,Fast
GTEX-1399R-0326-SM-5KM1X,Fast
GTEX-12BJ1-0426-SM-5FQSO,Fast
GTEX-12WSA-0426-SM-5EQ5X,Slow
GTEX-T8EM-0126-SM-4DM5R,Fast
GTEX-145MN-2426-SM-5NQA5,Fast
GTEX-12WSN-0001-SM-664MG,Fast
GTEX-11DXX-2626-SM-5Q5A3,Fast
GTEX-X3Y1-1926-SM-4PQZO,Fast
GTEX-OIZG-1126-SM-2HMIU,Fast
GTEX-PLZ5-2026-SM-2S1O4,Fast
GTEX-139YR-2526-SM-5IJC6,Fast
GTEX-ZLFU-1426-SM-4WWEU,Fast
GTEX-QEG5-1826-SM-4R1JP,Fast
GTEX-14LLW-0726-SM-5ZZVV,Slow
GTEX-XBED-1026-SM-48TCB,Fast
GTEX-WYJK-2126-SM-4ONDG,Fast
GTEX-ZF28-0526-SM-4WKGW,Slow
GTEX-13OVK-1426-SM-6PAN7,Fast
GTEX-17EUY-1826-SM-7DUEZ,Fast
GTEX-13X6K-0011-R3b-SM-5PNUD,Slow
GTEX-QV44-1026-SM-447CG,Fast
GTEX-XQ3S-1026-SM-4BOPJ,Fast
GTEX-R45C-0006-SM-3GAD6,Fast
GTEX-12BJ1-0726-SM-5EGGF,Fast
GTEX-11ZTT-0008-SM-5S2TZ,Fast
GTEX-13N1W-0926-SM-5MR36,Fast
GTEX-OXRL-2626-SM-2I3F1,Fast
GTEX-11VI4-0826-SM-5GU5N,Fast
GTEX-15DCE-1526-SM-7KUFD,Fast
GTEX-VUSG-0426-SM-3GIKD,Fast
GTEX-11TT1-1026-SM-5PNW7,Fast
GTEX-Y114-0926-SM-4TT7J,Fast
GTEX-R55C-0526-SM-3GIKA,Fast
GTEX-ZEX8-0726-SM-4WKH8,Fast
GTEX-13RTJ-0011-R1a-SM-5O9D9,Slow
GTEX-YFCO-0726-SM-5ZZVJ,Fast
GTEX-17KNJ-2526-SM-7DUFR,Fast
GTEX-POMQ-0126-SM-48TD6,Fast
GTEX-WOFL-0008-SM-4OOSZ,Fast
GTEX-133LE-1426-SM-5IFH1,Fast
GTEX-ZEX8-0526-SM-4WKH5,Fast
GTEX-132NY-1426-SM-5J1MJ,Fast
GTEX-YFC4-0526-SM-5ZZVI,Fast
GTEX-Y8E4-0006-SM-4V6EW,Fast
GTEX-14PK6-0926-SM-62LF4,Fast
GTEX-12WSJ-1526-SM-5GCNI,Fast
GTEX-NL4W-0011-R9a-SM-2I3G1,Slow
GTEX-15ETS-1926-SM-7KUN5,Fast
GTEX-14PHX-1126-SM-5YYA5,Fast
GTEX-14BMU-1226-SM-5S2OR,Fast
GTEX-R53T-0008-SM-48FEW,Fast
GTEX-15RIF-2126-SM-7KUM8,Fast
GTEX-UJHI-0926-SM-4IHKF,Fast
GTEX-U3ZH-1326-SM-4DXSF,Fast
GTEX-14AS3-1126-SM-5Q5CR,Fast
GTEX-145MH-0011-R5a-SM-5P9JT,Fast
GTEX-13U4I-0626-SM-5LU5L,Fast
GTEX-S32W-1426-SM-4AD66,Fast
GTEX-T8EM-0006-SM-3DB71,Fast
GTEX-15CHC-1626-SM-5ZZWS,Fast
GTEX-13FH7-1426-SM-5IFIC,Fast
GTEX-1A3MV-0626-SM-731CH,Fast
GTEX-WK11-1026-SM-4OOS8,Fast
GTEX-1AYCT-1426-SM-7DUG1,Fast
GTEX-RWS6-0005-SM-2XCAN,Fast
GTEX-14A6H-1326-SM-5NQBC,Fast
GTEX-12BJ1-1726-SM-5HL9B,Fast
GTEX-15F5U-1926-SM-6PANL,Fast
GTEX-11P7K-1226-SM-5HL4X,Fast
GTEX-TMMY-0726-SM-33HBE,Fast
GTEX-145LT-0326-SM-5LUAD,Fast
GTEX-X4LF-0526-SM-3NMB6,Fast
GTEX-XUW1-1326-SM-4BOO1,Fast
GTEX-P4QT-0726-SM-3NMCM,Fast
GTEX-QV31-0226-SM-447BO,Fast
GTEX-14AS3-0726-SM-5S2NY,Fast
GTEX-ZTSS-1926-SM-57WEW,Fast
GTEX-12WSA-0011-R4a-SM-57WB7,Slow
GTEX-12BJ1-1526-SM-5LUAQ,Fast
GTEX-14H4A-1726-SM-5ZZUV,Fast
GTEX-WRHU-0008-SM-4MVPB,Fast
GTEX-14PHY-0926-SM-5ZZWL,Fast
GTEX-12WSN-5004-SM-793CE,Fast
GTEX-TSE9-2826-SM-4DXTF,Fast
GTEX-X5EB-1826-SM-4E3K8,Fast
GTEX-P4PP-1426-SM-3NM9L,Fast
GTEX-TKQ2-0004-SM-3NMAC,Fast
GTEX-ZYFG-1926-SM-5GID5,Fast
GTEX-WHPG-0008-SM-4M1ZQ,Fast
GTEX-14C5O-0011-R6a-SM-5YYB6,Slow
GTEX-139T6-1026-SM-5IJGC,Fast
GTEX-QDT8-0011-R7A-SM-32PKF,Slow
GTEX-WEY5-0226-SM-3GIKN,Fast
GTEX-147F3-0726-SM-5NQ9U,Fast
GTEX-15CHR-2426-SM-7DUFX,Fast
GTEX-14PKU-0126-SM-6LLHV,Fast
GTEX-1399S-1526-SM-5P9JC,Fast
GTEX-1CB4H-0126-SM-7IGN2,Slow
GTEX-12C56-1426-SM-5FQSW,Fast
GTEX-ZVZQ-0011-R7b-SM-57WBB,Fast
GTEX-TMMY-1726-SM-4DXTD,Fast
GTEX-178AV-0426-SM-6LPJG,Fast
GTEX-14DAR-0826-SM-73KYJ,Fast
GTEX-11EM3-1526-SM-5A5KN,Fast
GTEX-YF7O-0004-SM-4W1ZT,Fast
GTEX-W5WG-0006-SM-3GIJT,Fast
GTEX-WH7G-1626-SM-4LVMY,Fast
GTEX-15SB6-0426-SM-6LPJ5,Fast
GTEX-145MH-3026-SM-5Q5DZ,Fast
GTEX-Y3I4-2026-SM-4TT6Z,Fast
GTEX-16NPV-2426-SM-6M482,Slow
GTEX-1C2JI-0826-SM-7EPHB,Fast
GTEX-1F5PL-1426-SM-7MKFH,Fast
GTEX-131XG-2226-SM-5DUXS,Fast
GTEX-ZVT2-0426-SM-5E44S,Fast
GTEX-P44H-1026-SM-3NM96,Slow
GTEX-13QBU-0126-SM-5LU3V,Fast
GTEX-14H4A-0526-SM-62LEU,Fast
GTEX-14B4R-0526-SM-5QGQT,Fast
GTEX-P44H-0011-R11A-SM-2XCER,Slow
GTEX-RNOR-2426-SM-48FDY,Fast
GTEX-145LT-1226-SM-5Q5BZ,Fast
GTEX-V1D1-0326-SM-4JBIY,Fast
GTEX-RNOR-0008-SM-48FEY,Fast
GTEX-16YQH-0011-R4a-SM-7EPGI,Fast
GTEX-WYJK-0526-SM-3NM8Z,Fast
GTEX-12WSG-0005-SM-5NQA2,Fast
GTEX-13NZB-0226-SM-5KM1T,Fast
GTEX-T5JW-2026-SM-4DM63,Fast
GTEX-11ZUS-0011-R11b-SM-5BC7B,Fast
GTEX-Y5V5-2726-SM-4VDS2,Fast
GTEX-14LLW-0326-SM-5ZZWD,Slow
GTEX-13RTJ-0526-SM-62LDP,Slow
GTEX-ZF29-0126-SM-4WKGZ,Fast
GTEX-NL4W-0011-R5a-SM-2I3GD,Slow
GTEX-1CAMR-0626-SM-7DHMI,Fast
GTEX-T8EM-1326-SM-3DB7G,Fast
GTEX-R55C-1026-SM-48FCM,Fast
GTEX-R53T-0005-SM-3GADK,Fast
GTEX-YEC3-0826-SM-4WWFP,Fast
GTEX-WHPG-0826-SM-3NMBF,Fast
GTEX-13NZ9-1326-SM-5MR3V,Fast
GTEX-13OVG-0726-SM-5IJBY,Fast
GTEX-11P82-1526-SM-5BC5M,Fast
GTEX-ZVP2-1426-SM-5NQ7P,Fast
GTEX-ZVZP-2426-SM-59HKJ,Fast
GTEX-WHPG-1026-SM-3NMBA,Fast
GTEX-14BMU-0226-SM-5S2QA,Fast
GTEX-13RTJ-2626-SM-7DHKR,Slow
GTEX-15DCZ-0526-SM-686Z3,Fast
GTEX-ZC5H-2726-SM-5KLZW,Fast
GTEX-1339X-0005-SM-5O9CQ,Fast
GTEX-ZT9W-1826-SM-51MQX,Fast
GTEX-OHPL-1026-SM-3MJGI,Fast
GTEX-WRHU-0826-SM-3MJFN,Fast
GTEX-16MT8-1926-SM-7EPGL,Slow
GTEX-146FH-0226-SM-5QGPQ,Fast
GTEX-11TTK-0005-SM-5O9BX,Slow
GTEX-WI4N-1026-SM-3LK7N,Fast
GTEX-11VI4-1026-SM-5EQM1,Fast
GTEX-145ME-1126-SM-5SIAT,Fast
GTEX-17KNJ-1226-SM-7LT9M,Fast
GTEX-T2IS-0011-R11A-SM-32QPC,Fast
GTEX-OXRO-0011-R5A-SM-2I5EG,Slow
GTEX-14PJ2-1426-SM-62LFF,Fast
GTEX-ZPCL-1326-SM-57WFN,Fast
GTEX-ZVZP-1826-SM-5GZXB,Fast
GTEX-RU1J-1926-SM-2TF6S,Fast
GTEX-ZV7C-0526-SM-51MRB,Fast
GTEX-1399R-0126-SM-5IFEV,Fast
GTEX-1AMEY-1126-SM-72D79,Fast
GTEX-13X6I-0011-R1b-SM-5PNZC,Slow
GTEX-1AMEY-0126-SM-73KTX,Fast
GTEX-P44H-0011-R1A-SM-3NM8J,Slow
GTEX-1477Z-0011-R8b-SM-5S2RG,Slow
GTEX-14E6E-0626-SM-73KX6,Fast
GTEX-17F9E-1426-SM-793BG,Fast
GTEX-U8XE-0526-SM-3DB8R,Slow
GTEX-YB5E-1526-SM-5IFIE,Fast
GTEX-WEY5-0926-SM-4LMI4,Fast
GTEX-NPJ7-0011-R2a-SM-2I3GF,Slow
GTEX-1C475-0926-SM-7MKFI,Fast
GTEX-139YR-2426-SM-5J1OB,Fast
GTEX-ZA64-1626-SM-5CVME,Fast
GTEX-13D11-1026-SM-5IJFB,Fast
GTEX-11TT1-1326-SM-5PNYM,Fast
GTEX-146FH-1526-SM-5NQBU,Fast
GTEX-ZY6K-1526-SM-5GZXE,Fast
GTEX-14PJ5-0526-SM-664OE,Fast
GTEX-XBEW-1126-SM-4QARW,Fast
GTEX-UJMC-2026-SM-3GADR,Fast
GTEX-13O61-0126-SM-5KM4P,Fast
GTEX-17F9Y-2626-SM-7IGN9,Fast
GTEX-XQ3S-0126-SM-4BOO9,Fast
GTEX-ZAB4-1726-SM-5HL8C,Slow
GTEX-1399R-1226-SM-5P9GF,Fast
GTEX-U3ZN-0926-SM-4DXTU,Fast
GTEX-11EM3-2126-SM-5H11M,Fast
GTEX-U3ZN-1026-SM-4DXTC,Fast
GTEX-R3RS-0726-SM-3GIJR,Slow
GTEX-1211K-1326-SM-5FQV2,Fast
GTEX-1B932-0526-SM-73KU7,Fast
GTEX-YFC4-0006-SM-4RGLV,Fast
GTEX-ZVZQ-0011-R4b-SM-57WCZ,Fast
GTEX-ZAB4-2526-SM-5HL8M,Slow
GTEX-13JUV-0011-R7b-SM-5LZZG,Fast
GTEX-144GM-1026-SM-79OKU,Fast
GTEX-1B8KE-0726-SM-72D7G,Fast
GTEX-QMR6-1326-SM-32PLB,Slow
GTEX-ZV6S-1126-SM-57WE9,Fast
GTEX-REY6-0426-SM-2TF5G,Fast
GTEX-QDT8-0011-R8A-SM-32PKE,Slow
GTEX-14E6E-2226-SM-5SI6F,Fast
GTEX-117YX-1726-SM-5GZZS,Fast
GTEX-1CB4I-1826-SM-793CX,Fast
GTEX-11LCK-1526-SM-5HL64,Fast
GTEX-145LT-0626-SM-5O99E,Fast
GTEX-OOBJ-0526-SM-48TDK,Fast
GTEX-12BJ1-2726-SM-5HL9M,Fast
GTEX-11ZU8-1126-SM-5EQ5K,Slow
GTEX-P4QS-0426-SM-3NMCQ,Fast
GTEX-T5JW-1426-SM-4DM5Q,Fast
GTEX-Y114-0526-SM-4TT8V,Fast
GTEX-Y5LM-0005-SM-4V6EJ,Fast
GTEX-WHSB-2326-SM-4M1XK,Fast
GTEX-WH7G-0526-SM-3NMBI,Fast
GTEX-WI4N-1826-SM-4OOSF,Fast
GTEX-Z9EW-1726-SM-5CVMO,Fast
GTEX-14AS3-0226-SM-5Q5B6,Fast
GTEX-ZF3C-0326-SM-4WWBF,Fast
GTEX-1314G-1226-SM-5BC6D,Fast
GTEX-Y5V5-2626-SM-5IFJM,Fast
GTEX-ZPIC-1026-SM-59HKZ,Fast
GTEX-16AAH-1526-SM-7LT9W,Fast
GTEX-11ZTT-2526-SM-5EQM9,Fast
GTEX-T8EM-0326-SM-3DB7F,Fast
GTEX-15CHC-0126-SM-5YYBA,Fast
GTEX-1CAMR-1926-SM-7EPI2,Fast
GTEX-YEC4-1726-SM-4W21E,Fast
GTEX-X5EB-2026-SM-4E3KA,Fast
GTEX-ZYY3-1626-SM-5EGJF,Slow
GTEX-XMK1-0001-SM-4B64F,Fast
GTEX-XYKS-0226-SM-4BRW3,Fast
GTEX-13X6K-1726-SM-7IGLG,Slow
GTEX-Q2AI-0326-SM-2I3EK,Fast
GTEX-1AX9J-1726-SM-731FF,Fast
GTEX-Y5V5-0626-SM-4VBPX,Fast
GTEX-ZF28-0826-SM-4WKGJ,Slow
GTEX-15SB6-1526-SM-7KUMQ,Fast
GTEX-WK11-1126-SM-4OOSJ,Fast
GTEX-RNOR-2226-SM-2TF5O,Fast
GTEX-15EU6-1726-SM-6M48H,Fast
GTEX-O5YW-0126-SM-3LK6D,Fast
GTEX-183FY-1626-SM-793D8,Fast
GTEX-11ZTT-2226-SM-5CVLP,Fast
GTEX-ZC5H-0008-SM-4WAX8,Fast
GTEX-15CHQ-0226-SM-6EU2S,Slow
GTEX-13PVR-0526-SM-5S2OB,Fast
GTEX-12ZZW-0008-SM-5YY9L,Slow
GTEX-11TTK-0126-SM-5987B,Slow
GTEX-R55G-0126-SM-48FDS,Fast
GTEX-XAJ8-1326-SM-47JYT,Fast
GTEX-ZYY3-1726-SM-5EGH3,Slow
GTEX-1399U-0726-SM-5KM1D,Fast
GTEX-RWS6-1326-SM-47JXB,Fast
GTEX-YFCO-0326-SM-4W1ZP,Fast
GTEX-15RIG-0526-SM-7KFTP,Fast
GTEX-12WSL-2526-SM-5GCNJ,Fast
GTEX-QVJO-0006-SM-2S1RC,Slow
GTEX-148VI-1626-SM-5SI6E,Fast
GTEX-YF7O-2026-SM-4W1YE,Fast
GTEX-Y5V6-2426-SM-4VDSB,Fast
GTEX-131XW-0226-SM-5IJCA,Slow
GTEX-1399U-1626-SM-5P9J3,Fast
GTEX-XBED-2526-SM-47JYD,Fast
GTEX-13O3P-1426-SM-5L3DT,Slow
GTEX-13X6I-0011-R7b-SM-5PNWP,Slow
GTEX-14C38-2226-SM-793AW,Fast
GTEX-14DAQ-0011-R11a-SM-664NO,Slow
GTEX-16NGA-0326-SM-718AJ,Fast
GTEX-12BJ1-1226-SM-5LUAE,Fast
GTEX-QDVN-0626-SM-2I3FP,Fast
GTEX-18464-0011-R10a-SM-72D6X,Slow
GTEX-132QS-0426-SM-5KLZ6,Fast
GTEX-15CHC-2526-SM-686YX,Fast
GTEX-OIZH-0226-SM-2YUMH,Fast
GTEX-WRHU-1126-SM-4E3I1,Fast
GTEX-13FHP-0126-SM-5IJBG,Slow
GTEX-Y8E4-0008-SM-4V6FW,Fast
GTEX-ZVZQ-0008-SM-51MSK,Fast
GTEX-14E1K-2326-SM-664MP,Fast
GTEX-XXEK-1926-SM-4BRVD,Fast
GTEX-15DZA-1226-SM-7KFS1,Fast
GTEX-17F97-0011-R10b-SM-793BB,Slow
GTEX-TSE9-0726-SM-3DB8C,Fast
GTEX-1AX9J-0926-SM-73KXA,Fast
GTEX-15ER7-0011-R5b-SM-6M46T,Fast
GTEX-XAJ8-0326-SM-47JYI,Fast
GTEX-QLQ7-1726-SM-2S1QQ,Fast
GTEX-17EVQ-0526-SM-7KFSK,Fast
GTEX-15DCZ-1726-SM-69LPX,Fast
GTEX-1CB4E-0926-SM-7EPHT,Fast
GTEX-ZA64-1526-SM-5CVMD,Fast
GTEX-13FH7-2326-SM-5KM1E,Fast
GTEX-P4PP-0526-SM-2HMKE,Fast
GTEX-ZYFG-2326-SM-5E44B,Fast
GTEX-14H4A-0226-SM-5SI6Q,Fast
GTEX-17F9Y-2326-SM-7DUFP,Fast
GTEX-QV31-0006-SM-793B5,Fast
GTEX-YEC4-2126-SM-5IFJH,Fast
GTEX-U3ZN-1226-SM-4DXUD,Fast
GTEX-13113-0526-SM-5GCN2,Fast
GTEX-144GO-0011-R6b-SM-5S2V7,Slow
GTEX-R55C-1926-SM-2TF4K,Fast
GTEX-VJYA-0126-SM-4KL1P,Fast
GTEX-OXRK-1726-SM-3NB16,Fast
GTEX-11XUK-0926-SM-5EQL3,Fast
GTEX-X4XX-0011-R6B-SM-46MWP,Slow
GTEX-WQUQ-0426-SM-3MJFU,Fast
GTEX-144GN-2426-SM-5LU4R,Fast
GTEX-UJMC-1826-SM-3GADT,Fast
GTEX-18A67-0126-SM-7LG5P,Fast
GTEX-144GO-2726-SM-5O9A2,Slow
GTEX-SE5C-0726-SM-4BRWY,Fast
GTEX-15DZA-0626-SM-6PANC,Fast
GTEX-NPJ8-2226-SM-3TW8D,Slow
GTEX-WH7G-2326-SM-3NMBC,Fast
GTEX-S4Q7-1026-SM-4AD75,Fast
GTEX-11P81-0826-SM-5P9GR,Fast
GTEX-13IVO-2426-SM-5K7V9,Slow
GTEX-P4PP-1026-SM-3NM9O,Fast
GTEX-14E1K-1426-SM-5YY8V,Fast
GTEX-15ER7-0011-R1b-SM-7KUE1,Fast
GTEX-18D9B-1526-SM-7KFRK,Fast
GTEX-U8XE-0326-SM-3DB8P,Slow
GTEX-18A66-0626-SM-7LT8Z,Slow
GTEX-QLQ7-0626-SM-4R1JT,Fast
GTEX-XXEK-1626-SM-4BRUZ,Fast
GTEX-VJYA-0826-SM-4KL1M,Fast
GTEX-XV7Q-2626-SM-4BRVA,Fast
GTEX-U8XE-0826-SM-4E3J1,Slow
GTEX-XPVG-1326-SM-4B65P,Fast
GTEX-17EUY-2026-SM-79OMV,Fast
GTEX-17EVQ-1626-SM-79ONH,Fast
GTEX-YFC4-0011-R4a-SM-4RGLQ,Fast
GTEX-1497J-1926-SM-5TDCC,Fast
GTEX-1122O-2126-SM-5EGIR,Fast
GTEX-14PK6-0326-SM-6AJ9S,Fast
GTEX-13FTX-1126-SM-5N9EN,Fast
GTEX-11LCK-1026-SM-5A5KB,Fast
GTEX-1192X-2726-SM-5N9DN,Slow
GTEX-15ER7-2426-SM-793B9,Fast
GTEX-1399U-0426-SM-5K7UU,Fast
GTEX-11ZU8-2426-SM-5EQMV,Slow
GTEX-1AX9K-1526-SM-73KVP,Fast
GTEX-11DXX-2426-SM-5GZZW,Fast
GTEX-12ZZX-2426-SM-5GCOE,Fast
GTEX-RN64-0005-SM-793B4,Fast
GTEX-15UKP-0426-SM-7KUFQ,Fast
GTEX-T5JW-1826-SM-3GAE1,Fast
GTEX-145MN-1026-SM-5NQ9G,Fast
GTEX-X15G-0005-SM-3NMDA,Fast
GTEX-TKQ2-0226-SM-4DM6V,Fast
GTEX-XMD2-0008-SM-4WWE7,Fast
GTEX-QV44-1926-SM-2S1RF,Fast
GTEX-ZP4G-0626-SM-4WWF1,Fast
GTEX-13U4I-0126-SM-5LU38,Fast
GTEX-12WSA-0011-R8a-SM-5P9EX,Slow
GTEX-1122O-0003-SM-5Q5DL,Fast
GTEX-XBEW-0626-SM-4QASP,Fast
GTEX-16MTA-1326-SM-6PALX,Fast
GTEX-WYJK-0008-SM-4ONDV,Fast
GTEX-U3ZN-1126-SM-4DXUL,Fast
GTEX-1399R-1626-SM-5P9GG,Fast
GTEX-13111-0626-SM-5LZVR,Fast
GTEX-15DCE-0826-SM-7KULW,Fast
GTEX-13FTX-2226-SM-5J1OP,Fast
GTEX-144GO-2026-SM-5O99P,Slow
GTEX-132NY-2726-SM-5PNY2,Fast
GTEX-WZTO-0011-R6B-SM-4E3J6,Fast
GTEX-14PK6-1826-SM-69LOM,Fast
GTEX-14XAO-0426-SM-6AJB6,Fast
GTEX-POMQ-1226-SM-3P61F,Fast
GTEX-132AR-2026-SM-5IJG4,Fast
GTEX-RNOR-0011-R7A-SM-2TF4V,Fast
GTEX-13CF3-1826-SM-5J1NK,Fast
GTEX-ZPCL-0326-SM-5FQSG,Fast
GTEX-S4Q7-0526-SM-4AD5N,Fast
GTEX-16YQH-0011-R11b-SM-7LT98,Fast
GTEX-X585-0011-R1B-SM-46MVE,Slow
GTEX-ZYFG-2026-SM-5E43Y,Fast
GTEX-11ZTT-2126-SM-5CVLO,Fast
GTEX-11LCK-2226-SM-5HL4Q,Fast
GTEX-145MN-0226-SM-5QGPY,Fast
GTEX-11TT1-1826-SM-5EQLV,Fast
GTEX-OOBK-0008-SM-3NB27,Fast
GTEX-17F9E-0726-SM-793A1,Fast
GTEX-14JG6-0926-SM-6871Y,Fast
GTEX-131XF-2126-SM-5DUWS,Fast
GTEX-WEY5-1426-SM-4LMJ3,Fast
GTEX-131XE-0006-SM-5P9F9,Fast
GTEX-X585-0011-R4B-SM-46MVH,Slow
GTEX-15CHC-0326-SM-5ZZVP,Fast
GTEX-S95S-0008-SM-4AT5M,Fast
GTEX-U3ZH-0626-SM-4DXT3,Fast
GTEX-133LE-1226-SM-5IFGC,Fast
GTEX-WQUQ-0126-SM-4OOSS,Fast
GTEX-ZTSS-0005-SM-4YCDR,Fast
GTEX-U3ZN-0826-SM-4DXSZ,Fast
GTEX-O5YW-1426-SM-3MJHF,Fast
GTEX-18A66-1226-SM-7LT8G,Slow
GTEX-183WM-2126-SM-7LG4I,Slow
GTEX-132NY-1126-SM-5PNVE,Fast
GTEX-QEG5-0126-SM-4R1JR,Fast
GTEX-14PJO-0826-SM-6ETZK,Slow
GTEX-ZDYS-1926-SM-5HL59,Fast
GTEX-13QBU-2126-SM-5KLZN,Fast
GTEX-13U4I-0826-SM-5SIBD,Fast
GTEX-145MN-0926-SM-5NQBT,Fast
GTEX-ZP4G-1426-SM-4WWCL,Fast
GTEX-15RJE-0726-SM-7KUEG,Slow
GTEX-OXRK-0126-SM-3NB1E,Fast
GTEX-17EVQ-1226-SM-7LG59,Fast
GTEX-R55E-0011-R6A-SM-2TC5T,Fast
GTEX-12ZZW-3026-SM-5LZW7,Slow
GTEX-147F3-0626-SM-5NQ9I,Fast
GTEX-15CHC-1226-SM-686ZH,Fast
GTEX-O5YT-0126-SM-48TBW,Fast
GTEX-16NGA-1526-SM-72D56,Fast
GTEX-183WM-0326-SM-72D5V,Slow
GTEX-S4Q7-0926-SM-4AD5D,Fast
GTEX-X261-0011-R11A-SM-4E3JY,Slow
GTEX-ZZPU-0526-SM-5E44U,Fast
GTEX-15G1A-2026-SM-7KUFG,Fast
GTEX-145LS-1226-SM-5Q5D9,Slow
GTEX-YJ8O-2426-SM-5HL7S,Fast
GTEX-R55G-0526-SM-2TC5O,Fast
GTEX-PSDG-0326-SM-48TCP,Fast
GTEX-ZF3C-2026-SM-4WWB5,Fast
GTEX-13U4I-0526-SM-5LU59,Fast
GTEX-RWS6-2426-SM-2XCB9,Fast
GTEX-QV31-0626-SM-447C5,Fast
GTEX-N7MT-0011-R2a-SM-2I3GI,Slow
GTEX-WYVS-1126-SM-4SOJX,Fast
GTEX-13W46-0226-SM-5SIAG,Fast
GTEX-ZTSS-1026-SM-5985N,Fast
GTEX-15UKP-1926-SM-6LPI9,Fast
GTEX-ZQUD-1426-SM-57WER,Fast
GTEX-WHWD-0126-SM-4OORS,Fast
GTEX-X5EB-2626-SM-4E3HZ,Fast
GTEX-XQ8I-1426-SM-4BOPW,Fast
GTEX-TMMY-0226-SM-33HBA,Fast
GTEX-TSE9-0011-R10A-SM-3DB7O,Fast
GTEX-ZZPU-0826-SM-5GZX5,Fast
GTEX-14C5O-0011-R10a-SM-6872F,Slow
GTEX-PSDG-0826-SM-48TCZ,Fast
GTEX-15UKP-2026-SM-6LPIC,Fast
GTEX-12BJ1-2026-SM-5FQUH,Fast
GTEX-18QFQ-1326-SM-731CF,Fast
GTEX-13O21-1526-SM-5K7W4,Fast
GTEX-WY7C-1026-SM-4OND3,Fast
GTEX-ZQG8-2526-SM-57WEQ,Fast
GTEX-YF7O-2326-101833-SM-5CVN9,Fast
GTEX-WFG7-0926-SM-4LMK7,Fast
GTEX-ZVTK-0003-SM-51MRV,Fast
GTEX-1AYD5-2326-SM-73KXF,Fast
GTEX-11EM3-0426-SM-5N9BZ,Fast
GTEX-16MT8-0826-SM-7KULO,Slow
GTEX-15ETS-0126-SM-7KUMW,Fast
GTEX-ZPU1-1026-SM-4YCEQ,Fast
GTEX-QMRM-1526-SM-4R1K6,Fast
GTEX-U3ZN-1426-SM-3DB87,Fast
GTEX-OXRL-0526-SM-2I3EZ,Fast
GTEX-NL4W-0011-R4a-SM-2I5GZ,Slow
GTEX-15RJ7-0326-SM-6M47H,Fast
GTEX-14E1K-2026-SM-7DUEI,Fast
GTEX-14PJ4-1526-SM-664OA,Fast
GTEX-15CHQ-2026-SM-6AJAX,Slow
GTEX-12WSN-0226-SM-5DUXH,Fast
GTEX-V955-1126-SM-4JBH3,Fast
GTEX-13W3W-1326-SM-5LU4T,Fast
GTEX-ZTSS-1226-SM-51MSZ,Fast
GTEX-X4LF-0226-SM-4QAS8,Fast
GTEX-S341-0526-SM-4AD5U,Fast
GTEX-15ER7-2826-SM-6PAN2,Fast
GTEX-13VXT-1526-SM-5LU3J,Fast
GTEX-13PDP-0326-SM-5K7XP,Slow
GTEX-13JUV-0006-SM-5NQ97,Fast
GTEX-ZZPU-2126-SM-5EGIU,Fast
GTEX-SE5C-0526-SM-2XCE1,Fast
GTEX-14PJ6-2326-SM-6ETZR,Fast
GTEX-ZV6S-1326-SM-59HJA,Fast
GTEX-14PJ3-1326-SM-664O7,Fast
GTEX-U3ZM-1626-SM-4DXSK,Fast
GTEX-139T6-0426-SM-5IJEM,Fast
GTEX-S3XE-1326-SM-4AD4H,Fast
GTEX-11XUK-0826-SM-5GU6P,Fast
GTEX-NPJ8-1826-SM-2YUNC,Slow
GTEX-13X6H-1926-SM-7EWD3,Fast
GTEX-12ZZX-0011-R10b-SM-5DUWK,Fast
GTEX-13FHP-0826-SM-5K7V5,Slow
GTEX-13113-5019-SM-7EPH2,Fast
GTEX-R53T-1826-SM-3GIJX,Fast
GTEX-TML8-1226-SM-32QON,Fast
GTEX-S32W-1126-SM-4AD5V,Fast
GTEX-1CB4F-0826-SM-793CV,Fast
GTEX-Q2AI-1226-SM-48U14,Fast
GTEX-YFC4-0826-SM-5CVM1,Fast
GTEX-Y8E4-0226-SM-4VBQ3,Fast
GTEX-12KS4-0626-SM-5PNY4,Fast
GTEX-U8XE-0926-SM-3DB8V,Slow
GTEX-13FTX-1526-SM-5K7VJ,Fast
GTEX-ZAB4-1826-SM-5HL8O,Slow
GTEX-17GQL-2326-SM-731EJ,Fast
GTEX-OHPM-0006-SM-2HMKU,Fast
GTEX-1497J-0126-SM-5Q5BK,Fast
GTEX-S7SF-1426-SM-4AT5A,Fast
GTEX-132NY-1726-SM-5EGKK,Fast
GTEX-XPT6-0426-SM-4B672,Fast
GTEX-17HGU-2326-SM-7DUFE,Fast
GTEX-11ZUS-0011-R10b-SM-5BC79,Fast
GTEX-RU1J-0826-SM-46MUU,Fast
GTEX-13O3P-0526-SM-5K7UT,Slow
GTEX-14XAO-2026-SM-69LOI,Fast
GTEX-1A3MV-0526-SM-72D5A,Fast
GTEX-132Q8-0011-R2b-SM-5EQ5Z,Slow
GTEX-14DAQ-3026-SM-5S2QZ,Slow
GTEX-Y8E4-1226-SM-5IFIM,Fast
GTEX-11LCK-0526-SM-5A5M9,Fast
GTEX-1399U-0926-SM-5IFHA,Fast
GTEX-1211K-2226-SM-5FQU6,Fast
GTEX-WY7C-0526-SM-3NB3D,Fast
GTEX-14C5O-1426-SM-5RQI8,Slow
GTEX-ZVZP-0006-SM-51MSW,Fast
GTEX-ZLWG-0426-SM-4WWFA,Fast
GTEX-YEC4-0626-SM-5CVLU,Fast
GTEX-1122O-0005-SM-5O99J,Fast
GTEX-13VXT-1326-SM-5LU3Y,Fast
GTEX-S341-0326-SM-2XCAU,Fast
GTEX-17F97-2926-SM-7DUEQ,Slow
GTEX-WWTW-1326-SM-4MVNT,Fast
GTEX-1CAMS-0226-SM-79397,Fast
GTEX-ZAB4-1026-SM-5HL7T,Slow
GTEX-XK95-1026-SM-4GIDV,Fast
GTEX-14PKU-0226-SM-6EU16,Fast
GTEX-T5JW-1226-SM-3GACY,Fast
GTEX-PLZ6-1126-SM-3P5ZR,Fast
GTEX-Y3IK-1126-SM-51MSV,Fast
GTEX-WHWD-2326-SM-3LK6Q,Fast
GTEX-18D9U-0226-SM-718BP,Fast
GTEX-17KNJ-1326-SM-7KFTG,Fast
GTEX-Q734-1826-SM-2I3EL,Fast
GTEX-WI4N-2726-SM-3LK7Y,Fast
GTEX-PWN1-0226-SM-5SI7O,Fast
GTEX-13QBU-0726-SM-5J2OA,Fast
GTEX-X8HC-2726-SM-46MUA,Fast
GTEX-146FH-2626-SM-5Q5E1,Fast
GTEX-TML8-0001-SM-3NMAF,Fast
GTEX-14ICL-1826-SM-5RQIY,Fast
GTEX-13NYS-0011-R3b-SM-5MR41,Slow
GTEX-17JCI-0626-SM-7IGM7,Fast
GTEX-17F9Y-0326-SM-7IGLS,Fast
GTEX-ZYFG-0426-SM-5E43M,Fast
GTEX-P44H-0226-SM-2XCEU,Slow
GTEX-12WSK-0326-SM-5GCOJ,Fast
GTEX-145LT-0526-SM-5LUB2,Fast
GTEX-ZTSS-1526-SM-51MTC,Fast
GTEX-178AV-1726-SM-7KUL8,Fast
GTEX-13O61-0626-SM-5L3D1,Fast
GTEX-178AV-0326-SM-6LPJF,Fast
GTEX-11TT1-2226-SM-5GU6B,Fast
GTEX-ZWKS-0126-SM-5SIAA,Slow
GTEX-U4B1-1726-SM-3DB9F,Fast
GTEX-WH7G-0626-SM-4LVMO,Fast
GTEX-V955-0726-SM-3GAFG,Fast
GTEX-13QBU-2526-SM-5LU4X,Fast
GTEX-144GN-2126-SM-5O99D,Fast
GTEX-1A3MV-1126-SM-718BS,Fast
GTEX-14C5O-2926-SM-5RQI1,Slow
GTEX-X261-3226-SM-3NMC3,Slow
GTEX-11DXX-2126-SM-5PNYR,Fast
GTEX-13PVR-2726-SM-5SI6H,Fast
GTEX-132AR-1526-SM-5KM1L,Fast
GTEX-ZVZQ-0826-SM-51MRF,Fast
GTEX-13X6K-0626-SM-5LU5D,Slow
GTEX-17KNJ-1726-SM-7LG6A,Fast
GTEX-17F96-2126-SM-7KFSM,Fast
GTEX-WEY5-0008-SM-4LMKC,Fast
GTEX-15SKB-2526-SM-6PALP,Fast
GTEX-1477Z-2126-SM-5Q5CM,Slow
GTEX-QESD-0326-SM-47J4F,Fast
GTEX-13OVI-2526-SM-5KM4V,Fast
GTEX-13U4I-1426-SM-5J2M3,Fast
GTEX-17HHE-1426-SM-7EPH4,Fast
GTEX-WOFL-1226-SM-4OOST,Fast
GTEX-ZVT2-2026-SM-5NQ8Q,Fast
GTEX-WFON-0005-SM-3NMC9,Fast
GTEX-15DCE-1626-SM-6LPJM,Fast
GTEX-YFC4-0011-R11a-SM-4SOK6,Fast
GTEX-X4XY-1526-SM-4QASE,Fast
GTEX-12ZZW-0426-SM-5GCO9,Slow
GTEX-15UKP-1326-SM-6LPI8,Fast
GTEX-17EVQ-0011-R1a-SM-7189S,Fast
GTEX-XYKS-2426-SM-4AT43,Fast
GTEX-T2YK-0008-SM-4DM6M,Slow
GTEX-ZT9X-0226-SM-51MT2,Fast
GTEX-11DZ1-0926-SM-5EQ5R,Slow
GTEX-QV31-0126-SM-447BP,Fast
GTEX-P4QT-2426-SM-3NMCL,Fast
GTEX-139YR-1926-SM-5LZXM,Fast
GTEX-18A67-1826-SM-7KFT7,Fast
GTEX-13S86-0826-SM-5SI6J,Fast
GTEX-15EO6-0011-R2a-SM-6M46R,Slow
GTEX-Y114-2126-SM-4TT8B,Fast
GTEX-X5EB-0006-SM-46MV5,Fast
GTEX-UJHI-1426-SM-3DB9C,Fast
GTEX-QLQW-0326-SM-447A8,Fast
GTEX-ZYY3-2926-SM-5GIEB,Slow
GTEX-15RIE-2426-SM-7KUDS,Fast
GTEX-13RTK-0226-SM-5RQHR,Fast
GTEX-PSDG-0008-SM-48TE5,Fast
GTEX-13PL7-2726-SM-5L3GB,Fast
GTEX-13N1W-0011-R4a-SM-5MR52,Fast
GTEX-1CB4E-0626-SM-7DHMW,Fast
GTEX-17F97-0526-SM-7DUF8,Slow
GTEX-1CAMS-2326-SM-793CR,Fast
GTEX-13PVR-1826-SM-5Q5CC,Fast
GTEX-ZY6K-1626-SM-5GZWV,Fast
GTEX-ZY6K-0226-SM-5SIAY,Fast
GTEX-XQ8I-0226-SM-4BOPM,Fast
GTEX-XBED-2426-SM-4AT4O,Fast
GTEX-13VXT-0726-SM-5SIAD,Fast
GTEX-145LV-0326-SM-5Q5BW,Fast
GTEX-15UF6-2726-SM-7KULY,Slow
GTEX-11DXX-1326-SM-5GIDZ,Fast
GTEX-131XW-0008-SM-664MJ,Slow
GTEX-OIZG-1026-SM-3LK5X,Fast
GTEX-RWS6-0001-SM-3NMAL,Fast
GTEX-13D11-0526-SM-5LZYM,Fast
GTEX-YFCO-1326-SM-664NV,Fast
GTEX-WOFL-0726-SM-3MJG4,Fast
GTEX-QESD-1526-SM-2S1QT,Fast
GTEX-NL4W-0011-R8a-SM-2I3G4,Slow
GTEX-ZC5H-2326-SM-4WAYT,Fast
GTEX-ZVE2-0226-SM-59HJB,Fast
GTEX-1B8KZ-2126-SM-73KYG,Fast
GTEX-132Q8-1826-SM-5EGIY,Slow
GTEX-15SHV-0426-SM-6M476,Fast
GTEX-17HGU-1026-SM-79OKL,Fast
GTEX-QMRM-1726-SM-2S1QG,Fast
GTEX-18A66-0726-SM-72D77,Slow
GTEX-1C64O-1926-SM-79ONP,Fast
GTEX-145LS-3126-SM-5Q5BY,Slow
GTEX-SE5C-1226-SM-4BRWV,Fast
GTEX-ZVP2-0726-SM-59HKY,Fast
GTEX-14PJ6-0326-SM-6871H,Fast
GTEX-14JG6-1026-SM-6LLIF,Fast
GTEX-RWSA-2426-SM-47JXR,Fast
GTEX-R3RS-0008-SM-48FF1,Slow
GTEX-XGQ4-1326-SM-4GIDU,Fast
GTEX-XV7Q-2126-SM-4BRVX,Fast
GTEX-Y111-0226-SM-4SOIW,Fast
GTEX-1C2JI-1326-SM-7IGMX,Fast
GTEX-RWSA-0008-SM-47JYX,Fast
GTEX-117YX-1226-SM-5H11S,Fast
GTEX-ZDTT-1126-SM-4WKFW,Fast
GTEX-14BMU-1126-SM-5RQJ8,Fast
GTEX-Y8E4-1026-SM-4VBQ5,Fast
GTEX-XMK1-2226-SM-4B673,Fast
GTEX-13QJ3-1926-SM-5QGQM,Fast
GTEX-Y114-0626-SM-4TT98,Fast
GTEX-WXYG-0226-SM-3NB2Y,Fast
GTEX-WRHK-1126-SM-4MVOJ,Fast
GTEX-13113-1826-SM-5LZW4,Fast
GTEX-12WSG-0626-SM-5FQTQ,Fast
GTEX-11P7K-1526-SM-5EGI7,Fast
GTEX-1B8KZ-1626-SM-73KUU,Fast
GTEX-12WSN-2726-SM-5LZUK,Fast
GTEX-14PKU-1126-SM-69LOU,Fast
GTEX-13PL7-0226-SM-731DT,Fast
GTEX-1117F-2826-SM-5GZXL,Slow
GTEX-X62O-0005-SM-46MV1,Fast
GTEX-14PKU-1326-SM-6871B,Fast
GTEX-11DXZ-0006-SM-5LZZH,Fast
GTEX-ZPIC-1626-SM-57WEB,Fast
GTEX-UJMC-0008-SM-4IHKK,Fast
GTEX-15ER7-2126-SM-7939E,Fast
GTEX-132Q8-0626-SM-5L3F3,Slow
GTEX-WHPG-2626-SM-3NMBR,Fast
GTEX-RN64-0326-SM-2TC5J,Fast
GTEX-O5YT-1326-SM-3MJGR,Fast
GTEX-1399U-2326-SM-5K7WY,Fast
GTEX-Q2AH-1026-SM-48TZI,Fast
GTEX-ZLV1-1226-SM-4WWBX,Fast
GTEX-13PDP-0726-SM-5L3HP,Slow
GTEX-12ZZX-0011-R7b-SM-5DUVV,Fast
GTEX-139YR-0626-SM-5IJBT,Fast
GTEX-ZP4G-0326-SM-4YCEF,Fast
GTEX-ZAB4-0526-SM-5HL7Z,Slow
GTEX-NPJ8-0011-R2a-SM-2TC6M,Slow
GTEX-1497J-2426-SM-7IGNX,Fast
GTEX-15SDE-1726-SM-6LPJS,Fast
GTEX-18QFQ-0126-SM-731BE,Fast
GTEX-145LS-3026-SM-5O99S,Slow
GTEX-P4PQ-1626-SM-2HMKK,Fast
GTEX-1399R-1126-SM-5IFIO,Fast
GTEX-ZF2S-2026-SM-5E461,Fast
GTEX-1122O-2026-SM-5NQ91,Fast
GTEX-RWSA-1426-SM-47JXA,Fast
GTEX-146FQ-0226-SM-5NQAL,Fast
GTEX-NPJ8-2026-SM-3TW91,Slow
GTEX-13JUV-0226-SM-5IJCC,Fast
GTEX-WRHK-0001-SM-4WWDD,Fast
GTEX-ZF28-1026-SM-4WKGV,Slow
GTEX-17KNJ-0926-SM-7IGP2,Fast
GTEX-OXRN-1326-SM-3LK5V,Fast
GTEX-1AYD5-2226-SM-73KX3,Fast
GTEX-17F96-0526-SM-79OLE,Fast
GTEX-WH7G-2126-SM-4M1XU,Fast
GTEX-1A3MW-0526-SM-731BY,Slow
GTEX-ZLFU-2026-SM-4WWG2,Fast
GTEX-YB5E-2426-SM-5IFIV,Fast
GTEX-X4EP-0004-SM-4PQZX,Slow
GTEX-QV44-0926-SM-2S1RH,Fast
GTEX-131XF-0526-SM-5HL87,Fast
GTEX-11NSD-0926-SM-5N9DR,Fast
GTEX-18QFQ-2026-SM-72D7J,Fast
GTEX-R53T-1126-SM-48FD4,Fast
GTEX-13OVG-2226-SM-5K7V8,Fast
GTEX-XXEK-1226-SM-4BRUY,Fast
GTEX-ZV7C-0826-SM-59HK8,Fast
GTEX-ZTX8-1126-SM-51MRM,Fast
GTEX-Y3IK-2426-SM-4WWDU,Fast
GTEX-X62O-0826-SM-46MW8,Fast
GTEX-X15G-1926-SM-4PQZQ,Fast
GTEX-14ICK-1126-SM-69LOO,Fast
GTEX-U4B1-0926-SM-4DXUV,Fast
GTEX-14753-1726-SM-5NQ9X,Slow
GTEX-ZLV1-0926-SM-5S2MR,Fast
GTEX-X62O-0226-SM-4E3JB,Fast
GTEX-WWTW-0008-SM-4MVPE,Fast
GTEX-13CF3-0006-SM-5N9ED,Fast
GTEX-O5YW-0006-SM-3LK6E,Fast
GTEX-ZVT2-0005-SM-57WBW,Fast
GTEX-12WSL-1526-SM-5GCP8,Fast
GTEX-QLQW-0005-SM-2S1RA,Fast
GTEX-S7SF-0826-SM-4AD4W,Fast
GTEX-15SHV-2426-SM-6PAMF,Fast
GTEX-OIZG-1326-SM-2HMIQ,Fast
GTEX-13X6H-0426-SM-5LU4E,Fast
GTEX-N7MT-0011-R7a-SM-2I3FZ,Slow
GTEX-ZYT6-1026-SM-7LG6X,Fast
GTEX-1AX8Z-0826-SM-7DUFZ,Fast
GTEX-13OVI-2626-SM-5KM4T,Fast
GTEX-17HHE-0226-SM-79399,Fast
GTEX-1497J-0226-SM-5QGPU,Fast
GTEX-XXEK-0126-SM-4BRVU,Fast
GTEX-OIZI-0126-SM-3NB13,Fast
GTEX-ZDYS-0326-SM-5HL4W,Fast
GTEX-PLZ6-0326-SM-3P61J,Fast
GTEX-RWS6-0926-SM-47JXE,Fast
GTEX-ZLFU-1826-SM-4WWBV,Fast
GTEX-131XG-2126-SM-5DUXG,Fast
GTEX-145MH-0011-R8a-SM-5PNUL,Fast
GTEX-R55E-0011-R5A-SM-2TC5N,Fast
GTEX-147F3-1726-SM-5SIAW,Fast
GTEX-ZV7C-1626-SM-5NQ7E,Fast
GTEX-16XZZ-2926-SM-6LPK4,Fast
GTEX-ZT9X-0004-SM-4YCDT,Fast
GTEX-ZF29-0626-SM-4WKHD,Fast
GTEX-14JG6-0226-SM-6872A,Fast
GTEX-1399S-0826-SM-5KM23,Fast
GTEX-OHPL-1326-SM-3MJGG,Fast
GTEX-S4UY-1226-SM-4AD51,Fast
GTEX-XGQ4-0626-SM-4AT56,Fast
GTEX-1A3MX-0226-SM-731C4,Slow
GTEX-139D8-1426-SM-5IJEX,Fast
GTEX-PWCY-1026-SM-48TD4,Fast
GTEX-XGQ4-0426-SM-4AT4I,Fast
GTEX-1AYD5-2426-SM-73KXR,Fast
GTEX-13S86-0726-SM-5Q5DH,Fast
GTEX-WZTO-0008-SM-4PQZZ,Fast
GTEX-P4QS-1126-SM-3NMD5,Fast
GTEX-OHPL-2426-SM-48TDN,Fast
GTEX-13O3P-0826-SM-5L3DH,Slow
GTEX-TMMY-0005-SM-33HBN,Fast
GTEX-TSE9-0005-SM-4DXUF,Fast
GTEX-YEC3-0002-SM-4W1YI,Fast
GTEX-XYKS-2626-SM-4BRUT,Fast
GTEX-WHWD-0726-SM-4OORX,Fast
GTEX-ZC5H-0426-SM-5HL9R,Fast
GTEX-14PK6-0126-SM-664O1,Fast
GTEX-15ER7-2526-SM-7KUFW,Fast
GTEX-OOBK-0726-SM-3LK5Q,Fast
GTEX-ZVT2-1626-SM-51MRC,Fast
GTEX-11XUK-1726-SM-5GU61,Fast
GTEX-OXRO-0326-SM-33HBM,Slow
GTEX-TKQ1-0126-SM-33HB3,Fast
GTEX-WK11-0526-SM-3NB3O,Fast
GTEX-13RTL-0011-R1a-SM-5PNZ8,Slow
GTEX-XQ3S-2526-SM-4BOOG,Fast
GTEX-11EI6-2626-SM-5PNVT,Slow
GTEX-16AAH-1226-SM-79OO9,Fast
GTEX-YEC4-1326-SM-5IFHG,Fast
GTEX-RUSQ-1526-SM-2TF62,Fast
GTEX-1399Q-2326-SM-5KM2X,Fast
GTEX-Y3IK-0126-SM-4WWE9,Fast
GTEX-ZPIC-0726-SM-57WFM,Fast
GTEX-14E6C-3126-SM-664ON,Slow
GTEX-11I78-1426-SM-5PNVY,Fast
GTEX-X4EP-0626-SM-3P621,Slow
GTEX-1B8KE-0626-SM-7189H,Fast
GTEX-U8T8-0008-SM-4DXSP,Fast
GTEX-11LCK-2426-SM-5HL5F,Fast
GTEX-S95S-0226-SM-4B656,Fast
GTEX-WYBS-0005-SM-4ONDR,Fast
GTEX-ZA64-0526-SM-5HL9I,Fast
GTEX-145MH-2926-SM-5Q5D2,Fast
GTEX-13O3P-1326-SM-5K7Y8,Slow
GTEX-ZEX8-1326-SM-4WWEW,Fast
GTEX-WFG8-2526-SM-3GILR,Fast
GTEX-Y5LM-2126-SM-4VDSY,Fast
GTEX-WH7G-2626-SM-3NMBE,Fast
GTEX-13111-1726-SM-5EGJZ,Fast
GTEX-16YQH-0011-R1a-SM-7LT8R,Fast
GTEX-TKQ1-1126-SM-4GIAZ,Fast
GTEX-ZPCL-1126-SM-4WWFE,Fast
GTEX-11ZUS-3026-SM-5EGI4,Fast
GTEX-131XW-0426-SM-5LZWP,Slow
GTEX-XGQ4-0226-SM-4GIDS,Fast
GTEX-T5JW-1526-SM-4DM5E,Fast
GTEX-16XZZ-0011-R6a-SM-7IGNE,Fast
GTEX-Q2AI-1526-SM-3GIJ3,Fast
GTEX-13JUV-2326-SM-5IJCE,Fast
GTEX-ZGAY-0926-SM-4WWBQ,Fast
GTEX-17MFQ-1326-SM-718BX,Fast
GTEX-YJ8O-0826-SM-5CVM3,Fast
GTEX-X585-0011-R6A-SM-46MVJ,Slow
GTEX-13QBU-0926-SM-5K7WQ,Fast
GTEX-QEG4-2226-SM-4R1JM,Fast
GTEX-RWSA-0226-SM-2XCBA,Fast
GTEX-14DAR-0006-SM-5N9GC,Fast
GTEX-11TT1-0926-SM-5GU5M,Fast
GTEX-Y111-0426-SM-4TT3K,Fast
GTEX-X585-0011-R11B-SM-46MUZ,Slow
GTEX-145MH-3126-SM-5S2QT,Fast
GTEX-Y5V5-0826-SM-4VBQD,Fast
GTEX-11ZUS-0726-SM-59886,Fast
GTEX-13PVR-2126-SM-73KVR,Fast
GTEX-13PVR-2526-SM-5RQIT,Fast
GTEX-S95S-1426-SM-2XCDM,Fast
GTEX-ZT9W-0126-SM-4YCFD,Fast
GTEX-X4EP-2926-SM-3P5YQ,Slow
GTEX-ZYVF-0926-SM-5E44J,Fast
GTEX-1211K-1126-SM-5EGGB,Fast
GTEX-11TT1-1726-SM-5EQLJ,Fast
GTEX-YEC4-0001-SM-4W1Y6,Fast
GTEX-R55E-0426-SM-2TC65,Fast
GTEX-139YR-2226-SM-5IFFW,Fast
GTEX-XMD1-2826-SM-4AT5F,Slow
GTEX-OXRL-0326-SM-2I3F2,Fast
GTEX-U3ZH-1026-SM-4DXUZ,Fast
GTEX-XQ8I-1726-SM-4BOQB,Fast
GTEX-13OVK-2126-SM-6PAN1,Fast
GTEX-Y8LW-0008-SM-4V6G5,Fast
GTEX-111FC-0826-SM-5GZWO,Fast
GTEX-ZG7Y-0126-SM-4WWEX,Fast
GTEX-ZC5H-1526-SM-5HL9Y,Fast
GTEX-1B932-1926-SM-79OOA,Fast
GTEX-11P7K-1126-SM-5HL4L,Fast
GTEX-ZY6K-0526-SM-5GZY9,Fast
GTEX-ZF2S-1726-SM-57WFT,Fast
GTEX-ZZ64-1426-SM-5NQ8C,Fast
GTEX-15RIE-2026-SM-7KFRW,Fast
GTEX-QXCU-0926-SM-48FEP,Fast
GTEX-13O21-1126-SM-5N9EV,Fast
GTEX-11LCK-0326-SM-5A5M7,Fast
GTEX-133LE-2226-SM-5IFGU,Fast
GTEX-17EVQ-1026-SM-7IGOG,Fast
GTEX-ZDYS-0826-SM-4WWCR,Fast
GTEX-RWS6-0826-SM-47JXF,Fast
GTEX-11EI6-0826-SM-5985V,Slow
GTEX-1C4CL-0005-SM-7MKF3,Fast
GTEX-WYJK-0005-SM-3NMA1,Fast
GTEX-11P81-0126-SM-5HL5Y,Fast
GTEX-131XF-0426-SM-5HL7U,Fast
GTEX-WHWD-0426-SM-3LK83,Fast
GTEX-WOFM-2026-SM-4OOSQ,Fast
GTEX-ZTSS-0826-SM-5985L,Fast
GTEX-Q2AH-0426-SM-2I3EP,Fast
GTEX-16XZZ-1726-SM-7KULD,Fast
GTEX-Z9EW-0126-SM-5CVM6,Fast
GTEX-1117F-0426-SM-5EGHI,Slow
GTEX-RTLS-0926-SM-2TF5X,Slow
GTEX-WZTO-1526-SM-4PQYQ,Fast
GTEX-15EO6-0011-R5b-SM-7KUDZ,Slow
GTEX-13X6K-2126-SM-5O9D4,Slow
GTEX-12WSF-0011-R10a-SM-5LZVH,Slow
GTEX-17F97-1426-SM-7LG5C,Slow
GTEX-ZVZP-0004-SM-51MS8,Fast
GTEX-11XUK-0426-SM-5EQML,Fast
GTEX-YFC4-0926-SM-5S2U7,Fast
GTEX-XMD1-0008-SM-4AT41,Slow
GTEX-15UF6-1026-SM-7KUF7,Slow
GTEX-111YS-0006-SM-5NQBE,Fast
GTEX-YB5E-1926-SM-5IFIG,Fast
GTEX-WHSB-1626-SM-3LK6J,Fast
GTEX-ZAB4-1926-SM-57WD8,Slow
GTEX-OHPM-1426-SM-3TW8Y,Fast
GTEX-Y3IK-0426-SM-4WWE2,Fast
GTEX-13FHP-1126-SM-5IJDO,Slow
GTEX-WXYG-1026-SM-4ONCD,Fast
GTEX-13FHP-0926-SM-5L3EC,Slow
GTEX-17MFQ-1626-SM-7938Z,Fast
GTEX-VUSG-1126-SM-4KKZQ,Fast
GTEX-XBED-0226-SM-47JY8,Fast
GTEX-13X6K-0226-SM-5QGPB,Slow
GTEX-13FTX-0526-SM-5IFGS,Fast
GTEX-R55G-0626-SM-48FDB,Fast
GTEX-16NPV-0526-SM-79OKI,Slow
GTEX-Y8E4-1626-SM-5S2MW,Fast
GTEX-ZP4G-1126-SM-4WWCI,Fast
GTEX-YEC3-0326-SM-5IFJJ,Fast
GTEX-XUZC-0005-SM-4BOQ8,Fast
GTEX-V1D1-0008-SM-4JBIJ,Fast
GTEX-QDVN-2226-SM-2S1PM,Fast
GTEX-13FTW-1826-SM-5IJEN,Fast
GTEX-132AR-2226-SM-5J2NT,Fast
GTEX-XYKS-0005-SM-4BRUD,Fast
GTEX-XUW1-0726-SM-4BOP5,Fast
GTEX-X5EB-2526-SM-4E3HY,Fast
GTEX-14753-0126-SM-5S2TX,Slow
GTEX-W5WG-0002-SM-3NMDN,Fast
GTEX-13PDP-0226-SM-5K7W9,Slow
GTEX-139D8-2426-SM-5KM3A,Fast
GTEX-15CHR-1326-SM-79OLT,Fast
GTEX-XUW1-1926-SM-4BOP1,Fast
GTEX-U3ZM-0126-SM-3DB8M,Fast
GTEX-Y3I4-1726-SM-4TT89,Fast
GTEX-14PHX-2526-SM-62LEO,Fast
GTEX-ZZ64-1226-SM-5E43R,Fast
GTEX-XBEW-1626-SM-4SOJP,Fast
GTEX-X3Y1-1226-SM-4PQZ8,Fast
GTEX-1CB4E-1226-SM-7MKFX,Fast
GTEX-13N11-1726-SM-5J1OJ,Fast
GTEX-Y8LW-0126-SM-4VBS1,Fast
GTEX-R55C-0005-SM-3GAE9,Fast
GTEX-P44H-0011-R3A-SM-5SI8A,Slow
GTEX-RNOR-0011-R1A-SM-5SI8F,Fast
GTEX-X4XY-0006-SM-46MV2,Fast
GTEX-1399S-0326-SM-5IFFS,Fast
GTEX-VUSG-2226-SM-4KKZO,Fast
GTEX-ZF28-1426-SM-5S2OG,Slow
GTEX-13X6K-0011-R5b-SM-5PNUE,Slow
GTEX-14PJ3-1426-SM-664O8,Fast
GTEX-13W46-0526-SM-5IJBD,Fast
GTEX-QDVN-2426-SM-2S1Q4,Fast
GTEX-146FR-2026-SM-5NQAI,Fast
GTEX-13O21-1426-SM-5K7XI,Fast
GTEX-QMRM-0826-SM-3NB33,Fast
GTEX-X3Y1-0326-SM-4PQZ7,Fast
GTEX-ZF2S-2326-SM-4WWCE,Fast
GTEX-183WM-0926-SM-718AN,Slow
GTEX-12ZZX-0005-SM-5O9A9,Fast
GTEX-ZYFG-0326-SM-5E45Z,Fast
GTEX-ZXES-1926-SM-5E445,Fast
GTEX-14753-0626-SM-5Q5CY,Slow
GTEX-ZYY3-0526-SM-5E45G,Slow
GTEX-14753-0226-SM-5Q5CH,Slow
GTEX-REY6-2426-SM-48FF5,Fast
GTEX-13PVR-0326-SM-5RQJY,Fast
GTEX-ZVT2-2226-SM-5NQ6P,Fast
GTEX-13FH7-1926-SM-5J2OL,Fast
GTEX-ZGAY-1026-SM-4WWBR,Fast
GTEX-OHPL-2526-SM-3MJGT,Fast
GTEX-11P7K-0003-SM-5S2OU,Fast
GTEX-1192X-3026-SM-5N9BM,Slow
GTEX-17F98-0726-SM-793BJ,Fast
GTEX-14E6E-0126-SM-73KXH,Fast
GTEX-11P82-1126-SM-5BC5K,Fast
GTEX-17EUY-1926-SM-7DUF6,Fast
GTEX-13NZ9-0526-SM-5J1OX,Fast
GTEX-WRHU-0926-SM-4E3IG,Fast
GTEX-13X6H-2526-SM-5QGOT,Fast
GTEX-SE5C-1326-SM-4BRUH,Fast
GTEX-17MFQ-1526-SM-7KFRR,Fast
GTEX-ZLV1-1926-SM-5FQSF,Fast
GTEX-1117F-0526-SM-5EGHJ,Slow
GTEX-14PN3-1626-SM-6AJAV,Fast
GTEX-Z9EW-0626-SM-5HL95,Fast
GTEX-ZF3C-0001-SM-4WWAW,Fast
GTEX-17JCI-2826-SM-7IGNA,Fast
GTEX-YFC4-0126-SM-5CVLY,Fast
GTEX-14PHW-1626-SM-6EU2H,Slow
GTEX-ZLFU-0726-SM-57WF6,Fast
GTEX-15ER7-1826-SM-6LLI7,Fast
GTEX-15RJE-1026-SM-6M46X,Slow
GTEX-131XF-5001-SM-7DHLY,Fast
GTEX-YB5K-2326-SM-5IFHD,Fast
GTEX-QEG5-0826-SM-2I5GF,Fast
GTEX-XUW1-0826-SM-4BOP6,Fast
GTEX-T6MO-0426-SM-32QOI,Fast
GTEX-PWN1-2526-SM-48TDS,Fast
GTEX-11NSD-0226-SM-5A5LR,Fast
GTEX-133LE-1926-SM-5N9FV,Fast
GTEX-N7MT-0011-R6a-SM-2I3G3,Slow
GTEX-QLQW-1126-SM-2S1Q8,Fast
GTEX-17HHE-1126-SM-793BS,Fast
GTEX-Q2AH-1126-SM-48TZM,Fast
GTEX-ZTX8-1726-SM-51MSB,Fast
GTEX-XUW1-0426-SM-4BOOT,Fast
GTEX-QEG5-1326-SM-4R1JS,Fast
GTEX-1B8KE-1026-SM-731EQ,Fast
GTEX-T8EM-0226-SM-3DB7C,Fast
GTEX-ZAB4-0011-R10a-SM-4SOKH,Slow
GTEX-145MN-0626-SM-5QGRH,Fast
GTEX-1C2JI-1026-SM-73KY1,Fast
GTEX-13X6K-1926-SM-5LU4O,Slow
GTEX-147F3-0826-SM-5NQA7,Fast
GTEX-131XE-0526-SM-5K7YT,Fast
GTEX-16YQH-0826-SM-7938J,Fast
GTEX-18A66-1626-SM-7LTAF,Slow
GTEX-131XG-0926-SM-5LZW5,Fast
GTEX-1A3MW-0126-SM-73KXX,Slow
GTEX-ZVT2-0526-SM-5E455,Fast
GTEX-13NZ8-0226-SM-5J2OK,Slow
GTEX-16MTA-1226-SM-7KULL,Fast
GTEX-15ER7-0126-SM-6PAM2,Fast
GTEX-WZTO-0426-SM-3NM99,Fast
GTEX-Y5V5-0126-SM-5S2NW,Fast
GTEX-ZPU1-2326-SM-57WEP,Fast
GTEX-U8XE-0726-SM-3DB8O,Slow
GTEX-14PJ3-2026-SM-5ZZVK,Fast
GTEX-14PJ4-2126-SM-6ETZJ,Fast
GTEX-14PII-1026-SM-5ZZVW,Slow
GTEX-11LCK-1926-SM-5A5KE,Fast
GTEX-16NPX-0226-SM-79OMT,Fast
GTEX-1AX9K-2426-SM-73KZ4,Fast
GTEX-17F98-1626-SM-7938R,Fast
GTEX-U8XE-1426-SM-3DB8Q,Slow
GTEX-XGQ4-2226-SM-4AT4Y,Fast
GTEX-14A6H-0526-SM-5NQAZ,Fast
GTEX-133LE-1526-SM-5IFEN,Fast
GTEX-WHWD-0926-SM-4OORY,Fast
GTEX-ZZPU-1126-SM-5N9CW,Fast
GTEX-ZVZQ-0011-R5b-SM-57WDC,Fast
GTEX-ZTX8-0626-SM-59HKC,Fast
GTEX-111CU-1326-SM-5NQ8L,Fast
GTEX-R3RS-0526-SM-3GADG,Slow
GTEX-12C56-1526-SM-5FQUQ,Fast
GTEX-139T8-0126-SM-5K7XZ,Slow
GTEX-17GQL-1226-SM-7KFTS,Fast
GTEX-1117F-1326-SM-5EGHH,Slow
GTEX-1211K-1226-SM-5EQ4N,Fast
GTEX-13YAN-1126-SM-5TDC7,Fast
GTEX-14E1K-1026-SM-73KUR,Fast
GTEX-13NYS-2926-SM-5IFGH,Slow
GTEX-13OVK-0826-SM-7KULZ,Fast
GTEX-X261-0011-R8A-SM-4E3I5,Slow
GTEX-ZV6S-0008-SM-4YCF9,Fast
GTEX-13NYS-0326-SM-5MR4L,Slow
GTEX-16YQH-0126-SM-7DUFJ,Fast
GTEX-ZT9W-0426-SM-57WF4,Fast
GTEX-145LT-1326-SM-5O9AQ,Fast
GTEX-XQ8I-1326-SM-4BOPV,Fast
GTEX-PX3G-0926-SM-48U12,Fast
GTEX-11EQ8-0926-SM-5H12V,Slow
GTEX-1A3MW-1926-SM-7IGM8,Slow
GTEX-ZF28-0226-SM-5S2OE,Slow
GTEX-YJ8O-1126-SM-5P9IS,Fast
GTEX-132NY-0926-SM-5P9G3,Fast
GTEX-14JG6-0626-SM-68716,Fast
GTEX-18A67-2626-SM-718AD,Fast
GTEX-UJMC-0726-SM-3GADX,Fast
GTEX-XUZC-0526-SM-4BOPF,Fast
GTEX-PLZ6-0006-SM-33HBZ,Fast
GTEX-VUSG-0526-SM-4KL22,Fast
GTEX-111YS-2326-SM-5987L,Fast
GTEX-15EOM-1526-SM-68723,Fast
GTEX-1339X-2426-SM-5KLYU,Fast
GTEX-13JUV-2526-SM-5J1OD,Fast
GTEX-132Q8-1726-SM-5EGK8,Slow
GTEX-183FY-0326-SM-793BY,Fast
GTEX-132AR-0008-SM-62LDH,Fast
GTEX-S341-1226-SM-4AD5S,Fast
GTEX-1CB4I-0926-SM-7MKFY,Fast
GTEX-15SHV-2226-SM-6M464,Fast
GTEX-OHPK-0326-SM-2HMJO,Fast
GTEX-ZF3C-2326-SM-5S2MZ,Fast
GTEX-14A5I-1026-SM-5Q5E3,Slow
GTEX-18D9A-1126-SM-7KFRJ,Fast
GTEX-13111-0926-SM-5DUVQ,Fast
GTEX-YF7O-2626-SM-5IFHK,Fast
GTEX-ZZPU-0326-SM-5N9BJ,Fast
GTEX-11EM3-0526-SM-5H12N,Fast
GTEX-Q2AH-1626-SM-3GAF8,Fast
GTEX-Z9EW-0226-SM-5CVM7,Fast
GTEX-Y8LW-0326-SM-4VBQ9,Fast
GTEX-16MT8-2726-SM-7IGLJ,Slow
GTEX-14PJ4-0326-SM-664OT,Fast
GTEX-13OVK-0226-SM-6M472,Fast
GTEX-X4EP-0005-SM-3P5ZE,Slow
GTEX-S32W-0326-SM-2XCBI,Fast
GTEX-U3ZH-2026-SM-3DB78,Fast
GTEX-1AX8Z-1826-SM-73KW6,Fast
GTEX-R55E-1126-SM-48FDZ,Fast
GTEX-13QJ3-0626-SM-5SI6G,Fast
GTEX-T2YK-2226-SM-32QPT,Slow
GTEX-YEC4-1026-SM-5P9FW,Fast
GTEX-13VXT-2026-SM-5L3EW,Fast
GTEX-QVJO-0011-R4A-SM-2S1QL,Slow
GTEX-14C5O-1126-SM-5TDEH,Slow
GTEX-131XG-2626-SM-5KM17,Fast
GTEX-14E1K-0926-SM-5S2U4,Fast
GTEX-1AX9J-1426-SM-731BV,Fast
GTEX-18A67-2426-SM-7LT95,Fast
GTEX-17KNJ-0426-SM-718AK,Fast
GTEX-WXYG-1726-SM-4ONCU,Fast
GTEX-13U4I-1826-SM-5IJD2,Fast
GTEX-16YQH-0526-SM-7KUE8,Fast
GTEX-12C56-1626-SM-5FQUO,Fast
GTEX-14PHX-1426-SM-69LPP,Fast
GTEX-145LS-2726-SM-5Q5D8,Slow
GTEX-O5YT-0726-SM-3MJHA,Fast
GTEX-15ER7-1126-SM-6M47F,Fast
GTEX-N7MT-1226-SM-2D7W4,Slow
GTEX-NPJ7-0006-SM-3GACR,Slow
GTEX-P4QS-1626-SM-2S1NH,Fast
GTEX-139T6-0626-SM-5IFF9,Fast
GTEX-YF7O-1326-SM-4W1ZR,Fast
GTEX-Y5V6-2826-SM-4VDSF,Fast
GTEX-ZAB4-1426-SM-5CVN6,Slow
GTEX-13X6H-1326-SM-5LU42,Fast
GTEX-12BJ1-0003-SM-5SI6V,Fast
GTEX-111FC-0426-SM-5N9CV,Fast
GTEX-R55C-0626-SM-2TF4Q,Fast
GTEX-WOFM-0526-SM-4OOS2,Fast
GTEX-ZP4G-0726-SM-4WWF2,Fast
GTEX-OOBJ-0926-SM-48TDO,Fast
GTEX-145ME-2126-SM-5SIAH,Fast
GTEX-132AR-0826-SM-5EGK6,Fast
GTEX-15ER7-0011-R9b-SM-6PALF,Fast
GTEX-OOBJ-2626-SM-2I3F6,Fast
GTEX-W5X1-1426-SM-3GIKH,Fast
GTEX-14E6E-1326-SM-5S2NR,Fast
GTEX-QLQ7-0426-SM-4R1JU,Fast
GTEX-14JG6-0426-SM-68715,Fast
GTEX-131XW-0011-R8a-SM-5DUWY,Slow
GTEX-13N1W-0011-R1b-SM-5MR4T,Fast
GTEX-1B932-2326-SM-79OL5,Fast
GTEX-17EVQ-0011-R8a-SM-7189T,Fast
GTEX-14JG6-0126-SM-68726,Fast
GTEX-WFG7-1826-SM-3GIL1,Fast
GTEX-131XG-0426-SM-5IFGD,Fast
GTEX-WYVS-2326-SM-3NMAI,Fast
GTEX-ZYVF-2326-SM-5E44Z,Fast
GTEX-1AYCT-1826-SM-731EG,Fast
GTEX-111FC-0226-SM-5N9B8,Fast
GTEX-S341-0226-SM-5S2VG,Fast
GTEX-ZT9X-0926-SM-5O9C4,Fast
GTEX-12C56-0006-SM-5N9E9,Fast
GTEX-ZTX8-1826-SM-5N9E5,Fast
GTEX-1B97I-0426-SM-79OL7,Fast
GTEX-OXRN-0011-R10A-SM-2I5GC,Fast
GTEX-15SKB-1626-SM-6PAL6,Fast
GTEX-WFG8-0006-SM-3GIKS,Fast
GTEX-1339X-2726-SM-5PNYU,Fast
GTEX-183WM-0526-SM-731BD,Slow
GTEX-WEY5-1126-SM-4LMIE,Fast
GTEX-ZAB4-2126-SM-5HL8U,Slow
GTEX-ZF29-0326-SM-4WKFB,Fast
GTEX-WY7C-0006-SM-3NB3L,Fast
GTEX-146FH-0826-SM-5SI8T,Fast
GTEX-RM2N-0826-SM-48FD3,Fast
GTEX-T8EM-0526-SM-4DM64,Fast
GTEX-13FTX-0926-SM-5IFF7,Fast
GTEX-P4QT-0008-SM-48TDZ,Fast
GTEX-11P81-0726-SM-5PNYH,Fast
GTEX-RWS6-0726-SM-47JXI,Fast
GTEX-NPJ8-0526-SM-3MJHN,Slow
GTEX-WYJK-1826-SM-4ONDM,Fast
GTEX-15FZZ-0326-SM-6M48O,Fast
GTEX-WYVS-2126-SM-3NMA3,Fast
GTEX-12WSA-0226-SM-5BC5V,Slow
GTEX-1B932-0926-SM-73KUP,Fast
GTEX-YF7O-1626-SM-5IFII,Fast
GTEX-Y8LW-0002-SM-4V6G2,Fast
GTEX-WYJK-2026-SM-4ONDE,Fast
GTEX-13113-0008-SM-5YY9T,Fast
GTEX-14JG6-1726-SM-69LPL,Fast
GTEX-WK11-0626-SM-3NMAV,Fast
GTEX-REY6-1226-SM-48FDR,Fast
GTEX-U8T8-1126-SM-4DXUE,Fast
GTEX-X8HC-0726-SM-46MWG,Fast
GTEX-1AX9J-1226-SM-72D6P,Fast
GTEX-14ICK-1626-SM-6ETZX,Fast
GTEX-17F97-1926-SM-7IGM4,Slow
GTEX-XUW1-0926-SM-4BONX,Fast
GTEX-ZAB4-0726-SM-5HL8I,Slow
GTEX-Y5V5-1526-SM-4VBQ1,Fast
GTEX-13X6K-0726-SM-5LU2Z,Slow
GTEX-WZTO-2826-SM-3NM8P,Fast
GTEX-X4XX-0011-R11A-SM-46MWQ,Slow
GTEX-145ME-0526-SM-5QGQV,Fast
GTEX-139YR-0526-SM-5L3DG,Fast
GTEX-14PJ4-0726-SM-6872E,Fast
GTEX-R55C-0008-SM-48FCF,Fast
GTEX-14PN3-2526-SM-6EU15,Fast
GTEX-RNOR-0726-SM-2TF5I,Fast
GTEX-13CF3-1426-SM-5K7YY,Fast
GTEX-13NZB-2426-SM-5K7UF,Fast
GTEX-11P82-0826-SM-5P9GU,Fast
GTEX-1CB4I-1426-SM-79OLZ,Fast
GTEX-WHPG-2226-SM-3NMBO,Fast
GTEX-N7MT-0326-SM-48TDP,Slow
GTEX-T5JW-1126-SM-4DM5V,Fast
GTEX-12126-1026-SM-5P9JJ,Fast
GTEX-15UF7-1326-SM-7KUKV,Fast
GTEX-UPK5-1126-SM-3GAEJ,Fast
GTEX-15CHQ-1326-SM-6871Z,Slow
GTEX-1399R-2026-SM-5K7WN,Fast
GTEX-Y114-1626-SM-4TT7I,Fast
GTEX-15CHC-2026-SM-6EU1Z,Fast
GTEX-12WSA-1026-SM-5EGHN,Slow
GTEX-14PJO-0926-SM-686YT,Slow
GTEX-14E6C-2426-SM-5S2NF,Slow
GTEX-WZTO-0011-R1B-SM-3NMAR,Fast
GTEX-1B97J-1826-SM-7IGPP,Fast
GTEX-11I78-2126-SM-5A5K8,Fast
GTEX-TKQ1-0003-SM-3NMAE,Fast
GTEX-ZAB4-1126-SM-5HL86,Slow
GTEX-YFCO-0005-SM-4W1ZI,Fast
GTEX-1A3MV-1926-SM-718BT,Fast
GTEX-Q2AH-0526-SM-2I3ED,Fast
GTEX-16BQI-0326-SM-6PAM4,Fast
GTEX-1B932-0326-SM-7IGMV,Fast
GTEX-14PHY-0226-SM-5ZZWM,Fast
GTEX-13NYS-0011-R10a-SM-5MR4S,Slow
GTEX-WHWD-0226-SM-4OORT,Fast
GTEX-14JG6-0726-SM-69LQH,Fast
GTEX-X4EP-0011-R11B-SM-4QASK,Slow
GTEX-14PKU-1226-SM-686ZM,Fast
GTEX-ZYY3-3226-SM-5SI9X,Slow
GTEX-ZZPT-0626-SM-5GZXT,Slow
GTEX-ZTPG-1526-SM-51MTF,Fast
GTEX-139T6-1426-SM-5P9J7,Fast
GTEX-111FC-3126-SM-5GZZ2,Fast
GTEX-WHPG-0226-SM-3NMB9,Fast
GTEX-SE5C-1026-SM-4BRUG,Fast
GTEX-XYKS-0826-SM-4BRVF,Fast
GTEX-12WSK-0626-SM-5LZUJ,Fast
GTEX-QV31-0008-SM-447AT,Fast
GTEX-1399U-0826-SM-5KM1P,Fast
GTEX-131XE-2726-SM-5P9G7,Fast
GTEX-OXRL-2126-SM-3NM98,Fast
GTEX-U4B1-1526-SM-4DXSL,Fast
GTEX-18D9B-2226-SM-718BM,Fast
GTEX-13FHO-0326-SM-5IJBH,Fast
GTEX-11LCK-0226-SM-5A5M6,Fast
GTEX-11VI4-1626-SM-5EQKO,Fast
GTEX-132QS-1826-SM-5IFFN,Fast
GTEX-15EOM-1926-SM-69LQ2,Fast
GTEX-14DAQ-0526-SM-793AY,Slow
GTEX-16MTA-0726-SM-7KUL4,Fast
GTEX-13PVR-1026-SM-5QGQW,Fast
GTEX-RM2N-0926-SM-48FD1,Fast
GTEX-ZPU1-0006-SM-4WWAT,Fast
GTEX-11ZUS-1226-SM-5FQU8,Fast
GTEX-16XZZ-0926-SM-7DHLI,Fast
GTEX-QEG5-0008-SM-4R1KL,Fast
GTEX-117YX-2126-SM-5GIEL,Fast
GTEX-RUSQ-1926-SM-2TF6K,Fast
GTEX-OHPN-0011-R2A-SM-2I5FB,Fast
GTEX-14PJ6-0626-SM-686Z6,Fast
GTEX-11DXX-0326-SM-5PNWC,Fast
GTEX-17F97-0011-R1b-SM-7IGM9,Slow
GTEX-16MTA-1526-SM-6LPJB,Fast
GTEX-QV44-1526-SM-4R1KI,Fast
GTEX-15ER7-2026-SM-793B8,Fast
GTEX-WYBS-1626-SM-4ONCA,Fast
GTEX-WH7G-2226-SM-3NMBN,Fast
GTEX-WZTO-1226-SM-3NMAZ,Fast
GTEX-17EUY-0626-SM-793BE,Fast
GTEX-OHPM-0526-SM-2YUMJ,Fast
GTEX-139YR-1526-SM-5IFJ1,Fast
GTEX-13OVI-2326-SM-5KM47,Fast
GTEX-Y5LM-0526-SM-4V6G3,Fast
GTEX-X4EP-3026-SM-3P5YP,Slow
GTEX-NPJ8-1526-SM-2D7VU,Slow
GTEX-P44H-1126-SM-48TBU,Slow
GTEX-17F96-2026-SM-79ON4,Fast
GTEX-1122O-2426-SM-5GIDN,Fast
GTEX-1C64O-0526-SM-793D6,Fast
GTEX-QESD-0826-SM-47J4G,Fast
GTEX-Y9LG-1426-SM-5IFJZ,Fast
GTEX-QLQ7-1126-SM-4R1KN,Fast
GTEX-13N11-2726-SM-5L3ER,Fast
GTEX-WXYG-0008-SM-4ONDU,Fast
GTEX-13D11-0726-SM-5LZZB,Fast
GTEX-17MFQ-0826-SM-793C8,Fast
GTEX-Y5V6-1726-SM-4VDSZ,Fast
GTEX-QDVN-1026-SM-48TZA,Fast
GTEX-OHPK-1826-SM-2YUMR,Fast
GTEX-PWN1-1626-SM-2S1OL,Fast
GTEX-15CHC-2426-SM-6EU22,Fast
GTEX-ZYT6-2126-SM-5GZZ4,Fast
GTEX-1211K-0326-SM-5FQT1,Fast
GTEX-13X6I-1526-SM-5SIAC,Slow
GTEX-11DZ1-0326-SM-5N9BN,Slow
GTEX-ZXES-1226-SM-5NQ8G,Fast
GTEX-12C56-1126-SM-5FQTO,Fast
GTEX-YF7O-1726-SM-5IFJ9,Fast
GTEX-ZYVF-1626-SM-5N9EH,Fast
GTEX-16BQI-0626-SM-6PAMS,Fast
GTEX-13S86-1626-SM-5Q5C5,Fast
GTEX-NL4W-0011-R2a-SM-2I5GV,Slow
GTEX-Y111-0008-SM-4SOJ3,Fast
GTEX-WFON-2226-SM-3TW8W,Fast
GTEX-ZYVF-0526-SM-5E43E,Fast
GTEX-14PQA-0011-R3b-SM-69LQO,Slow
GTEX-XMD1-0006-SM-4AT4Q,Slow
GTEX-1A3MW-0226-SM-7939O,Slow
GTEX-ZVP2-0426-SM-57WC2,Fast
GTEX-OXRK-0526-SM-3NB2F,Fast
GTEX-S4Q7-0003-SM-3NM8M,Fast
GTEX-14AS3-2326-SM-5S2NZ,Fast
GTEX-1CB4E-0226-SM-79OLW,Fast
GTEX-OHPL-0326-SM-33HC8,Fast
GTEX-UJMC-1126-SM-3GADP,Fast
GTEX-Y5V6-2526-SM-5IFJV,Fast
GTEX-Y9LG-1626-SM-5IFHM,Fast
GTEX-12WSG-2726-SM-5EQ5M,Fast
GTEX-O5YT-0826-SM-3TW8N,Fast
GTEX-RWS6-0426-SM-47JXH,Fast
GTEX-OHPN-2626-SM-2I5H1,Fast
GTEX-P44H-0426-SM-2XCEZ,Slow
GTEX-145ME-0726-SM-5O9A3,Fast
GTEX-17JCI-0011-R1b-SM-718A3,Fast
GTEX-PLZ6-0226-SM-3P61I,Fast
GTEX-ZPCL-1426-SM-57WEC,Fast
GTEX-ZT9W-2226-SM-57WFU,Fast
GTEX-YB5E-0008-SM-4VDT7,Fast
GTEX-14E1K-0326-SM-5S2PE,Fast
GTEX-VUSG-1226-SM-4KKZF,Fast
GTEX-145MH-0011-R10b-SM-5PNUK,Fast
GTEX-ZPIC-2526-SM-57WDP,Fast
GTEX-13W3W-0626-SM-5LU45,Fast
GTEX-145LS-2926-SM-5O99G,Slow
GTEX-11P81-1626-SM-5BC52,Fast
GTEX-12WSG-0008-SM-5TDC4,Fast
GTEX-QVUS-0011-R4A-SM-3GAE7,Slow
GTEX-18A66-1126-SM-731C5,Slow
GTEX-WFON-1326-SM-4LVMN,Fast
GTEX-S4UY-1426-SM-4AD6Y,Fast
GTEX-XBED-1426-SM-4AT4G,Fast
GTEX-15FZZ-0426-SM-6PANM,Fast
GTEX-WFG7-1226-SM-4LMK2,Fast
GTEX-16MTA-1626-SM-6M47N,Fast
GTEX-Y3I4-0726-SM-4TT7M,Fast
GTEX-U8T8-1426-SM-3DB9H,Fast
GTEX-14A5I-0426-SM-5NQ9V,Slow
GTEX-13111-0008-SM-5YY8R,Fast
GTEX-S95S-0426-SM-4B64I,Fast
GTEX-O5YT-0926-SM-48TDG,Fast
GTEX-15FZZ-0526-SM-7KUGD,Fast
GTEX-QDVJ-1926-SM-2S1PJ,Fast
GTEX-XXEK-1326-SM-4BRV1,Fast
GTEX-PWO3-0011-R8A-SM-2I5GD,Slow
GTEX-17F98-1726-SM-7938O,Fast
GTEX-W5X1-0006-SM-3GIJZ,Fast
GTEX-YB5E-2326-SM-5IFIJ,Fast
GTEX-15RIE-0426-SM-7KUMH,Fast
GTEX-ZEX8-0005-SM-4WKGE,Fast
GTEX-14LLW-2626-SM-62LDZ,Slow
GTEX-14BMU-1526-SM-5TDE6,Fast
GTEX-14C38-1226-SM-5S2UK,Fast
GTEX-14ICK-0226-SM-6EU25,Fast
GTEX-XYKS-1526-SM-4BRUP,Fast
GTEX-Y3I4-1926-SM-4TT8L,Fast
GTEX-X4LF-0626-SM-4QASB,Fast
GTEX-111YS-0626-SM-5GZXV,Fast
GTEX-17HHE-1526-SM-793AS,Fast
GTEX-13N11-0826-SM-5IJFP,Fast
GTEX-Y3IK-0008-SM-4WWDZ,Fast
GTEX-12ZZW-2426-SM-5DUWE,Slow
GTEX-X585-3026-SM-46MWF,Slow
GTEX-U4B1-0326-SM-3DB8K,Fast
GTEX-17GQL-0826-SM-731AM,Fast
GTEX-QDT8-0426-SM-32PKZ,Slow
GTEX-WY7C-2826-SM-3NB3Q,Fast
GTEX-O5YW-0426-SM-3MJHJ,Fast
GTEX-14PHY-1926-SM-5YY95,Fast
GTEX-11NSD-1226-SM-5986Q,Fast
GTEX-15RJ7-0926-SM-6LPJO,Fast
GTEX-132AR-1126-SM-5P9GA,Fast
GTEX-146FQ-2126-SM-5RQHU,Fast
GTEX-139T6-2026-SM-5IFFL,Fast
GTEX-RTLS-0626-SM-5SI7Z,Slow
GTEX-11P82-0626-SM-5PNYK,Fast
GTEX-OHPK-2426-SM-3MJGH,Fast
GTEX-1122O-0126-SM-5GICA,Fast
GTEX-13O61-0226-SM-5KM52,Fast
GTEX-P4PP-1726-SM-2S1NS,Fast
GTEX-ZZ64-0226-SM-5E44X,Fast
GTEX-14ICK-1026-SM-6AJA4,Fast
GTEX-WZTO-3026-SM-3NMA2,Fast
GTEX-ZTSS-0326-SM-5987M,Fast
GTEX-13O3P-1126-SM-5L3FG,Slow
GTEX-13NZB-0626-SM-5IFH6,Fast
GTEX-13FHP-0226-SM-5K7WD,Slow
GTEX-132NY-1026-SM-5P9IY,Fast
GTEX-13VXT-1226-SM-5LU3M,Fast
GTEX-11P82-0326-SM-5HL51,Fast
GTEX-16MT8-1726-SM-7EWE7,Slow
GTEX-UPK5-0008-SM-4IHJD,Fast
GTEX-13YAN-0226-SM-5TDC6,Fast
GTEX-1192X-3226-SM-5987D,Slow
GTEX-R55G-1626-SM-48FF4,Fast
GTEX-TSE9-0126-SM-3DB83,Fast
GTEX-14PK6-0826-SM-5ZZVO,Fast
GTEX-R55E-0826-SM-2TC5M,Fast
GTEX-OHPN-0011-R6A-SM-2I5FH,Fast
GTEX-XPVG-1026-SM-4B64Y,Fast
GTEX-12KS4-1526-SM-5EQ6E,Fast
GTEX-WQUQ-1926-SM-4OOSA,Fast
GTEX-W5WG-0926-SM-4RTX9,Fast
GTEX-18D9U-2226-SM-7KFTN,Fast
GTEX-145ME-2026-SM-5SIA5,Fast
GTEX-X5EB-2226-SM-46MW4,Fast
GTEX-W5WG-1726-SM-4LMI5,Fast
GTEX-ZXES-1526-SM-5NQ95,Fast
GTEX-11NSD-1826-SM-5N9CF,Fast
GTEX-YFC4-0011-R10a-SM-4SOK5,Fast
GTEX-15RJE-1126-SM-6LPI5,Slow
GTEX-13OVI-0926-SM-5J1MI,Fast
GTEX-XV7Q-0008-SM-4BRWL,Fast
GTEX-ZYY3-0926-SM-5E454,Slow
GTEX-1AX8Z-1926-SM-72D7B,Fast
GTEX-XV7Q-0426-SM-4BRVN,Fast
GTEX-Y111-2626-SM-4TT24,Fast
GTEX-14PJ3-0826-SM-6AJBR,Fast
GTEX-11EM3-2226-SM-5H11Y,Fast
GTEX-Y3IK-0001-SM-4WWE1,Fast
GTEX-O5YW-1826-SM-2YUN2,Fast
GTEX-ZVT2-0126-SM-5GIDQ,Fast
GTEX-131XF-0126-SM-5DUVF,Fast
GTEX-117YX-0226-SM-5EGH6,Fast
GTEX-11ZTT-0526-SM-5EQLA,Fast
GTEX-YFC4-2926-SM-5IFJ8,Fast
GTEX-17MFQ-1126-SM-7LT9O,Fast
GTEX-T2IS-0011-R2A-SM-32QPF,Fast
GTEX-16YQH-0426-SM-7KUL7,Fast
GTEX-1AX8Z-1426-SM-7939T,Fast
GTEX-R55E-0526-SM-2TC6B,Fast
GTEX-OXRO-1226-SM-48TDL,Slow
GTEX-13U4I-2526-SM-5SI8Z,Fast
GTEX-13IVO-2926-SM-5L3CZ,Slow
GTEX-QVUS-2926-SM-3GIJB,Slow
GTEX-17EUY-1426-SM-7938X,Fast
GTEX-ZVT2-1726-SM-51MRO,Fast
GTEX-14DAR-2226-SM-5S2VT,Fast
GTEX-1CB4H-3026-SM-79OLX,Slow
GTEX-WY7C-0008-SM-4ONDW,Fast
GTEX-W5WG-2526-SM-4SOJ2,Fast
GTEX-13RTK-0426-SM-5RQHT,Fast
GTEX-ZVP2-0008-SM-51MSL,Fast
GTEX-14AS3-0326-SM-5Q5DB,Fast
GTEX-Y3IK-1226-SM-4WWEK,Fast
GTEX-13PL7-1026-SM-5MR5C,Fast
GTEX-X3Y1-0926-SM-3P5YT,Fast
GTEX-13PVR-0926-SM-5S2RB,Fast
GTEX-S7SF-0926-SM-4AD4M,Fast
GTEX-11ZU8-2626-SM-5EQLL,Slow
GTEX-ZF2S-0126-SM-4WKFO,Fast
GTEX-13W46-1226-SM-5SIAS,Fast
GTEX-YB5K-0626-SM-5LUB5,Fast
GTEX-11NSD-0626-SM-5A5LU,Fast
GTEX-ZDYS-2426-SM-4WKGI,Fast
GTEX-UJMC-0005-SM-3GACU,Fast
GTEX-183WM-0226-SM-7LT8T,Slow
GTEX-RM2N-1326-SM-48FCW,Fast
GTEX-12C56-1926-SM-5FQUG,Fast
GTEX-131XE-2526-SM-5EQ57,Fast
GTEX-Y3I4-1626-SM-4TT7W,Fast
GTEX-WOFM-0626-SM-4OOS3,Fast
GTEX-14ICL-0526-SM-5RQJ6,Fast
GTEX-15SHV-0526-SM-7KUEN,Fast
GTEX-X261-0226-SM-3NMD2,Slow
GTEX-RWSA-0526-SM-2XCBC,Fast
GTEX-14PJO-0011-R3a-SM-6AJBY,Slow
GTEX-ZXES-0008-SM-57WCX,Fast
GTEX-XBED-2226-SM-47JYQ,Fast
GTEX-YFC4-0011-R2a-SM-4V6DZ,Fast
GTEX-1AMFI-1026-SM-73KYM,Fast
GTEX-1399R-0626-SM-5K7UZ,Fast
GTEX-17F97-0011-R3b-SM-7LT9E,Slow
GTEX-VUSG-0003-SM-3NMDK,Fast
GTEX-YEC4-0126-SM-4W21T,Fast
GTEX-ZF28-0011-R7a-SM-4WKF5,Slow
GTEX-SNMC-1526-SM-2XCFN,Fast
GTEX-14PN3-2426-SM-6LLHS,Fast
GTEX-14PJ4-0226-SM-5YY92,Fast
GTEX-132NY-2226-SM-5J2LZ,Fast
GTEX-TSE9-1226-SM-4DXTM,Fast
GTEX-ZV7C-0008-SM-57WCL,Fast
GTEX-14PJ6-2226-SM-6LLIV,Fast
GTEX-14753-1626-SM-5NQ9L,Slow
GTEX-P4PP-1626-SM-2HMJF,Fast
GTEX-WHPG-2326-SM-3NMBP,Fast
GTEX-14PHX-2026-SM-6872C,Fast
GTEX-145LS-0011-R3a-SM-5S2VJ,Slow
GTEX-Y5LM-1226-SM-4VDT6,Fast
GTEX-X4EP-0526-SM-3P5YW,Slow
GTEX-VUSG-0126-SM-4KL1X,Fast
GTEX-14C5O-0526-SM-62LEI,Slow
GTEX-SE5C-1126-SM-4BRWZ,Fast
GTEX-XMD2-2126-SM-4YCF8,Fast
GTEX-QCQG-0008-SM-48U2G,Fast
GTEX-12WSF-1626-SM-7KUG5,Slow
GTEX-15SHW-1726-SM-6LPJ2,Fast
GTEX-11ZUS-0006-SM-5O9AJ,Fast
GTEX-S32W-1326-SM-4AD5Q,Fast
GTEX-ZVTK-0126-SM-57WDG,Fast
GTEX-12126-0726-SM-5FQTX,Fast
GTEX-12BJ1-0926-SM-5EQ62,Fast
GTEX-14E6C-1426-SM-5ZZWH,Slow
GTEX-11P81-0326-SM-5HL6B,Fast
GTEX-ZEX8-1626-SM-4WKG7,Fast
GTEX-15ETS-3126-SM-6LPKN,Fast
GTEX-ZQG8-0926-SM-57WFF,Fast
GTEX-12ZZW-1026-SM-5GCMM,Slow
GTEX-11ZU8-2526-SM-5EQKI,Slow
GTEX-ZZ64-1626-SM-5E43W,Fast
GTEX-13FTX-0726-SM-5N9BI,Fast
GTEX-14A5I-2126-SM-5NQA8,Slow
GTEX-1CB4F-2026-SM-79OLU,Fast
GTEX-16XZZ-2426-SM-7KULN,Fast
GTEX-13FTX-0005-SM-5N9F6,Fast
GTEX-X8HC-1026-SM-46MWH,Fast
GTEX-11I78-1926-SM-59878,Fast
GTEX-1CB4I-2126-SM-793AG,Fast
GTEX-133LE-2326-SM-5K7W3,Fast
GTEX-R53T-0826-SM-48FCP,Fast
GTEX-13VXT-1726-SM-5IFF5,Fast
GTEX-RWSA-2026-SM-47JX8,Fast
GTEX-17MFQ-2126-SM-7LG5W,Fast
GTEX-ZAB5-1526-SM-5HL9P,Fast
GTEX-ZXES-0826-SM-5E43C,Fast
GTEX-13RTJ-2226-SM-5S2Q1,Slow
GTEX-YFC4-2626-SM-5P9FQ,Fast
GTEX-17MFQ-1026-SM-7KFSZ,Fast
GTEX-ZYFG-0226-SM-5GIDT,Fast
