sample_id,age_binary
GTEX-T5JC-1526-SM-4DM68,Young
GTEX-11NSD-2026-SM-5HL5U,Young
GTEX-12WSA-1426-SM-5EGJU,Old
GTEX-ZDTT-2626-SM-5S2OP,Old
GTEX-13PVR-0226-SM-5RQJI,Old
GTEX-13OW8-0526-SM-5KM24,Old
GTEX-139T8-0006-SM-5NQ6V,Old
GTEX-17HG3-0011-R11b-SM-7KFT4,Young
GTEX-16GPK-0011-R8a-SM-79OMQ,Old
GTEX-146FR-0426-SM-5SI97,Old
GTEX-14E6E-0326-SM-73KY6,Young
GTEX-ZDTT-0526-SM-5HL4M,Old
GTEX-1A8G7-3126-SM-7IGP7,Old
GTEX-147GR-0126-SM-62LER,Old
GTEX-1399R-0826-SM-5IJEL,Young
GTEX-U412-0008-SM-4DXTE,Old
GTEX-12C56-0526-SM-5FQST,Young
GTEX-ZF29-1826-SM-4WKG8,Old
GTEX-139T8-0326-SM-5IJCM,Old
GTEX-11DXX-0126-SM-5EGH7,Old
GTEX-1C4CL-0426-SM-7939N,Young
GTEX-16GPK-2826-SM-6LPJ6,Old
GTEX-PX3G-0008-SM-48U2L,Young
GTEX-12WSD-1026-SM-5EQ42,Old
GTEX-13O61-0726-SM-5J2MD,Old
GTEX-146FQ-1126-SM-5NQBM,Young
GTEX-11ZUS-1326-SM-5FQUC,Young
GTEX-15DZA-0926-SM-69LQ3,Young
GTEX-18A6Q-1026-SM-7LT9S,Old
GTEX-ZA64-0626-SM-5HL9O,Young
GTEX-16MT8-0426-SM-7KUEY,Old
GTEX-131XF-0826-SM-5GICG,Old
GTEX-XUZC-1026-SM-4BOPY,Young
GTEX-ZTX8-1526-SM-5N9GI,Young
GTEX-16MT8-2226-SM-6LPK2,Old
GTEX-17JCI-0011-R10b-SM-718A2,Old
GTEX-15DCZ-2226-SM-69LOB,Young
GTEX-ZVT3-0726-SM-5GICN,Old
GTEX-WOFL-0626-SM-3MJG3,Old
GTEX-14PK6-0626-SM-6AJ9P,Old
GTEX-183WM-1726-SM-7KFT5,Old
GTEX-14ASI-0011-R7b-SM-5YY9G,Old
GTEX-XYKS-0002-SM-4BRWN,Old
GTEX-13113-2126-SM-5EQ4U,Old
GTEX-13N1W-0011-R9b-SM-5MR4R,Old
GTEX-131YS-1226-SM-5K7VE,Old
GTEX-1A3MV-1226-SM-718BW,Young
GTEX-16XZZ-0426-SM-793BW,Old
GTEX-15DYW-0011-R5a-SM-6M46W,Old
GTEX-1CB4E-2226-SM-793DC,Old
GTEX-P4QS-1026-SM-3NMCW,Old
GTEX-145LS-0011-R1b-SM-5PNUP,Old
GTEX-1399S-1726-SM-5L3DI,Young
GTEX-OXRO-0011-R9A-SM-3NB1X,Old
GTEX-1A3MV-2226-SM-731CP,Young
GTEX-S33H-1626-SM-4AD68,Young
GTEX-1128S-0126-SM-5H12S,Old
GTEX-OOBJ-1626-SM-2I3F7,Old
GTEX-11TUW-2226-SM-5EQL9,Old
GTEX-ZTX8-0006-SM-4YCE4,Young
GTEX-18A7B-0426-SM-7LG4T,Old
GTEX-V955-2626-SM-3NM9F,Old
GTEX-ZPCL-1726-SM-57WEO,Old
GTEX-Y8DK-0526-SM-4TT3R,Old
GTEX-12ZZY-0726-SM-5EQ66,Old
GTEX-ZXES-1626-SM-5NQ7L,Young
GTEX-1A8G6-1826-SM-73KY8,Old
GTEX-144GM-2126-SM-5LU3P,Young
GTEX-139TT-2726-SM-5IJFM,Old
GTEX-WHSE-2926-SM-3NMBG,Young
GTEX-13G51-1226-SM-5K7Z3,Old
GTEX-11TTK-2426-SM-5PNYO,Old
GTEX-XQ3S-0001-SM-4B64K,Young
GTEX-X4EP-0826-SM-3P5YK,Old
GTEX-1128S-1626-SM-5H12O,Old
GTEX-13OW8-1426-SM-5IJDT,Old
GTEX-1497J-2726-SM-5SI9W,Old
GTEX-15UF6-1926-SM-7KUDV,Old
GTEX-11P82-0006-SM-5N9FY,Young
GTEX-12WSF-0008-SM-5YY8S,Old
GTEX-17HG3-0011-R1a-SM-7LG6H,Young
GTEX-XOT4-1126-SM-4B66E,Old
GTEX-11P81-0526-SM-59873,Young
GTEX-ZXG5-0326-SM-5GICH,Old
GTEX-11GSP-0226-SM-5A5KV,Old
GTEX-17F9Y-1226-SM-7EPGE,Old
GTEX-13IVO-0011-R10a-SM-5LZY3,Old
GTEX-14PKV-1226-SM-6871T,Young
GTEX-ZDTT-1326-SM-4WKFH,Old
GTEX-U8XE-0008-SM-4E3K4,Young
GTEX-11TT1-0008-SM-5S2P8,Young
GTEX-ZU9S-0226-SM-5E441,Young
GTEX-13O1R-0826-SM-5J2MB,Old
GTEX-13N1W-2026-SM-5K7YU,Old
GTEX-QVJO-0011-R8A-SM-447C7,Old
GTEX-139UW-2826-SM-5L3E7,Old
GTEX-ZVT3-2926-SM-5GU6M,Old
GTEX-17GQL-0426-SM-7LG5V,Old
GTEX-X4XY-0926-SM-4E3JD,Old
GTEX-11EQ9-0006-SM-5LUB6,Young
GTEX-15CHQ-0826-SM-69LOT,Old
GTEX-13O61-0326-SM-5KM2O,Old
GTEX-WHSE-0011-R7A-SM-3P5YZ,Young
GTEX-N7MS-0011-R5a-SM-2HMK8,Old
GTEX-S7SF-0226-SM-5SI7H,Young
GTEX-148VJ-2926-SM-5Q5DA,Old
GTEX-XUZC-1326-SM-4BRV2,Young
GTEX-11GS4-0626-SM-5A5LC,Old
GTEX-13N1W-0011-R8a-SM-5MR56,Old
GTEX-139T8-0011-R1a-SM-5HL75,Old
GTEX-QVJO-1226-SM-4R1KA,Old
GTEX-1A3MX-0011-R4b-SM-7EWFK,Old
GTEX-1128S-2726-SM-5H12C,Old
GTEX-13N1W-0526-SM-5MR4I,Old
GTEX-13OW5-2626-SM-5MR3M,Old
GTEX-13O3O-0011-R3b-SM-5KM3R,Old
GTEX-WOFM-1726-SM-3MJFA,Young
GTEX-18D9B-1126-SM-7KFSH,Old
GTEX-14PJN-2126-SM-6AJBM,Young
GTEX-13X6I-0626-SM-5QGP9,Old
GTEX-132NY-0526-SM-5EQ4V,Old
GTEX-13O61-1026-SM-5L3F6,Old
GTEX-XYKS-1126-SM-4BRWP,Old
GTEX-12126-0926-SM-5FQTW,Young
GTEX-POYW-0826-SM-2XCEM,Old
GTEX-WFG7-0426-SM-4LMK5,Young
GTEX-11P81-0226-SM-5HL5M,Young
GTEX-13OW5-0726-SM-5KLZK,Old
GTEX-N7MS-0011-R3a-SM-33HC6,Old
GTEX-X4XY-0826-SM-4E3JM,Old
GTEX-11TT1-2426-SM-5EQMK,Young
GTEX-18D9A-0726-SM-7LTA7,Young
GTEX-1C64O-1826-SM-7DHM4,Old
GTEX-YJ89-0011-R6a-SM-4V6GN,Old
GTEX-ZTPG-0008-SM-4YCEK,Young
GTEX-11NV4-0005-SM-5N9EX,Old
GTEX-XQ3S-1726-SM-4BOOD,Young
GTEX-1497J-0726-SM-5Q5D1,Old
GTEX-1128S-2526-SM-5H11N,Old
GTEX-ZE9C-3026-SM-4WKHB,Old
GTEX-14C5O-0011-R7b-SM-5YYAH,Old
GTEX-14A6H-2626-SM-5NQBO,Young
GTEX-12WSM-0726-SM-5GCOW,Old
GTEX-12126-0826-SM-5FQTZ,Young
GTEX-13FHO-0926-SM-5N9EW,Old
GTEX-1399T-2926-SM-5IFF8,Old
GTEX-S7PM-0006-SM-3NM8C,Old
GTEX-132Q8-0011-R10b-SM-5DUWZ,Old
GTEX-15CHC-0826-SM-686YW,Old
GTEX-13RTJ-0011-R6a-SM-5SI74,Old
GTEX-1EMGI-1426-SM-7IGNQ,Old
GTEX-P4QS-0626-SM-3NMD1,Old
GTEX-14A6H-2726-SM-5QGPL,Young
GTEX-11EI6-3026-SM-5GZZO,Old
GTEX-1399R-2526-SM-5IFG2,Young
GTEX-148VJ-0326-SM-5QGQE,Old
GTEX-P4PP-0426-SM-3NM9H,Young
GTEX-14PN3-0326-SM-6EU1X,Old
GTEX-1399S-2026-SM-5KM4B,Young
GTEX-1497J-0005-SM-5NQBD,Old
GTEX-18D9A-0426-SM-72D55,Young
GTEX-13CF2-0226-SM-5L3DV,Old
GTEX-17HG3-0011-R4a-SM-7IGLL,Young
GTEX-XLM4-0226-SM-4AT4N,Old
GTEX-S4Z8-0926-SM-4AD6Q,Old
GTEX-QDT8-0006-SM-5SI8N,Young
GTEX-WFG7-0526-SM-3GIKI,Young
GTEX-14ICL-1926-SM-5RQIZ,Young
GTEX-11WQC-0006-SM-5LZVP,Old
GTEX-XPT6-2026-SM-4B64V,Young
GTEX-1AX8Z-0526-SM-7939M,Old
GTEX-11EM3-1826-SM-5A5KO,Young
GTEX-11TUW-0008-SM-5SI6S,Old
GTEX-13X6K-2826-SM-5O9DS,Old
GTEX-ZDTT-1026-SM-5KM19,Old
GTEX-11P82-0426-SM-5HL5D,Young
GTEX-145MO-2326-SM-5NQ9K,Old
GTEX-131XF-1426-SM-5BC68,Old
GTEX-NPJ7-1726-SM-2YUNA,Old
GTEX-13PL7-0626-SM-5IJCD,Old
GTEX-PLZ6-0626-SM-3P61B,Young
GTEX-11DXX-0005-SM-5NQ8B,Old
GTEX-13IVO-0926-SM-5KLZP,Old
GTEX-1BAJH-1626-SM-73KUV,Old
GTEX-ZYY3-1926-SM-5GZXS,Old
GTEX-132NY-2026-SM-5L3FM,Old
GTEX-WRHK-1426-SM-3MJF9,Young
GTEX-146FQ-1226-SM-5QGQ4,Young
GTEX-11P81-2526-SM-5GU6H,Young
GTEX-12WSM-0011-R6b-SM-5EQ6N,Old
GTEX-13X6I-0011-R8a-SM-5PNZF,Old
GTEX-11TUW-0926-SM-5EQMW,Old
GTEX-OXRP-2426-SM-2S1NR,Old
GTEX-11GSO-0011-R2a-SM-57WDF,Old
GTEX-15CHQ-0011-R3b-SM-686ZY,Old
GTEX-PWO3-0011-R3A-SM-2I5EX,Old
GTEX-18D9B-2126-SM-7LTAQ,Old
GTEX-13O61-0526-SM-5J2M1,Old
GTEX-11ONC-0011-R9b-SM-5NQ8J,Old
GTEX-11GSP-0011-R11b-SM-5NQ7V,Old
GTEX-132QS-0926-SM-5P9GB,Old
GTEX-PWCY-0008-SM-48TE9,Young
GTEX-1B996-0426-SM-7EWF8,Old
GTEX-11EM3-1326-SM-5N9C6,Young
GTEX-13CF2-0011-R8b-SM-5IJCX,Old
GTEX-15DCD-0226-SM-6LPKC,Old
GTEX-X4EP-0126-SM-3P5YV,Old
GTEX-Y5V5-2326-SM-4V6GA,Old
GTEX-1477Z-0626-SM-5NQB7,Old
GTEX-17EUY-1326-SM-7DHKZ,Young
GTEX-16Z82-1926-SM-6M47U,Old
GTEX-13CZV-0006-SM-5P9IN,Old
GTEX-PWO3-0926-SM-2I5EY,Old
GTEX-ZP4G-1526-SM-57WE5,Young
GTEX-ZXG5-2826-SM-5NQ8T,Old
GTEX-PX3G-2026-SM-48U1H,Young
GTEX-14E7W-0011-R1b-SM-5YYAT,Old
GTEX-YJ8A-0526-SM-5IFHT,Young
GTEX-WHSE-1526-SM-4M1XH,Young
GTEX-OHPN-0011-R4A-SM-2I5FD,Old
GTEX-ZZ64-1326-SM-5E444,Young
GTEX-ZXG5-1626-SM-59HJK,Old
GTEX-11EQ9-2326-SM-5HL5H,Young
GTEX-132QS-0008-SM-5ZZUB,Old
GTEX-17F96-2426-SM-7IGLN,Old
GTEX-148VJ-2526-SM-5TDEI,Old
GTEX-13O3O-0826-SM-5K7WE,Old
GTEX-13CF2-0008-SM-62LDC,Old
GTEX-11DXX-1426-SM-5GIDU,Old
GTEX-13N2G-0126-SM-5N9DV,Old
GTEX-15RIE-0126-SM-7KUF8,Old
GTEX-18A66-2126-SM-7189D,Old
GTEX-WQUQ-2626-SM-4MVNP,Old
GTEX-ZQG8-1526-SM-5HL65,Old
GTEX-14BMU-2126-SM-5S2TS,Young
GTEX-REY6-0326-SM-2TF5A,Old
GTEX-13113-1626-SM-5EQ4I,Old
GTEX-12WSE-0011-R6b-SM-5LZV5,Young
GTEX-N7MT-1926-SM-3LK5N,Old
GTEX-WFJO-0226-SM-3GIKW,Young
GTEX-UTHO-0011-R3A-SM-3GIK8,Old
GTEX-ZVTK-0626-SM-5GU6Y,Young
GTEX-U3ZN-0226-SM-3DB8D,Young
GTEX-13OW5-2326-SM-5L3HO,Old
GTEX-1C4CL-0526-SM-73KVK,Young
GTEX-1C4CL-0626-SM-731DM,Young
GTEX-11GSO-2526-SM-5PNVX,Old
GTEX-12ZZZ-3126-SM-5LZU6,Old
GTEX-YJ89-0626-SM-4TT3Z,Old
GTEX-17EUY-1726-SM-79OK4,Young
GTEX-144GM-1626-SM-5O9AG,Young
GTEX-1EU9M-1526-SM-79OLI,Old
GTEX-13FHO-2026-SM-5J1OA,Old
GTEX-11ZTS-0011-R3a-SM-5BC78,Old
GTEX-QDT8-2526-SM-48TYX,Young
GTEX-S95S-1126-SM-4B64E,Old
GTEX-S95S-1226-SM-4GICG,Old
GTEX-11NSD-0005-SM-5LZZ5,Young
GTEX-146FR-1426-SM-5SIAV,Old
GTEX-14BIM-0011-R1a-SM-69LQI,Old
GTEX-14ICL-1126-SM-5S2RE,Young
GTEX-13OVI-1526-SM-5K7VX,Old
GTEX-148VJ-1526-SM-5Q5DU,Old
GTEX-11P82-0226-SM-5HL4O,Young
GTEX-11TUW-2626-SM-5EQKZ,Old
GTEX-T2IS-0526-SM-32QP9,Young
GTEX-18D9A-0526-SM-7KFSW,Young
GTEX-13RTJ-2526-SM-5S2Q3,Old
GTEX-SNMC-0008-SM-4DM5A,Young
GTEX-X4XX-0011-R2A-SM-3P623,Old
GTEX-13SLW-2826-SM-5Q5ES,Old
GTEX-ZVT3-0011-R10b-SM-57WB6,Old
GTEX-13O1R-1526-SM-5J1O7,Old
GTEX-Y5V6-1026-SM-4VBS2,Old
GTEX-QEG4-0226-SM-2S1PY,Young
GTEX-15DCE-1326-SM-6LPJL,Young
GTEX-12696-1026-SM-5FQUV,Old
GTEX-13RTK-0626-SM-5Q5EK,Young
GTEX-WFG7-1726-SM-4LVME,Young
GTEX-139T8-0826-SM-5L3DE,Old
GTEX-17JCI-0011-R11a-SM-7189Y,Old
GTEX-14C5O-1326-SM-5S2UW,Old
GTEX-N7MT-0007-SM-3GACQ,Old
GTEX-TSE9-0011-R4A-SM-3DB7H,Old
GTEX-T5JC-0001-SM-3NMAK,Young
GTEX-16XZZ-1026-SM-7DHKS,Old
GTEX-13113-1026-SM-5LZWM,Old
GTEX-11ZUS-2926-SM-5FQSL,Young
GTEX-1AX8Z-1026-SM-7189R,Old
GTEX-13W3W-1226-SM-5LU4H,Old
GTEX-1EWIQ-2326-SM-7IGNF,Old
GTEX-13PL7-2126-SM-5L3HZ,Old
GTEX-147GR-0726-SM-5S2PL,Old
GTEX-WFJO-0826-SM-4LVM5,Young
GTEX-12WSM-1426-SM-5GCPA,Old
GTEX-11LCK-2026-SM-5A5MA,Young
GTEX-14JIY-3026-SM-6EU1R,Old
GTEX-1C64O-0226-SM-73KXB,Old
GTEX-17HG3-0011-R7b-SM-7EPGR,Young
GTEX-T5JC-0326-SM-4DM5C,Young
GTEX-1314G-1826-SM-5LZVA,Young
GTEX-1212Z-0726-SM-5EGI5,Old
GTEX-T5JC-0226-SM-32PMA,Young
GTEX-XBED-2326-SM-47JYR,Old
GTEX-1AX8Z-1726-SM-731DE,Old
GTEX-12WSD-1626-SM-5GCNR,Old
GTEX-XLM4-0008-SM-4AT4W,Old
GTEX-14C5O-0226-SM-5SI6O,Old
GTEX-15RIE-1026-SM-6LPJQ,Old
GTEX-12ZZY-2726-SM-5EQ45,Old
GTEX-14ASI-0726-SM-5Q5DC,Old
GTEX-16MT8-2926-SM-7DUFO,Old
GTEX-15ER7-1326-SM-6LPK9,Young
GTEX-13OW8-0011-R7a-SM-5L3FP,Old
GTEX-N7MT-0011-R10A-SM-2I3E1,Old
GTEX-ZA64-0226-SM-5HL9C,Young
GTEX-16YQH-0926-SM-793BC,Young
GTEX-TSE9-0011-R1A-SM-3DB7E,Old
GTEX-1C64O-2326-SM-73KU8,Old
GTEX-1A3MW-1326-SM-7189P,Old
GTEX-1C4CL-1626-SM-7DUF3,Young
GTEX-P4QS-0226-SM-3NB1U,Old
GTEX-11ZTT-0006-SM-5N9FX,Old
GTEX-ZA64-1026-SM-5HL8R,Young
GTEX-NL3G-2526-SM-4SOIE,Old
GTEX-15DYW-1826-SM-6LPIY,Old
GTEX-14LZ3-0011-R3a-SM-664NQ,Old
GTEX-ZYW4-0526-SM-5GZZ5,Old
GTEX-183FY-0226-SM-7LG54,Young
GTEX-1BAJH-2526-SM-7IGOT,Old
GTEX-1C6WA-0226-SM-7IGPO,Old
GTEX-15DCZ-2526-SM-69LOC,Young
GTEX-13N1W-1226-SM-5K7UM,Old
GTEX-15CHQ-2126-SM-6871M,Old
GTEX-111YS-1726-SM-5GIED,Old
GTEX-11DXX-1926-SM-5EGJK,Old
GTEX-ZYW4-0326-SM-5E44Y,Old
GTEX-ZF29-1526-SM-4WKF7,Old
GTEX-17HG3-0226-SM-7EWEA,Young
GTEX-QVJO-0011-R9A-SM-2S1QH,Old
GTEX-OHPN-0011-R11A-SM-2I5FM,Old
GTEX-13QIC-1426-SM-5LU4V,Old
GTEX-12ZZZ-1326-SM-59HKW,Old
GTEX-139TS-1726-SM-5IJG5,Old
GTEX-1212Z-2526-SM-5EGKP,Old
GTEX-T2IS-0826-SM-4DM6L,Young
GTEX-Y9LG-0006-SM-4VBRK,Young
GTEX-SNMC-0426-SM-4DM5Y,Young
GTEX-18QFQ-0826-SM-718AX,Young
GTEX-12BJ1-0526-SM-5FQUD,Old
GTEX-11ONC-2926-SM-5P9JM,Old
GTEX-11TUW-2126-SM-5GU7B,Old
GTEX-139TU-0126-SM-5K7WH,Old
GTEX-147GR-0626-SM-5S2PK,Old
GTEX-132QS-1526-SM-5J2MV,Old
GTEX-Y9LG-0826-SM-5ZZVG,Young
GTEX-ZYY3-0626-SM-5NQ6W,Old
GTEX-1128S-0005-SM-5P9HI,Old
GTEX-12ZZZ-3026-SM-5BC67,Old
GTEX-11GSO-0626-SM-5A5LW,Old
GTEX-Y5V5-0926-SM-4VBPZ,Old
GTEX-14BMU-0726-SM-73KXS,Young
GTEX-11P7K-0006-SM-5N9FM,Young
GTEX-15DCZ-2426-SM-6871N,Young
GTEX-18D9A-0126-SM-7KFSI,Young
GTEX-13SLW-0226-SM-5S2NA,Old
GTEX-1AX8Z-0626-SM-731EH,Old
GTEX-14C5O-2026-SM-5YYB1,Old
GTEX-12ZZY-0011-R5a-SM-5EGL9,Old
GTEX-14E7W-0006-SM-5N9GG,Old
GTEX-16MT8-1026-SM-6LPK1,Old
GTEX-18A6Q-1626-SM-7KFTA,Old
GTEX-14ICL-0426-SM-5RQJ3,Young
GTEX-XQ3S-0526-SM-4BOQA,Young
GTEX-16BQI-1326-SM-6M486,Young
GTEX-1A3MW-3226-SM-731E1,Old
GTEX-17EVQ-2926-SM-7EWE3,Old
GTEX-13PLJ-0526-SM-5K7VW,Old
GTEX-U8T8-0426-SM-3DB8X,Old
GTEX-17F9Y-0726-SM-7LT9G,Old
GTEX-TMZS-0006-SM-3DB8G,Old
GTEX-13JVG-0011-R7b-SM-5MR3Q,Old
GTEX-PX3G-3026-SM-48TZR,Young
GTEX-11DXY-3226-SM-5GIDE,Old
GTEX-17MFQ-0926-SM-7LG4S,Young
GTEX-16BQI-0926-SM-6M485,Young
GTEX-ZXES-0726-SM-5E451,Young
GTEX-ZVZQ-0726-SM-51MR3,Old
GTEX-1399S-0426-SM-5IFG5,Young
GTEX-13OVH-0011-R3a-SM-5KM49,Old
GTEX-YECK-0226-SM-4W215,Old
GTEX-X4XX-0626-SM-3NMC1,Old
GTEX-15DYW-2726-SM-6EU2I,Old
GTEX-12ZZY-1426-SM-5N9EI,Old
GTEX-1AX9I-1026-SM-73KYF,Old
GTEX-15FZZ-1126-SM-6AJBG,Young
GTEX-11ZTS-0011-R1a-SM-5BC71,Old
GTEX-13G51-1026-SM-5K7YQ,Old
GTEX-UTHO-3026-SM-3GAFB,Old
GTEX-1C6VS-1826-SM-73KXN,Old
GTEX-1269C-0005-SM-5N9CJ,Old
GTEX-WFG8-2126-SM-3GIKQ,Young
GTEX-14DAQ-1726-SM-5S2R2,Old
GTEX-YJ8A-1226-SM-5IFHH,Young
GTEX-PLZ6-0526-SM-3P61C,Young
GTEX-18QFQ-1726-SM-731C9,Young
GTEX-OOBJ-2126-SM-3NB1N,Old
GTEX-Y9LG-1226-SM-4VBQA,Young
GTEX-13RTJ-0011-R5a-SM-5P9HR,Old
GTEX-14PII-0726-SM-6EU2B,Old
GTEX-1399R-0526-SM-5IJEF,Young
GTEX-13IVO-0626-SM-5LZYJ,Old
GTEX-PW2O-0826-SM-48TC5,Young
GTEX-13N1W-0011-R6a-SM-5MR43,Old
GTEX-15CHQ-0011-R10b-SM-6AJBV,Old
GTEX-111VG-1626-SM-5EGIO,Old
GTEX-ZXG5-0005-SM-57WCN,Old
GTEX-13NYS-0526-SM-5J1OF,Old
GTEX-13RTJ-0726-SM-5QGQN,Old
GTEX-132QS-0726-SM-5IJE9,Old
GTEX-131YS-2826-SM-5EQ47,Old
GTEX-15SHW-1226-SM-6M46C,Old
GTEX-13S7M-0226-SM-5S2UG,Old
GTEX-ZYT6-2226-SM-5GIC9,Young
GTEX-15RIE-0326-SM-6PAMC,Old
GTEX-12KS4-0426-SM-5EQMC,Young
GTEX-O5YV-0326-SM-2I5H2,Old
GTEX-11WQC-0011-R6a-SM-5BC77,Old
GTEX-139UW-0005-SM-5NQ8U,Old
GTEX-148VI-0626-SM-5TDDH,Old
GTEX-11GSP-1826-SM-5N9DQ,Old
GTEX-TKQ1-0926-SM-4DXU2,Young
GTEX-11EM3-1626-SM-5N9CO,Young
GTEX-WFG8-0826-SM-4LVN5,Young
GTEX-13PL7-1226-SM-5SIAR,Old
GTEX-13PL7-2626-SM-5IFH4,Old
GTEX-OOBJ-0226-SM-2YUMM,Old
GTEX-13PVR-1626-SM-73KVF,Old
GTEX-ZYT6-0126-SM-5E45J,Young
GTEX-XMD2-1326-SM-4YCET,Old
GTEX-U412-0226-SM-3NMC8,Old
GTEX-17GQL-0126-SM-72D5Q,Old
GTEX-ZVTK-0526-SM-5GZWT,Young
GTEX-11TUW-1126-SM-5EQKJ,Old
GTEX-13NZA-1126-SM-5MR4K,Old
GTEX-139T8-0626-SM-5KLZX,Old
GTEX-1C64O-1726-SM-73KW9,Old
GTEX-14PJ6-1726-SM-6AJBN,Old
GTEX-14C5O-1526-SM-7DHKT,Old
GTEX-13PDP-0011-R1a-SM-5PNX5,Old
GTEX-13NZB-2126-SM-5MR4Y,Young
GTEX-1212Z-2726-SM-5EQ59,Old
GTEX-13OVH-0011-R11b-SM-5KM4X,Old
GTEX-ZTX8-1326-SM-4YCEL,Young
GTEX-16XZY-2426-SM-7EPGQ,Old
GTEX-PWCY-0526-SM-5P9HG,Young
GTEX-1399T-1526-SM-5P9J6,Old
GTEX-12ZZZ-0011-R5a-SM-5EQ4M,Old
GTEX-13OVI-0526-SM-5IFFQ,Old
GTEX-15CHC-0526-SM-6EU23,Old
GTEX-Y9LG-1826-SM-4VBQC,Young
GTEX-1A3MX-0126-SM-731BR,Old
GTEX-WFG8-1826-SM-4LVM4,Young
GTEX-11DXY-0826-SM-5EGGR,Old
GTEX-1314G-1926-SM-5BC6F,Young
GTEX-U3ZN-1726-SM-4DXUQ,Young
GTEX-ZLV1-1526-SM-4WWBC,Old
GTEX-15UF6-0226-SM-7KUF6,Old
GTEX-17HG3-3026-SM-79ONC,Young
GTEX-11P81-0008-SM-5S2OT,Young
GTEX-144GO-1626-SM-7EPG5,Old
GTEX-NPJ7-0011-R5a-SM-33HBK,Old
GTEX-11P81-2426-SM-5GU65,Young
GTEX-14JG6-1226-SM-664O6,Young
GTEX-13JVG-0011-R1a-SM-5KM32,Old
GTEX-11TT1-1526-SM-5EQKU,Young
GTEX-TMZS-0001-SM-3P61Q,Old
GTEX-U8XE-1326-SM-4E3JK,Young
GTEX-13IVO-0426-SM-5LZY7,Old
GTEX-145MI-3126-SM-5Q5CF,Old
GTEX-Y9LG-1526-SM-4WWDR,Young
GTEX-14E6E-1826-SM-5S2R7,Young
GTEX-RWS6-0526-SM-4GIAJ,Old
GTEX-11WQC-2626-SM-5CVLF,Old
GTEX-16XZY-2226-SM-7938N,Old
GTEX-15ER7-0011-R3a-SM-6LPIK,Young
GTEX-RU1J-0526-SM-46MUT,Young
GTEX-1CB4J-2326-SM-7EPIF,Old
GTEX-O5YT-0226-SM-32PK5,Young
GTEX-1F88F-1126-SM-7MKHL,Old
GTEX-11GSO-2926-SM-5HL73,Old
GTEX-13X6K-0011-R2b-SM-5P9K3,Old
GTEX-15ER7-0926-SM-7KUMG,Young
GTEX-1B8SF-0826-SM-73KW8,Old
GTEX-U3ZH-0426-SM-4DXSE,Young
GTEX-15DZA-0226-SM-7KFS6,Young
GTEX-17HG3-0006-SM-7MKFE,Young
GTEX-NL3H-0011-R3a-SM-2I3GL,Old
GTEX-12696-1826-SM-5EGJS,Old
GTEX-O5YT-1426-SM-3MJHC,Young
GTEX-14E6E-0826-SM-664N7,Young
GTEX-15G19-1026-SM-6PALM,Old
GTEX-X4XX-0008-SM-46MVK,Old
GTEX-XLM4-2026-SM-4AT4X,Old
GTEX-13O1R-2426-SM-5KLZZ,Old
GTEX-145LS-0126-SM-5QGP1,Old
GTEX-16YQH-0326-SM-6LPJV,Young
GTEX-13CF2-2526-SM-5LZYX,Old
GTEX-11DXY-3026-SM-5N9CB,Old
GTEX-147JS-0126-SM-5S2TW,Old
GTEX-YJ89-1526-SM-5P9IR,Old
GTEX-1128S-2426-SM-5H11B,Old
GTEX-139D8-2926-SM-5IJBM,Young
GTEX-1211K-1726-SM-5FQUJ,Old
GTEX-11EI6-2226-SM-5EGJM,Old
GTEX-U3ZN-1926-SM-4DXSG,Young
GTEX-13NZA-1426-SM-5KM4Y,Old
GTEX-144GO-1326-SM-5Q5EL,Old
GTEX-145MN-0326-SM-5QGQI,Young
GTEX-17HG3-2726-SM-7DHL5,Young
GTEX-R55E-0011-R9A-SM-2TC6C,Young
GTEX-WFG8-1726-SM-4LVM6,Young
GTEX-11LCK-1426-SM-5HL5R,Young
GTEX-SNMC-0126-SM-2XCFO,Young
GTEX-ZVTK-0426-SM-51MRS,Young
GTEX-ZVT3-2726-SM-5GU5X,Old
GTEX-15ER7-0011-R4a-SM-6M46S,Young
GTEX-13VXT-0826-SM-5SIAP,Young
GTEX-1399T-1326-SM-5PNVH,Old
GTEX-15SHW-0726-SM-7KUEI,Old
GTEX-NL3H-0011-R5a-SM-2I3GB,Old
GTEX-11ZTT-2426-SM-5EQLS,Old
GTEX-T5JW-0005-SM-3GADE,Young
GTEX-13W3W-0526-SM-5LU3X,Old
GTEX-ZA64-2026-SM-5PNXT,Young
GTEX-131XF-0006-SM-5P9HK,Old
GTEX-13IVO-0011-R3b-SM-5IJBJ,Old
GTEX-1A3MX-2326-SM-718B4,Old
GTEX-15DZA-1126-SM-6LPK8,Young
GTEX-12WSM-1326-SM-5GCP9,Old
GTEX-117XS-2026-SM-5GID1,Old
GTEX-13PVR-0626-SM-5S2RC,Old
GTEX-14753-0011-R10b-SM-5S2WE,Old
GTEX-13NZ8-0011-R1b-SM-5KM3V,Old
GTEX-17EUY-1526-SM-793CA,Young
GTEX-139TT-0526-SM-5J1NN,Old
GTEX-OHPN-0011-R1A-SM-2I5GB,Old
GTEX-ZYFG-1626-SM-5GZYY,Old
GTEX-11DXX-0626-SM-5Q5AG,Old
GTEX-U8XE-1726-SM-4E3IF,Young
GTEX-11DXX-1826-SM-5H126,Old
GTEX-11ZTT-0002-SM-5S2PA,Old
GTEX-1BAJH-0011-R11b-SM-7IGLM,Old
GTEX-11LCK-0426-SM-5A5M8,Young
GTEX-18D9B-0426-SM-7LTAR,Old
GTEX-13O3O-3026-SM-5KM42,Old
GTEX-ZQUD-0926-SM-57WE3,Young
GTEX-18D9A-1726-SM-731BS,Young
GTEX-17GQL-0326-SM-7LG5U,Old
GTEX-Y5V6-2326-SM-4VDSA,Old
GTEX-ZTPG-1326-SM-51MSQ,Young
GTEX-14PJ4-0426-SM-6871F,Old
GTEX-N7MT-0011-R4a-SM-2I3G9,Old
GTEX-O5YT-0526-SM-32PK8,Young
GTEX-145LS-2326-SM-5TDCY,Old
GTEX-15DYW-3026-SM-7KFRM,Old
GTEX-13G51-0426-SM-5K7Z5,Old
GTEX-14PKV-2026-SM-6AJ9A,Young
GTEX-17F96-0326-SM-793BR,Old
GTEX-ZF29-1926-SM-5S2P1,Old
GTEX-15UF6-3026-SM-7KUKL,Old
GTEX-TSE9-0226-SM-3DB84,Old
GTEX-18A6Q-0826-SM-7KFRD,Old
GTEX-18A6Q-1226-SM-7KFS9,Old
GTEX-XUZC-1826-SM-4BRVO,Young
GTEX-1AX9I-0426-SM-73KY3,Old
GTEX-SSA3-0326-SM-32QPS,Old
GTEX-15ER7-2226-SM-7KFRN,Young
GTEX-ZYY3-1526-SM-5SIA9,Old
GTEX-ZP4G-0426-SM-4YCER,Young
GTEX-YECK-0005-SM-4W217,Old
GTEX-17GQL-2226-SM-718BB,Old
GTEX-13QIC-2326-SM-5LU5N,Old
GTEX-111VG-2626-SM-5GZY2,Old
GTEX-13G51-2926-SM-5IJDL,Old
GTEX-1399T-0011-R4b-SM-5DUVX,Old
GTEX-14BMU-1926-SM-5S2QC,Young
GTEX-14PJO-0526-SM-6EU2O,Old
GTEX-146FR-1226-SM-5SIA7,Old
GTEX-12696-0226-SM-5EGL3,Old
GTEX-13CF3-0226-SM-5J1NW,Old
GTEX-14PJ5-0426-SM-5ZZW2,Old
GTEX-O5YV-1626-SM-2YUNJ,Old
GTEX-ZXES-1826-SM-5E43S,Young
GTEX-ZYFG-0526-SM-5GZXX,Old
GTEX-11ONC-1526-SM-5GU6S,Old
GTEX-18A6Q-3026-SM-72D6T,Old
GTEX-139TS-2626-SM-5J1MT,Old
GTEX-1399S-2426-SM-5K7U3,Young
GTEX-11DXX-1026-SM-5H11E,Old
GTEX-13QIC-1826-SM-5J1MY,Old
GTEX-13OW5-2926-SM-5IJF2,Old
GTEX-17GQL-0626-SM-731CN,Old
GTEX-YJ8A-0826-SM-5Q5A7,Young
GTEX-14753-1926-SM-5NQAA,Old
GTEX-13113-1726-SM-5GCOO,Old
GTEX-P4PP-0126-SM-3LK69,Young
GTEX-145MI-2626-SM-5QGQ8,Old
GTEX-1477Z-1126-SM-5P9GK,Old
GTEX-QESD-0008-SM-447B2,Young
GTEX-RWS6-1126-SM-47JXC,Old
GTEX-139UW-2626-SM-5K7W1,Old
GTEX-XYKS-2126-SM-4E3IB,Old
GTEX-15SHV-1126-SM-6PALO,Old
GTEX-ZF29-1226-SM-4WKH1,Old
GTEX-11GS4-1826-SM-5HL4T,Old
GTEX-13CF2-2826-SM-5LZX9,Old
GTEX-1EH9U-2826-SM-7DUGT,Old
GTEX-15SKB-0526-SM-6PAMP,Old
GTEX-145MI-0011-R4b-SM-5PNZH,Old
GTEX-14PJ4-0526-SM-6871G,Old
GTEX-13W3W-2526-SM-5SI9P,Old
GTEX-ZDTT-0726-SM-4WKFK,Old
GTEX-14DAQ-0126-SM-5S2MQ,Old
GTEX-13RTK-1626-SM-5QGQS,Young
GTEX-15G1A-1826-SM-7KUKO,Young
GTEX-QLQ7-0726-SM-2I5G2,Old
GTEX-13N1W-0011-R7b-SM-5MR4F,Old
GTEX-RU1J-0626-SM-4WAWY,Young
GTEX-Y5V6-0526-SM-4VBRV,Old
GTEX-113IC-0526-SM-5HL76,Old
GTEX-1128S-0826-SM-5GZZI,Old
GTEX-14PII-0326-SM-6LLIQ,Old
GTEX-13NYS-0126-SM-5MR3W,Old
GTEX-145LS-2026-SM-5Q5D7,Old
GTEX-18D9B-0926-SM-7LG4U,Old
GTEX-XPT6-1626-SM-4B655,Young
GTEX-12126-1126-SM-5P9GP,Young
GTEX-1EH9U-2926-SM-7DHLX,Old
GTEX-POMQ-0426-SM-3P61G,Young
GTEX-1A3MV-2026-SM-718BU,Young
GTEX-1CB4G-2426-SM-7DUGM,Old
GTEX-11ZTS-0005-SM-5NQ8A,Old
GTEX-11TTK-0426-SM-5EQLT,Old
GTEX-ZLV1-0001-SM-4WWAO,Old
GTEX-111FC-2526-SM-5GZXU,Old
GTEX-1AX9I-0326-SM-73KXQ,Old
GTEX-12696-2626-SM-5EQ44,Old
GTEX-1CB4F-1326-SM-793CW,Old
GTEX-T5JW-0726-SM-4DM6D,Young
GTEX-18A66-0126-SM-731CQ,Old
GTEX-13CF2-0011-R5a-SM-5LZWS,Old
GTEX-14A6H-0326-SM-5NQAN,Young
GTEX-12WSD-2126-SM-5LZWK,Old
GTEX-148VJ-0126-SM-5TDDN,Old
GTEX-148VI-1226-SM-5RQJR,Old
GTEX-14E7W-0826-SM-62LEJ,Old
GTEX-U3ZH-0005-SM-3DB72,Young
GTEX-OXRP-2326-SM-2S1NL,Old
GTEX-ZDTS-0226-SM-5HL7Q,Old
GTEX-13PL7-2226-SM-5L3IC,Old
GTEX-13NZA-0011-R10b-SM-5KM54,Old
GTEX-ZVT3-1426-SM-59HLP,Old
GTEX-POMQ-2226-SM-2I5FK,Young
GTEX-1BAJH-0011-R3a-SM-7IGNU,Old
GTEX-WOFM-0001-SM-4OOT2,Young
GTEX-QESD-0726-SM-4R1KQ,Young
GTEX-ZQG8-0626-SM-57WF3,Old
GTEX-12WSF-3126-SM-6M478,Old
GTEX-PWCY-0726-SM-48TCS,Young
GTEX-VJYA-1426-SM-4KL1Y,Old
GTEX-13SLW-0011-R2b-SM-5O9C6,Old
GTEX-11NSD-0008-SM-5Q5BC,Young
GTEX-17JCI-1526-SM-7IGOQ,Old
GTEX-12WSD-1726-SM-5GCN4,Old
GTEX-TSE9-2926-SM-3DB77,Old
GTEX-TKQ1-0526-SM-4DXTG,Young
GTEX-15CHQ-0326-SM-69LQD,Old
GTEX-14PJ4-0826-SM-6LLH5,Old
GTEX-XMD1-0826-SM-4AT52,Old
GTEX-T5JC-1226-SM-4DM7C,Young
GTEX-SNMC-0926-SM-4DM5U,Young
GTEX-QVJO-1325-SM-2S1QX,Old
GTEX-N7MT-0126-SM-2D7VT,Old
GTEX-S4Z8-0126-SM-4GICC,Old
GTEX-NL3H-0011-R4a-SM-2I3GK,Old
GTEX-13SLW-0011-R11a-SM-5SI8Q,Old
GTEX-146FR-1726-SM-5Q5DT,Old
GTEX-TKQ1-0008-SM-4DXSO,Young
GTEX-148VJ-2226-SM-5NQ9M,Old
GTEX-13NZB-2526-SM-5J1OM,Young
GTEX-11OF3-0826-SM-5BC51,Old
GTEX-15DYW-1126-SM-6LPK5,Old
GTEX-1399S-1026-SM-5KLZ9,Young
GTEX-1C6WA-3326-SM-7MKGN,Old
GTEX-XYKS-1826-SM-4E3JV,Old
GTEX-11LCK-0008-SM-5Q5BB,Young
GTEX-11ZTT-0426-SM-5EQLK,Old
GTEX-11EMC-0226-SM-5EGLP,Old
GTEX-XUZC-0226-SM-4BOO7,Young
GTEX-1B8SF-1426-SM-7DUGL,Old
GTEX-QVUS-0226-SM-3GIJY,Old
GTEX-13OVI-0326-SM-5K7X1,Old
GTEX-111YS-0426-SM-5987O,Old
GTEX-17JCI-2226-SM-7LTA1,Old
GTEX-12ZZZ-0526-SM-5DUX6,Old
GTEX-P4QS-0526-SM-2I3ET,Old
GTEX-ZP4G-0003-SM-4WWED,Young
GTEX-U412-0006-SM-3DB8J,Old
GTEX-14PJ6-1026-SM-686ZB,Old
GTEX-12KS4-0005-SM-5SI94,Young
GTEX-12WSA-0011-R2a-SM-57WDK,Old
GTEX-1CB4J-3126-SM-7MKFS,Old
GTEX-12WSF-0926-SM-6PALU,Old
GTEX-WOFM-0126-SM-3MJFE,Young
GTEX-18D9B-0326-SM-731B2,Old
GTEX-148VI-0006-SM-5O9A6,Old
GTEX-18D9B-1926-SM-7KFSV,Old
GTEX-13FHO-0226-SM-5IFGY,Old
GTEX-15ER7-0326-SM-7KUEV,Young
GTEX-1122O-1826-SM-5EGIP,Old
GTEX-13PLJ-0126-SM-5L3HU,Old
GTEX-ZE9C-1126-SM-4WWBD,Old
GTEX-OIZF-0006-SM-2I5GQ,Old
GTEX-S33H-0526-SM-5SI83,Young
GTEX-WHSE-0006-SM-3NMBW,Young
GTEX-146FQ-0526-SM-5LU9I,Young
GTEX-ZVZQ-0011-R11a-SM-51MS6,Old
GTEX-13CF3-1326-SM-5LZXZ,Old
GTEX-11NSD-0126-SM-5987F,Young
GTEX-NPJ7-2726-SM-2I3FT,Old
GTEX-ZF29-2626-SM-4WWBA,Old
GTEX-18A6Q-0926-SM-7LG4N,Old
GTEX-ZA64-1726-SM-5CVMF,Young
GTEX-11EMC-0002-SM-5Q5DO,Old
GTEX-12WSM-0011-R1a-SM-5LZW6,Old
GTEX-ZE9C-0011-R11a-SM-4WKGG,Old
GTEX-16MT8-1326-SM-6M47R,Old
GTEX-TKQ1-0326-SM-4DXSM,Young
GTEX-13OW5-0011-R9b-SM-5O9CL,Old
GTEX-QEG5-1126-SM-33HC2,Young
GTEX-1A8G6-0126-SM-7DUFY,Old
GTEX-14ICL-0626-SM-5ZZUO,Young
GTEX-146FR-1626-SM-5Q5DS,Old
GTEX-TSE9-0011-R8A-SM-3DB7R,Old
GTEX-VJYA-1826-SM-4KL1W,Old
GTEX-1CB4F-1026-SM-7DUH1,Old
GTEX-11DXX-1626-SM-5H11H,Old
GTEX-18A66-1426-SM-7KFRT,Old
GTEX-11EQ9-1526-SM-5PNY7,Young
GTEX-13NZA-2526-SM-5IJFX,Old
GTEX-13S7M-2226-SM-5S2WB,Old
GTEX-1B996-1026-SM-793CF,Old
GTEX-1399R-1926-SM-5K7X8,Young
GTEX-1AX8Z-1226-SM-7DHM7,Old
GTEX-16XZZ-0126-SM-793DV,Old
GTEX-11ZUS-1826-SM-5FQTR,Young
GTEX-13PDP-0011-R2b-SM-5O9DH,Old
GTEX-YJ89-0011-R5a-SM-4V6GM,Old
GTEX-13FTZ-0005-SM-5NQ9N,Old
GTEX-13VXT-1826-SM-5KM2F,Young
GTEX-11DYG-1226-SM-5N9DC,Old
GTEX-P4PP-0726-SM-3NM9S,Young
GTEX-12WSF-0005-SM-5NQAQ,Old
GTEX-1CB4E-0726-SM-7EWEY,Old
GTEX-1399R-0726-SM-5KM2A,Young
GTEX-12BJ1-2526-SM-5FQUE,Old
GTEX-131XF-1326-SM-5GCMQ,Old
GTEX-133LE-2126-SM-5IJBX,Young
GTEX-183WM-0011-R4a-SM-7LG6S,Old
GTEX-11ONC-3026-SM-5985W,Old
GTEX-XOT4-0526-SM-4B66O,Old
GTEX-11ZTS-2326-SM-5EQMY,Old
GTEX-147GR-0005-SM-5NQAO,Old
GTEX-14JIY-0011-R8a-SM-6AJAP,Old
GTEX-139D8-1226-SM-5L3ED,Young
GTEX-16BQI-1526-SM-6LLIE,Young
GTEX-TSE9-2626-SM-4DXV2,Old
GTEX-139TS-0005-SM-5NQC1,Old
GTEX-14BIM-0011-R6b-SM-5S2VB,Old
GTEX-16Z82-0011-R11a-SM-79OKJ,Old
GTEX-1269C-0926-SM-5FQSR,Old
GTEX-146FR-1926-SM-5NQA6,Old
GTEX-ZVT3-0006-SM-51MT9,Old
GTEX-11ONC-2826-SM-5P9GQ,Old
GTEX-14PJO-0011-R7a-SM-664NR,Old
GTEX-13CF2-2626-SM-5LZZA,Old
GTEX-ZF28-3026-SM-4WKHP,Old
GTEX-13RTJ-2826-SM-5QGQH,Old
GTEX-X88G-0006-SM-47JX5,Young
GTEX-18A7B-1226-SM-718AU,Old
GTEX-XUZC-1126-SM-4BOPZ,Young
GTEX-ZYT6-0326-SM-7LG5R,Young
GTEX-132Q8-0011-R8b-SM-5DUWX,Old
GTEX-13CZV-0011-R9a-SM-5LZXT,Old
GTEX-ZVTK-0326-SM-51MRR,Young
GTEX-1A3MV-2326-SM-731CT,Young
GTEX-13RTJ-0626-SM-5S2NB,Old
GTEX-XQ3S-2426-SM-4WAYB,Young
GTEX-11ZUS-0826-SM-5FQUY,Young
GTEX-11DXY-0326-SM-5H12F,Old
GTEX-14B4R-0626-SM-5TDDQ,Young
GTEX-WFG7-0005-SM-3GIKM,Young
GTEX-1CAMR-0726-SM-7EPIE,Young
GTEX-11TTK-1926-SM-5PNW8,Old
GTEX-RTLS-0126-SM-447CA,Old
GTEX-1A3MX-0326-SM-73KXV,Old
GTEX-PLZ6-1326-SM-3NB24,Young
GTEX-18A6Q-2826-SM-7LTAO,Old
GTEX-147GR-2726-SM-664OO,Old
GTEX-Y5V6-1326-SM-4VDTF,Old
GTEX-16BQI-0526-SM-6PAM8,Young
GTEX-117XS-2726-SM-5N9BL,Old
GTEX-ZF29-0226-SM-4WKHO,Old
GTEX-REY6-0526-SM-2TF5M,Old
GTEX-15EOM-5013-SM-7MKF9,Young
GTEX-1477Z-0011-R3b-SM-5PNX9,Old
GTEX-1A3MV-0326-SM-73KW7,Young
GTEX-15SHV-0826-SM-7KUFA,Old
GTEX-1477Z-2826-SM-5SI9J,Old
GTEX-18QFQ-1126-SM-72D6R,Young
GTEX-13O3O-0011-R2b-SM-5P9H1,Old
GTEX-17JCI-2526-SM-7DHLB,Old
GTEX-PWO3-0011-R2A-SM-2S1OX,Old
GTEX-148VI-1126-SM-5S2QW,Old
GTEX-14C5O-0126-SM-5SI6N,Old
GTEX-1AX9I-0926-SM-73KX8,Old
GTEX-ZYW4-0126-SM-5E44A,Old
GTEX-PLZ6-1526-SM-2S1OC,Young
GTEX-13S7M-0011-R9a-SM-5O9DW,Old
GTEX-1399T-0008-SM-62LDB,Old
GTEX-15SHW-2126-SM-6M46Y,Old
GTEX-1117F-0726-SM-5GIEN,Old
GTEX-17F9Y-0126-SM-79OKX,Old
GTEX-15CHQ-0011-R2b-SM-6AJAD,Old
GTEX-1CB4G-2126-SM-7IGQ8,Old
GTEX-R55E-0126-SM-2TC5Y,Young
GTEX-1EKGG-2626-SM-7IGPY,Old
GTEX-13QIC-0011-R4a-SM-5PNX8,Old
GTEX-1B996-0011-R6b-SM-793AQ,Old
GTEX-13W3W-1826-SM-5IJDE,Old
GTEX-14LLW-0626-SM-62LFC,Old
GTEX-1A3MW-0006-SM-7MKGU,Old
GTEX-1192W-0008-SM-5QGRE,Old
GTEX-14JG6-1926-SM-6LLIG,Young
GTEX-17F96-1726-SM-7IGMB,Old
GTEX-13NYC-0726-SM-5J2NQ,Old
GTEX-15CHC-1426-SM-5ZZVQ,Old
GTEX-1497J-0426-SM-5Q5CO,Old
GTEX-14C5O-0011-R2a-SM-5ZZV2,Old
GTEX-RWS6-2326-SM-2XCB4,Old
GTEX-11WQC-2526-SM-5CVLE,Old
GTEX-111FC-1026-SM-5GZX1,Old
GTEX-12696-2526-SM-5EQLN,Old
GTEX-17HG3-2826-SM-7EPGO,Young
GTEX-18QFQ-0626-SM-718AW,Young
GTEX-WQUQ-1826-SM-4OOSD,Old
GTEX-12WSF-0011-R7b-SM-5HL99,Old
GTEX-14E7W-0011-R9a-SM-62LE6,Old
GTEX-PLZ6-0426-SM-5IJDW,Young
GTEX-XQ3S-1126-SM-4BOPK,Young
GTEX-12696-1726-SM-5EQLH,Old
GTEX-15RIF-0626-SM-6LLI3,Young
GTEX-16YQH-0626-SM-7938I,Young
GTEX-145MI-0526-SM-5O9A8,Old
GTEX-YJ89-2926-SM-5P9IT,Old
GTEX-ZTPG-0126-SM-5O9AL,Young
GTEX-14JIY-2926-SM-69LPT,Old
GTEX-1AMEY-1426-SM-7939I,Young
GTEX-1211K-2326-SM-5FQU7,Old
GTEX-11DYG-0926-SM-5EGGW,Old
GTEX-14753-2926-SM-5LU9J,Old
GTEX-14JG6-0326-SM-6AJBT,Young
GTEX-PWCY-0005-SM-33HBP,Young
GTEX-1AX9J-2226-SM-731CW,Old
GTEX-14PHW-2426-SM-69LPU,Old
GTEX-ZP4G-2026-SM-57WEH,Young
GTEX-RWS6-0326-SM-2XCAP,Old
GTEX-14DAQ-0426-SM-664MS,Old
GTEX-14B4R-0006-SM-5O9A7,Young
GTEX-WFG8-0008-SM-4LVN6,Young
GTEX-ZA64-2126-SM-5Q5A8,Young
GTEX-111YS-1426-SM-5GID8,Old
GTEX-11LCK-0726-SM-5PNYC,Young
GTEX-131YS-0011-R5b-SM-5K7YB,Old
GTEX-12BJ1-1326-SM-5BC5P,Old
GTEX-133LE-0008-SM-62LDD,Young
GTEX-POMQ-1926-SM-3NB1Y,Young
GTEX-17JCI-0426-SM-7LG4R,Old
GTEX-P4PQ-0726-SM-3NMCR,Old
GTEX-PWO3-0011-R6A-SM-2I5F3,Old
GTEX-S4Q7-0826-SM-4AD5E,Young
GTEX-14C5O-0826-SM-5TDEG,Old
GTEX-139D8-0006-SM-5LZX8,Young
GTEX-YJ89-0011-R10a-SM-4SOK9,Old
GTEX-U8T8-2326-SM-3DB96,Old
GTEX-12WSA-2926-SM-5EQ4D,Old
GTEX-11ZTS-0326-SM-5EQKP,Old
GTEX-1314G-1326-SM-5BC6E,Young
GTEX-18A6Q-0126-SM-731BZ,Old
GTEX-16MT8-0526-SM-6PAM6,Old
GTEX-PX3G-0526-SM-2I3EM,Young
GTEX-11GSP-2326-SM-5HL63,Old
GTEX-ZZ64-0526-SM-5GZXM,Young
GTEX-XBED-0826-SM-47JYC,Old
GTEX-1C64O-0826-SM-79OKZ,Old
GTEX-14PHW-1326-SM-6EU1S,Old
GTEX-14BMU-0826-SM-73KZ8,Young
GTEX-15UF6-0126-SM-6PAMB,Old
GTEX-145MN-1926-SM-5SIAI,Young
GTEX-TSE9-2226-SM-4DXUR,Old
GTEX-N7MT-0726-SM-3TW8S,Old
GTEX-T2IS-2926-SM-32QPO,Young
GTEX-145MI-1126-SM-5O9AK,Old
GTEX-11EI6-3126-SM-5H111,Old
GTEX-11GS4-2526-SM-5A5KT,Old
GTEX-111FC-1126-SM-5GZWU,Old
GTEX-13N2G-0011-R6b-SM-5MR3P,Old
GTEX-13W3W-2826-SM-731E5,Old
GTEX-ZQUD-0326-SM-4YCEN,Young
GTEX-147JS-1526-SM-5ZZWF,Old
GTEX-ZP4G-0526-SM-4YCED,Young
GTEX-11TT1-0005-SM-5NQ8Y,Young
GTEX-12WSF-0011-R1a-SM-5DUVI,Old
GTEX-132Q8-0008-SM-5ZZUC,Old
GTEX-ZP4G-0826-SM-4WWF3,Young
GTEX-Y5V6-1926-SM-5IFIL,Old
GTEX-T2IS-0126-SM-4DM6O,Young
GTEX-U412-1826-SM-4DXTJ,Old
GTEX-14C5O-0326-SM-5ZZUX,Old
GTEX-131YS-0011-R3b-SM-5DUXB,Old
GTEX-12C56-1226-SM-5FQSU,Young
GTEX-S7PM-0626-SM-4AD4Q,Old
GTEX-144GM-1726-SM-5O9AS,Young
GTEX-V955-0005-SM-3P5ZC,Old
GTEX-11EM3-2426-SM-59861,Young
GTEX-ZDTT-0006-SM-4WKFP,Old
GTEX-13NYS-1626-SM-5J2MU,Old
GTEX-11TUW-3026-SM-5EGKM,Old
GTEX-Y5V5-1326-SM-4V6G9,Old
GTEX-RTLS-0526-SM-2TF64,Old
GTEX-QLQW-1326-SM-2S1QS,Young
GTEX-132QS-0126-SM-5IFH9,Old
GTEX-PWCY-2026-SM-5SI8R,Young
GTEX-ZQUD-1526-SM-7IGO2,Young
GTEX-QLQW-1226-SM-2S1Q9,Young
GTEX-12ZZY-0326-SM-5LZVQ,Old
GTEX-13PL7-1926-SM-5J1MM,Old
GTEX-1128S-2326-SM-5GZZY,Old
GTEX-146FR-0126-SM-5Q5F3,Old
GTEX-13NYC-2826-SM-5K7WR,Old
GTEX-11DXY-2026-SM-5N9CZ,Old
GTEX-16MT8-1826-SM-7EWE8,Old
GTEX-14E6E-1126-SM-5S2R4,Young
GTEX-11ZTS-2726-SM-5EQLU,Old
GTEX-12WSA-0011-R10b-SM-5P9ET,Old
GTEX-1117F-3226-SM-5N9CT,Old
GTEX-13NZB-2026-SM-5MR4M,Young
GTEX-1CB4J-1626-SM-79OOK,Old
GTEX-11LCK-1626-SM-5PNYB,Young
GTEX-12WSA-0326-SM-5BC6I,Old
GTEX-11TTK-2726-SM-5GU58,Old
GTEX-139T8-0226-SM-5L3EA,Old
GTEX-15ER7-0011-R7a-SM-6M46N,Young
GTEX-ZYFG-1126-SM-5GICY,Old
GTEX-139D8-0008-SM-5ZZUH,Young
GTEX-14PKV-0726-SM-686ZF,Young
GTEX-13113-5007-SM-793CD,Old
GTEX-11TTK-0226-SM-5N9EC,Old
GTEX-SNMC-1426-SM-2XCFM,Young
GTEX-13OW5-0011-R7a-SM-5O9C9,Old
GTEX-S95S-1326-SM-2XCDK,Old
GTEX-Y5V6-0003-SM-4V6FX,Old
GTEX-11P7K-0008-SM-5S2O5,Young
GTEX-13NZA-0011-R8b-SM-5KM2Q,Old
GTEX-18D9B-2726-SM-72D73,Old
GTEX-139TU-0526-SM-5J2M8,Old
GTEX-14PN3-1926-SM-6EU1Y,Old
GTEX-Y8DK-0011-R10A-SM-4SOK1,Old
GTEX-ZDXO-0011-R1a-SM-4WKF4,Old
GTEX-16XZZ-0726-SM-7KUF2,Old
GTEX-15UF6-2426-SM-7KUME,Old
GTEX-NPJ7-2826-SM-2I3FU,Old
GTEX-16MT8-0126-SM-7DHLD,Old
GTEX-147GR-1226-SM-5TDCL,Old
GTEX-11EQ9-1126-SM-5987I,Young
GTEX-1C4CL-2026-SM-731EB,Young
GTEX-12BJ1-2226-SM-5BC6G,Old
GTEX-12C56-0226-SM-5N9FB,Young
GTEX-15FZZ-0226-SM-6LLI4,Young
GTEX-ZYT6-2326-SM-5GZY3,Young
GTEX-13OW8-1326-SM-5J1OW,Old
GTEX-17EVQ-0011-R5a-SM-7LT92,Old
GTEX-13CF3-0926-SM-5LZZC,Old
GTEX-WFG8-0626-SM-3GILJ,Young
GTEX-1C64O-1426-SM-7EWER,Old
GTEX-ZF28-0011-R10a-SM-4WWEH,Old
GTEX-13FTX-1026-SM-5J2O5,Young
GTEX-14753-0526-SM-5QGPR,Old
GTEX-ZP4G-1626-SM-57WGD,Young
GTEX-1C6VS-0426-SM-79OJV,Old
GTEX-ZXES-1726-SM-5E43G,Young
GTEX-12BJ1-1126-SM-5EGGG,Old
GTEX-REY6-1026-SM-2TF4Y,Old
GTEX-XMD1-0011-R1A-SM-4AT4C,Old
GTEX-1399R-2326-SM-5PNYT,Young
GTEX-11TUW-2526-SM-5EQKN,Old
GTEX-147JS-2526-SM-5S2Q8,Old
GTEX-ZTPG-1626-SM-5DUX2,Young
GTEX-17HG3-2526-SM-7IGOD,Young
GTEX-U412-2026-SM-4DXSI,Old
GTEX-11EQ9-1326-SM-5985X,Young
GTEX-1AX9I-0826-SM-73KUT,Old
GTEX-PW2O-0426-SM-48TCC,Young
GTEX-13SLW-0011-R1a-SM-5S2W7,Old
GTEX-13NYS-0011-R5a-SM-5MR4D,Old
GTEX-12WSD-0011-R9a-SM-5GU6W,Old
GTEX-1B8SF-0626-SM-73KVV,Old
GTEX-S4Z8-0626-SM-4AD6J,Old
GTEX-18A6Q-0011-R3a-SM-718A7,Old
GTEX-12BJ1-2126-SM-5BC5O,Old
GTEX-11GS4-0426-SM-5N9CD,Old
GTEX-14ICL-1226-SM-5S2RD,Young
GTEX-Y5V5-0001-SM-4V6FZ,Old
GTEX-WFG8-1026-SM-4LVMZ,Young
GTEX-ZTPG-1426-SM-51MT3,Young
GTEX-14JIY-1226-SM-6871R,Old
GTEX-17EVQ-2826-SM-7IGQK,Old
GTEX-16Z82-0011-R8a-SM-7DUEX,Old
GTEX-15SKB-0926-SM-7KUFC,Old
GTEX-12WSD-0011-R2a-SM-5LZWB,Old
GTEX-14E7W-0011-R11a-SM-5ZZVA,Old
GTEX-WOFM-2126-SM-4OOSR,Young
GTEX-15CHQ-1526-SM-69LPW,Old
GTEX-14B4R-1226-SM-5TDDT,Young
GTEX-14E6E-2026-SM-664N5,Young
GTEX-13CZV-0011-R7b-SM-5LZXH,Old
GTEX-12ZZY-0826-SM-5EQMT,Old
GTEX-13RTJ-0126-SM-5S2NN,Old
GTEX-SNMC-0526-SM-4DM69,Young
GTEX-18D9A-0326-SM-7LT8L,Young
GTEX-1CB4F-0926-SM-7DHMJ,Old
GTEX-11DXX-2726-SM-5PNXO,Old
GTEX-17F9Y-1026-SM-7IGO4,Old
GTEX-11OF3-0011-R8b-SM-57WCS,Old
GTEX-18A6Q-1526-SM-731CO,Old
GTEX-14PJO-1826-SM-69LPR,Old
GTEX-1B8SF-0726-SM-73KYZ,Old
GTEX-13VXT-0226-SM-5LU9Q,Young
GTEX-1C4CL-0126-SM-7IGN5,Young
GTEX-15SHV-1526-SM-6LLIB,Old
GTEX-14PJ6-1626-SM-6872D,Old
GTEX-U3ZH-0326-SM-3DB7A,Young
GTEX-13CF3-0126-SM-5IFFM,Old
GTEX-11GS4-0226-SM-5HL77,Old
GTEX-WYBS-0426-SM-3NM9M,Old
GTEX-11ZU8-2326-SM-5EQMJ,Old
GTEX-12WSD-2326-SM-59HKQ,Old
GTEX-QEG4-1826-SM-4R1JN,Young
GTEX-16A39-0726-SM-7KUEB,Young
GTEX-15DCD-0626-SM-7KUG7,Old
GTEX-WHSE-0008-SM-4M1ZO,Young
GTEX-WQUQ-1426-SM-3MJFD,Old
GTEX-1CB4G-0726-SM-79OOJ,Old
GTEX-14BIM-0011-R4b-SM-5S2RK,Old
GTEX-X4EP-1626-SM-4QAS6,Old
GTEX-ZF28-0726-SM-4WKFU,Old
GTEX-11ZU8-0005-SM-5PNU5,Old
GTEX-POMQ-2126-SM-2S1OJ,Young
GTEX-1192W-3026-SM-5GZZV,Old
GTEX-16GPK-0926-SM-6LPJ9,Old
GTEX-PX3G-0426-SM-48U1C,Young
GTEX-U8XE-0426-SM-3DB91,Young
GTEX-18A6Q-0426-SM-731CC,Old
GTEX-17HG3-2926-SM-79ON8,Young
GTEX-11EI6-1526-SM-5P9GL,Old
GTEX-1269C-2426-SM-5FQSN,Old
GTEX-12BJ1-2626-SM-5FQUF,Old
GTEX-XMD2-0326-SM-4YCD6,Old
GTEX-13X6K-1626-SM-7EWCX,Old
GTEX-N7MS-0011-R10A-SM-2HMJK,Old
GTEX-11P81-2126-SM-5HL6N,Young
GTEX-WFJO-0008-SM-4LVN7,Young
GTEX-11EQ9-2026-SM-5P9JI,Young
GTEX-11EI6-0726-SM-59866,Old
GTEX-ZVZQ-0011-R1a-SM-57WBU,Old
GTEX-P4QS-0008-SM-48TDY,Old
GTEX-1AX9J-0126-SM-73KY2,Old
GTEX-QDT8-0011-R9A-SM-5SI8J,Young
GTEX-1122O-1926-SM-5EGIQ,Old
GTEX-N7MS-0126-SM-3TW8O,Old
GTEX-13OW5-2226-SM-5L3HC,Old
GTEX-NL3G-0526-SM-4RTWW,Old
GTEX-X4EO-2926-SM-4E3JH,Old
GTEX-1211K-0226-SM-59HJY,Old
GTEX-13OW8-0005-SM-5NQAC,Old
GTEX-12ZZY-2926-SM-5DUXO,Old
GTEX-12696-1326-SM-5FQTJ,Old
GTEX-12WSE-0826-SM-5S2VL,Young
GTEX-ZTX8-0002-SM-4YCEU,Young
GTEX-13QJC-0726-SM-5RQJK,Old
GTEX-183WM-0126-SM-7LTAB,Old
GTEX-1GF9W-2826-SM-7MKGE,Old
GTEX-17JCI-1226-SM-793D9,Old
GTEX-15RIF-0526-SM-6LLI2,Young
GTEX-15EOM-5007-SM-793DG,Young
GTEX-14DAQ-2726-SM-5S2QY,Old
GTEX-16GPK-0011-R1b-SM-7EWDH,Old
GTEX-12BJ1-1926-SM-5HL9Z,Old
GTEX-TSE9-0008-SM-4DXT8,Old
GTEX-12WSD-2726-SM-59HLR,Old
GTEX-15ER7-1626-SM-6PAMZ,Young
GTEX-U412-0826-SM-3DB9K,Old
GTEX-11ZTS-3226-SM-5EGID,Old
GTEX-17HG3-0011-R8a-SM-79OK7,Young
GTEX-13VXT-1926-SM-5K7UO,Young
GTEX-WHSE-1026-SM-57WAX,Young
GTEX-13X6K-0011-R8b-SM-5PNZ4,Old
GTEX-1CB4H-0626-SM-7IGN3,Old
GTEX-11DXX-0008-SM-5Q5B8,Old
GTEX-15SHW-0926-SM-6LPIO,Old
GTEX-11EMC-2526-SM-5PNVU,Old
GTEX-14PK6-2326-SM-69LOG,Old
GTEX-WHSE-0011-R8A-SM-3P5Z1,Young
GTEX-14PJN-2226-SM-6872I,Young
GTEX-16YQH-0726-SM-7IGM1,Young
GTEX-147GR-2926-SM-5RQIN,Old
GTEX-14XAO-1426-SM-6EU2C,Old
GTEX-13N2G-0011-R2a-SM-5MR4Q,Old
GTEX-SSA3-0126-SM-32QPU,Old
GTEX-QVUS-0011-R3A-SM-3GAFD,Old
GTEX-WRHK-1726-SM-3MJFK,Young
GTEX-12WSA-0008-SM-5TDC3,Old
GTEX-11EI6-0326-SM-5EQ6G,Old
GTEX-11ZTS-2626-SM-5EGIC,Old
GTEX-XOT4-0726-SM-4GIAW,Old
GTEX-11ONC-0011-R8b-SM-5NQ87,Old
GTEX-14ICL-0826-SM-5YY9W,Young
GTEX-16XZZ-0826-SM-7IGM3,Old
GTEX-16XZZ-1426-SM-7KUE3,Old
GTEX-18A66-2626-SM-72D67,Old
GTEX-VJYA-0226-SM-4KL1Q,Old
GTEX-XUZC-1726-SM-4BRWS,Young
GTEX-13W3W-1426-SM-5LU56,Old
GTEX-145MO-1226-SM-5QGPC,Old
GTEX-ZDXO-2426-SM-5S2NJ,Old
GTEX-17EVQ-0011-R4b-SM-7LT94,Old
GTEX-11GS4-1026-SM-5N9DE,Old
GTEX-11EQ9-0726-SM-5A5K2,Young
GTEX-131XF-2326-SM-5BC6B,Old
GTEX-15RIE-0626-SM-6M47G,Old
GTEX-14E6E-0926-SM-664N8,Young
GTEX-14PKV-1726-SM-6871U,Young
GTEX-S33H-1326-SM-4AD6A,Young
GTEX-1399R-1726-SM-5K7YJ,Young
GTEX-XUZC-1626-SM-4BRVP,Young
GTEX-T2IS-2026-SM-4DM6W,Young
GTEX-ZDTS-1026-SM-4WAXS,Old
GTEX-1122O-0326-SM-5H124,Old
GTEX-QDT8-0011-R10A-SM-32PKG,Young
GTEX-ZLV1-1326-SM-4WWER,Old
GTEX-PLZ6-0726-SM-3P619,Young
GTEX-1A3MV-1826-SM-731CD,Young
GTEX-13FHO-0011-R3b-SM-5K7YA,Old
GTEX-11P7K-2026-SM-5GU74,Young
GTEX-117XS-0726-SM-5H131,Old
GTEX-ZP4G-1326-SM-5EGIW,Young
GTEX-14E7W-0526-SM-5S2W8,Old
GTEX-183WM-0426-SM-731B1,Old
GTEX-ZQG8-1026-SM-51MR9,Old
GTEX-S7PM-0426-SM-3NM91,Old
GTEX-11DXX-1526-SM-5H115,Old
GTEX-13NYC-0626-SM-5K7U8,Old
GTEX-Y5V5-2526-SM-4VBQ4,Old
GTEX-13O61-0426-SM-5L3ET,Old
GTEX-11NSD-1726-SM-5N9C3,Young
GTEX-13FTZ-0011-R10b-SM-5KLZS,Old
GTEX-1B8SF-2926-SM-731DL,Old
GTEX-ZQUD-2026-SM-51MSM,Young
GTEX-132Q8-0006-SM-5NQA4,Old
GTEX-11GSP-0626-SM-5986T,Old
GTEX-18A7B-0926-SM-7189F,Old
GTEX-15RIE-0826-SM-6M47X,Old
GTEX-131XF-1126-SM-5HL8J,Old
GTEX-14E6E-1226-SM-5S2R5,Young
GTEX-ZQUD-0826-SM-57WDQ,Young
GTEX-U8XE-1526-SM-4E3HT,Young
GTEX-15DYW-1726-SM-7KUM5,Old
GTEX-14BIM-2726-SM-5Q5EG,Old
GTEX-QVJO-0011-R2A-SM-2S1QK,Old
GTEX-OHPL-1826-SM-2YUN8,Old
GTEX-1C6VR-2726-SM-79OM7,Old
GTEX-11TT1-0526-SM-5P9JO,Young
GTEX-13OVH-0526-SM-5L3E6,Old
GTEX-1EWIQ-0326-SM-7DHMQ,Old
GTEX-XUZC-0626-SM-4BOPG,Young
GTEX-11ONC-1426-SM-5N9F4,Old
GTEX-TKQ1-0226-SM-33HB5,Young
GTEX-ZF29-0426-SM-4WKFN,Old
GTEX-Y9LG-1326-SM-4VBQB,Young
GTEX-R45C-0008-SM-48FF2,Old
GTEX-145MO-3126-SM-5S2RT,Old
GTEX-T2IS-0011-R3A-SM-32QPB,Young
GTEX-1497J-1026-SM-5NQAV,Old
GTEX-13RTJ-0011-R11a-SM-5O9CK,Old
GTEX-S4Z8-0226-SM-4AD5K,Old
GTEX-VJYA-0326-SM-3GAEX,Old
GTEX-ZVT3-0326-SM-5GU6U,Old
GTEX-148VI-0326-SM-5RQK7,Old
GTEX-145LS-1326-SM-5Q5EP,Old
GTEX-VJYA-2026-SM-4KL1K,Old
GTEX-12WSD-0626-SM-5GCMW,Old
GTEX-QDT8-0226-SM-32PL4,Young
GTEX-13VXT-1626-SM-5IJES,Young
GTEX-QVJO-3126-SM-4R1KC,Old
GTEX-O5YT-1826-SM-32PK9,Young
GTEX-QV31-0726-SM-3GAEG,Young
GTEX-12C56-1726-SM-5EQ61,Young
GTEX-183FY-0726-SM-793C3,Young
GTEX-1399R-2226-SM-5P9JB,Young
GTEX-14XAO-0526-SM-6AJB7,Old
GTEX-X638-0426-SM-47JY2,Old
GTEX-17EUY-0426-SM-793BD,Young
GTEX-POMQ-0006-SM-5SI7D,Young
GTEX-131XF-1826-SM-5EGKG,Old
GTEX-133LE-0226-SM-5PNY3,Young
GTEX-ZDXO-2326-SM-5LU9W,Old
GTEX-Y9LG-0226-SM-4VBS4,Young
GTEX-14E6E-1526-SM-5RQIG,Young
GTEX-1399R-0926-SM-5J2N8,Young
GTEX-15DZA-0126-SM-6PAMV,Young
GTEX-SSA3-0226-SM-32QPN,Old
GTEX-15FZZ-1026-SM-6AJBI,Young
GTEX-1EH9U-2526-SM-79OO5,Old
GTEX-1AX8Z-2626-SM-731EP,Old
GTEX-11OC5-0008-SM-5S2OH,Old
GTEX-ZVZQ-1526-SM-5N9G6,Old
GTEX-11ZUS-0008-SM-5S2UO,Young
GTEX-146FQ-0726-SM-5LUA7,Young
GTEX-16YQH-0011-R8a-SM-7DUFB,Young
GTEX-17EVQ-1526-SM-79ONG,Old
GTEX-13OVH-0626-SM-5L3EI,Old
GTEX-V955-0826-SM-5SI82,Old
GTEX-13OVI-1726-SM-5L3DW,Old
GTEX-18A6Q-1826-SM-72D6I,Old
GTEX-15DCD-0011-R4a-SM-69LPB,Old
GTEX-11P7K-2126-SM-5GU7G,Young
GTEX-13S7M-3126-SM-5RQJQ,Old
GTEX-RU1J-0126-SM-2TF6Y,Young
GTEX-13S7M-0126-SM-5SI6A,Old
GTEX-QVUS-0006-SM-3GAE8,Old
GTEX-148VJ-0011-R9b-SM-5SI77,Old
GTEX-1AX9J-1126-SM-731B7,Old
GTEX-145LS-2426-SM-5TDCZ,Old
GTEX-SJXC-1126-SM-4DM6Y,Old
GTEX-13X6K-0011-R10a-SM-5P9JR,Old
GTEX-1314G-1526-SM-5EGK2,Young
GTEX-S7SF-1026-SM-4AD4I,Young
GTEX-13OVI-1426-SM-5L3EY,Old
GTEX-1A3MV-1626-SM-731C1,Young
GTEX-O5YT-0007-SM-32PK7,Young
GTEX-O5YV-1826-SM-2YUNI,Old
GTEX-11P7K-2326-SM-5EGKZ,Young
GTEX-ZU9S-1826-SM-5NQ9E,Young
GTEX-14E7W-0426-SM-5S2O4,Old
GTEX-11P81-1026-SM-5GU54,Young
GTEX-131XF-2526-SM-5EQ68,Old
GTEX-139TS-0011-R7a-SM-5K7X7,Old
GTEX-14BIM-0006-SM-5O9AA,Old
GTEX-139D8-2526-SM-5N9G3,Young
GTEX-YJ89-3026-SM-5IFJI,Old
GTEX-S33H-0626-SM-2XCBJ,Young
GTEX-11GS4-2726-SM-5A5LE,Old
GTEX-O5YT-1026-SM-3MJGF,Young
GTEX-1BAJH-0726-SM-7IGMF,Old
GTEX-N7MS-0011-R8a-SM-2YUMK,Old
GTEX-11EQ8-0426-SM-5N9DP,Old
GTEX-11DXX-0226-SM-5P9HL,Old
GTEX-11NV4-0526-SM-5N9BF,Old
GTEX-13JVG-3026-SM-5IJEV,Old
GTEX-1B996-1326-SM-731EO,Old
GTEX-146FR-0326-SM-5SI8U,Old
GTEX-V955-2526-SM-4JBJG,Old
GTEX-R55E-0726-SM-48FCZ,Young
GTEX-12WSD-1426-SM-5GCN9,Old
GTEX-11P82-0926-SM-5986X,Young
GTEX-132QS-0226-SM-5IFFZ,Old
GTEX-15DYW-0326-SM-6PAN9,Old
GTEX-183FY-0126-SM-7LT9P,Young
GTEX-1211K-0008-SM-5S2W1,Old
GTEX-13OW8-1626-SM-5L3HW,Old
GTEX-11EI6-0526-SM-5985S,Old
GTEX-X638-0126-SM-47JZ8,Old
GTEX-18QFQ-1826-SM-72D52,Young
GTEX-1GF9W-0826-SM-7MKHI,Old
GTEX-14PJ4-1926-SM-6LLHG,Old
GTEX-12696-0326-SM-5EGL4,Old
GTEX-13OW8-0011-R11a-SM-5L3GT,Old
GTEX-14E6E-2126-SM-664N6,Young
GTEX-1399T-0126-SM-5KM15,Old
GTEX-WFG7-0326-SM-5SI7L,Young
GTEX-QLQ7-0526-SM-2I5G3,Old
GTEX-139TT-2126-SM-5LZWC,Old
GTEX-1A8G7-2926-SM-79ONA,Old
GTEX-13VXT-0926-SM-5LU5K,Young
GTEX-12BJ1-1626-SM-5HL8Y,Old
GTEX-XQ3S-1226-SM-4BOPP,Young
GTEX-11DXX-1126-SM-5GZZK,Old
GTEX-111VG-2326-SM-5N9BK,Old
GTEX-1AX9I-1726-SM-731BX,Old
GTEX-OHPN-0008-SM-4E3HW,Old
GTEX-YECK-2826-SM-5IFHF,Old
GTEX-1399R-2426-SM-5IJFC,Young
GTEX-145MO-0526-SM-5Q5F7,Old
GTEX-16XZZ-0006-SM-7MKF5,Old
GTEX-12WSD-1826-SM-5GCOA,Old
GTEX-S7SF-0008-SM-3NM8T,Young
GTEX-QLQ7-1426-SM-4R1JX,Old
GTEX-WHSE-0426-SM-4M1XO,Young
GTEX-WFG7-2026-SM-5SI7P,Young
GTEX-VJYA-1326-SM-3GIJC,Old
GTEX-QV31-1026-SM-4R1K3,Young
GTEX-13RTJ-2726-SM-73KVG,Old
GTEX-PLZ6-0126-SM-48TC6,Young
GTEX-ZQUD-0005-SM-4YCE5,Young
GTEX-13OW5-0011-R8a-SM-5L3GQ,Old
GTEX-13YAN-1526-SM-5LU3E,Old
GTEX-11TT1-2526-SM-5EGIB,Young
GTEX-131YS-3126-SM-5KLYT,Old
GTEX-13OW8-0426-SM-5J2NR,Old
GTEX-16MT8-1226-SM-6M488,Old
GTEX-11P81-2626-SM-5GU6T,Young
GTEX-ZQUD-0626-SM-51MR2,Young
GTEX-13QIC-0011-R10a-SM-5O9C7,Old
GTEX-NPJ7-0011-R8a-SM-2I3G2,Old
GTEX-15CHC-0726-SM-6AJ9D,Old
GTEX-XYKS-0526-SM-4BRW2,Old
GTEX-QLQW-0126-SM-447BK,Young
GTEX-111FC-0326-SM-5GZZ1,Old
GTEX-1399R-0226-SM-5IJGG,Young
GTEX-14BIM-1626-SM-7EWD2,Old
GTEX-15DCD-1726-SM-7KUN1,Old
GTEX-XBED-2626-SM-4E3J5,Old
GTEX-Y9LG-1026-SM-5IFJN,Young
GTEX-12WSF-0011-R11a-SM-5LZVT,Old
GTEX-15EOM-2326-SM-7KUMV,Young
GTEX-Y5V6-2126-SM-4WWFX,Old
GTEX-14PK6-1026-SM-664NZ,Old
GTEX-13OVH-1826-SM-5K7YW,Old
GTEX-1B8SF-3026-SM-731DX,Old
GTEX-13O61-2026-SM-5J2M6,Old
GTEX-13FHO-1626-SM-5IJGB,Old
GTEX-ZYW4-1126-SM-5SI99,Old
GTEX-15CHQ-3126-SM-6872B,Old
GTEX-13X6K-0526-SM-5LU51,Old
GTEX-Y5V5-0726-SM-4VBPY,Old
GTEX-16GPK-0011-R10b-SM-7MKFG,Old
GTEX-11EMC-1726-SM-5H11P,Old
GTEX-11TT1-1926-SM-5PNYN,Young
GTEX-13S7M-0011-R3a-SM-5PNX2,Old
GTEX-148VJ-0626-SM-5LUAW,Old
GTEX-14LZ3-3126-SM-69LPN,Old
GTEX-S95S-0326-SM-4B66U,Old
GTEX-11GS4-2326-SM-5A5KS,Old
GTEX-11ZTS-1926-SM-5CVLA,Old
GTEX-147GR-0526-SM-5S2MY,Old
GTEX-18A6Q-0011-R11a-SM-72D6H,Old
GTEX-11P7K-1426-SM-5EGKY,Young
GTEX-11EM3-0926-SM-5A5KK,Young
GTEX-13W3W-1026-SM-5IFG4,Old
GTEX-11P7K-1626-SM-5GU63,Young
GTEX-1A8G6-0626-SM-7IGNB,Old
GTEX-ZYT6-0626-SM-5E45V,Young
GTEX-11P7K-1726-SM-5GU6F,Young
GTEX-WFG8-0326-SM-4LVN4,Young
GTEX-11TUW-0526-SM-5LU9A,Old
GTEX-111FC-1926-SM-5GZYC,Old
GTEX-ZE9C-0011-R9a-SM-4WWCY,Old
GTEX-12KS4-2326-SM-5EGJB,Young
GTEX-14JIY-0011-R10a-SM-6AJAO,Old
GTEX-ZP4G-2326-SM-57WEM,Young
GTEX-13RTJ-2426-SM-5S2Q2,Old
GTEX-11EI6-0005-SM-5N9GN,Old
GTEX-1269C-0626-SM-5FQSS,Old
GTEX-15ER7-0011-R11a-SM-6LPIL,Young
GTEX-13N1W-0726-SM-5MR57,Old
GTEX-REY6-0926-SM-48FDA,Old
GTEX-15G19-1126-SM-7KUEL,Old
GTEX-QDT8-3026-SM-32PKB,Young
GTEX-11LCK-1226-SM-5Q5AM,Young
GTEX-ZF28-3126-SM-4WKFC,Old
GTEX-13O1R-0126-SM-5L3EH,Old
GTEX-QLQW-0626-SM-447A6,Young
GTEX-1B8SF-1726-SM-73KZ5,Old
GTEX-148VJ-1026-SM-5LU98,Old
GTEX-ZXES-0926-SM-5E43O,Young
GTEX-18A66-2526-SM-7KFTZ,Old
GTEX-1211K-0426-SM-5FQTP,Old
GTEX-ZDTS-0006-SM-4WAYZ,Old
GTEX-1A8G7-0426-SM-731B5,Old
GTEX-144GO-0226-SM-5LUB1,Old
GTEX-WFG7-1126-SM-4LMK3,Young
GTEX-183WM-2626-SM-7KFRY,Old
GTEX-QEG5-1226-SM-447AR,Young
GTEX-148VJ-2426-SM-5NQ9Y,Old
GTEX-13VXT-0426-SM-5LU57,Young
GTEX-T2IS-3126-SM-32QPK,Young
GTEX-147GR-0011-R2b-SM-5S2RQ,Old
GTEX-13FTX-0626-SM-5J2NS,Young
GTEX-13RTJ-3126-SM-5S2Q4,Old
GTEX-P4PP-1826-SM-2S1NT,Young
GTEX-S4Q7-0226-SM-4AD5O,Young
GTEX-11LCK-0926-SM-5A5KA,Young
GTEX-11TT1-2326-SM-5GU6N,Young
GTEX-1477Z-0005-SM-5PNWD,Old
GTEX-15SHV-0326-SM-6M475,Old
GTEX-1AX8Z-2826-SM-73KTZ,Old
GTEX-11P81-0006-SM-5NQ7A,Young
GTEX-15DYW-0011-R6b-SM-6PALA,Old
GTEX-13G51-2326-SM-5LZXV,Old
GTEX-U8XE-1926-SM-3DB98,Young
GTEX-XUZC-0008-SM-4BOQG,Young
GTEX-QV31-1426-SM-2S1QD,Young
GTEX-XQ3S-0926-SM-4BOPI,Young
GTEX-17F9Y-0526-SM-7EWDC,Old
GTEX-WFG8-0926-SM-3GIKJ,Young
GTEX-15RIF-1526-SM-6M46K,Young
GTEX-1B8SF-0126-SM-7DUG3,Old
GTEX-139TU-0006-SM-5LZVN,Old
GTEX-PWCY-2326-SM-2I3EQ,Young
GTEX-14C5O-2226-SM-5ZZW7,Old
GTEX-ZLV1-0526-SM-4WWD4,Old
GTEX-1399T-3026-SM-5KLZC,Old
GTEX-1399T-1426-SM-664M8,Old
GTEX-XYKS-1226-SM-4BRVI,Old
GTEX-WFG7-0826-SM-3GIKU,Young
GTEX-15RIE-2326-SM-7KFSC,Old
GTEX-ZLV1-0226-SM-4WWC1,Old
GTEX-1497J-2326-SM-5NQBK,Old
GTEX-12WSE-0526-SM-793B2,Young
GTEX-S4Q7-1326-SM-4AD74,Young
GTEX-11DXX-0726-SM-5H12X,Old
GTEX-13FTX-0326-SM-5J2NG,Young
GTEX-15G1A-0526-SM-7KUKM,Young
GTEX-1C6WA-0526-SM-7IGNZ,Old
GTEX-15G19-0326-SM-7KUGF,Old
GTEX-14JIY-0011-R4b-SM-5ZZV7,Old
GTEX-14JIY-2326-SM-6AJAJ,Old
GTEX-16YQH-3026-SM-79OMM,Young
GTEX-13FHO-3126-SM-5IJF6,Old
GTEX-18A6Q-0011-R10b-SM-72D7A,Old
GTEX-VJYA-0005-SM-3P5ZD,Old
GTEX-X638-0008-SM-47JZ7,Old
GTEX-13NZA-0011-R5b-SM-5KM4K,Old
GTEX-12WSE-0005-SM-5NQAE,Young
GTEX-18A66-0326-SM-718BE,Old
GTEX-ZDXO-2726-SM-4WKFA,Old
GTEX-Y5V6-0626-SM-4WWFY,Old
GTEX-T5JC-0011-R4A-SM-32PLT,Young
GTEX-T2IS-2226-SM-4DM65,Young
GTEX-1C6VS-0526-SM-7DUEN,Old
GTEX-16MT8-0926-SM-6M487,Old
GTEX-13OW8-2126-SM-5J1OS,Old
GTEX-14PJ4-1826-SM-5YY97,Old
GTEX-S33H-1126-SM-2XCB6,Young
GTEX-13O3O-2726-SM-5KM35,Old
GTEX-1399R-0008-SM-5ZZUF,Young
GTEX-12696-1526-SM-5EGL6,Old
GTEX-QVJO-0011-R1A-SM-2S1QI,Old
GTEX-1117F-3026-SM-5GZYU,Old
GTEX-13QIC-1226-SM-5K7YR,Old
GTEX-ZYW4-2126-SM-59HJ9,Old
GTEX-RU1J-1726-SM-2TF5S,Young
GTEX-13RTJ-0011-R2a-SM-5PNW9,Old
GTEX-OOBJ-0826-SM-3NB2K,Old
GTEX-15CHQ-2526-SM-6EU24,Old
GTEX-WHSE-3026-SM-3P5ZH,Young
GTEX-13PL7-1726-SM-5J2NX,Old
GTEX-11ONC-0011-R1a-SM-57WD4,Old
GTEX-14A5H-0226-SM-5S2VK,Old
GTEX-1445S-3226-SM-5TDE1,Old
GTEX-X638-0005-SM-47JX6,Old
GTEX-1B8SF-0326-SM-7EWEN,Old
GTEX-15UKP-0226-SM-7KFTD,Young
GTEX-11ONC-1026-SM-5GU64,Old
GTEX-N7MT-1026-SM-3TW8T,Old
GTEX-11GS4-1426-SM-5N9D2,Old
GTEX-ZLV1-1826-SM-5FQU5,Old
GTEX-15RIE-1926-SM-7KUKJ,Old
GTEX-18QFQ-0426-SM-72D7E,Young
GTEX-1A8G7-1326-SM-73KVM,Old
GTEX-11ZTS-0226-SM-5EQKD,Old
GTEX-U3ZH-1726-SM-3DB79,Young
GTEX-1212Z-2826-SM-59HJ5,Old
GTEX-QDT8-0011-R2A-SM-32PKQ,Young
GTEX-11WQC-0011-R10a-SM-57WCT,Old
GTEX-14ICL-0006-SM-5SIAB,Young
GTEX-13OVI-2126-SM-5KM3U,Old
GTEX-QVUS-0011-R9A-SM-3GIJA,Old
GTEX-15DCD-0011-R2b-SM-6LPIE,Old
GTEX-1445S-3026-SM-5O9BR,Old
GTEX-11OC5-0006-SM-5N9FA,Old
GTEX-X88G-0008-SM-47JWN,Young
GTEX-14LZ3-0726-SM-5YYAB,Old
GTEX-ZZ64-0826-SM-5E449,Young
GTEX-YJ89-1926-SM-5IFJ6,Old
GTEX-14PJ6-0226-SM-6AJ9K,Old
GTEX-14PJ4-2226-SM-6LLIS,Old
GTEX-XOT4-0008-SM-4B664,Old
GTEX-ZQUD-2126-SM-51MSY,Young
GTEX-147GR-0011-R10b-SM-5S2UM,Old
GTEX-15UKP-1426-SM-7KUDX,Young
GTEX-12696-0826-SM-5EGGE,Old
GTEX-POMQ-0526-SM-3GADD,Young
GTEX-WYBS-0326-SM-3NM8S,Old
GTEX-131XF-1026-SM-5BC6A,Old
GTEX-13OW8-1526-SM-5K7V2,Old
GTEX-QLQ7-1026-SM-447BB,Old
GTEX-16XZY-0126-SM-7IGQ9,Old
GTEX-1B996-0326-SM-7DHMU,Old
GTEX-ZQUD-1726-SM-51MRQ,Young
GTEX-13113-0006-SM-5NQ7X,Old
GTEX-O5YV-0426-SM-3LK66,Old
GTEX-RTLS-2426-SM-46MUO,Old
GTEX-1445S-0011-R4a-SM-5PNWN,Old
GTEX-1A8G7-0226-SM-731AS,Old
GTEX-1117F-2426-SM-5EGGH,Old
GTEX-145LS-0011-R2a-SM-5PNZI,Old
GTEX-1128S-0726-SM-5N9D6,Old
GTEX-QESD-1426-SM-2S1R9,Young
GTEX-X4XY-1626-SM-46MVN,Old
GTEX-13O1R-3226-SM-5KM58,Old
GTEX-P4QS-0926-SM-48TBS,Old
GTEX-11DXY-0126-SM-5H11Q,Old
GTEX-TMZS-0226-SM-3DB9N,Old
GTEX-1AX8Z-1126-SM-731CS,Old
GTEX-13PVR-2026-SM-73KXT,Old
GTEX-15DCD-0011-R6b-SM-6M46L,Old
GTEX-1269C-0226-SM-5EGKS,Old
GTEX-13N2G-0926-SM-5IFGJ,Old
GTEX-111YS-1826-SM-5GIEP,Old
GTEX-13X6I-1026-SM-5LU4C,Old
GTEX-16Z82-0011-R9a-SM-7DUFA,Old
GTEX-WFG7-0726-SM-3GIKO,Young
GTEX-11P81-1926-SM-5BC53,Young
GTEX-15DZA-2226-SM-7KUMY,Young
GTEX-XPT6-2226-SM-4B66R,Young
GTEX-12WSF-0011-R6b-SM-5HL8W,Old
GTEX-XUZC-0326-SM-4BOO8,Young
GTEX-14PJ6-2126-SM-6EU1V,Old
GTEX-X88G-0226-SM-4GIE4,Young
GTEX-ZF28-0011-R1a-SM-4WWD1,Old
GTEX-13CF3-2226-SM-5J2MX,Old
GTEX-1CB4J-1826-SM-7EWF9,Old
GTEX-1B996-1426-SM-7EPIA,Old
GTEX-111YS-1026-SM-5GZYE,Old
GTEX-OXRO-0126-SM-2YUN4,Old
GTEX-13O61-2326-SM-5J1NJ,Old
GTEX-1B8L1-0011-R4a-SM-7EWFJ,Old
GTEX-ZDTS-0001-SM-4WAXW,Old
GTEX-17EVQ-0011-R7a-SM-7EWDA,Old
GTEX-15SHV-0726-SM-6PAMO,Old
GTEX-ZF28-0126-SM-4WKGK,Old
GTEX-113IC-0226-SM-5HL5C,Old
GTEX-11ZUS-1426-SM-5FQSP,Young
GTEX-1212Z-0826-SM-5EQ51,Old
GTEX-13NZ8-2126-SM-5L3EO,Old
GTEX-ZYY3-2226-SM-5E45A,Old
GTEX-WQUQ-1526-SM-4OOSM,Old
GTEX-13FTZ-2226-SM-5LZXI,Old
GTEX-15SHV-0126-SM-6LPIS,Old
GTEX-14PN3-0526-SM-69LQF,Old
GTEX-QESD-0226-SM-447BH,Young
GTEX-111FC-2926-SM-5GZY7,Old
GTEX-NL3H-0011-R10A-SM-2I3E9,Old
GTEX-17GQL-2026-SM-718BA,Old
GTEX-PWO3-0011-R1A-SM-2I5EW,Old
GTEX-147JS-1826-SM-5ZZWG,Old
GTEX-18D9B-1026-SM-7KFS8,Old
GTEX-1314G-0005-SM-5NQ9O,Young
GTEX-1A8G7-0011-R2a-SM-7IGQI,Old
GTEX-16XZZ-0626-SM-6M47T,Old
GTEX-ZF28-0011-R5a-SM-4WWCZ,Old
GTEX-13113-5016-SM-7EPIP,Old
GTEX-13OW5-0626-SM-5J2N2,Old
GTEX-12ZZY-0008-SM-5YY9Q,Old
GTEX-P4PQ-0426-SM-3NMCI,Old
GTEX-1EWIQ-1426-SM-7IGOS,Old
GTEX-U3ZH-0926-SM-4DXU4,Young
GTEX-QLQW-0226-SM-447BJ,Young
GTEX-13OVG-0826-SM-5L3D8,Old
GTEX-QDT8-0526-SM-3NMD8,Young
GTEX-12WSD-0005-SM-5N9FZ,Old
GTEX-15DYW-1326-SM-6LPIV,Old
GTEX-1399T-0426-SM-5PNVJ,Old
GTEX-133LE-0526-SM-5N9EJ,Young
GTEX-13N1W-3126-SM-5IFHB,Old
GTEX-1399R-2626-SM-5KLZ7,Young
GTEX-ZYFG-0726-SM-5GIDX,Old
GTEX-12ZZY-0126-SM-5LZV2,Old
GTEX-1399T-2426-SM-5L3FJ,Old
GTEX-12126-0426-SM-5Q5AP,Young
GTEX-1A3MX-3026-SM-731BF,Old
GTEX-WRHK-0226-SM-4MVOH,Young
GTEX-1A3MX-1326-SM-72D58,Old
GTEX-WFG7-2226-SM-3GIKP,Young
GTEX-N7MS-0926-SM-2HMIZ,Old
GTEX-ZYY3-2726-SM-5EGH4,Old
GTEX-16BQI-1126-SM-7KULF,Young
GTEX-13OVI-0726-SM-5L3DD,Old
GTEX-14753-0011-R5a-SM-5S2VW,Old
GTEX-1399S-0006-SM-5NQ7U,Young
GTEX-11GS4-0526-SM-5A5KQ,Old
GTEX-UTHO-0011-R6A-SM-3GIJW,Old
GTEX-132Q8-2926-SM-5IFFP,Old
GTEX-U3ZH-0002-SM-3NMDD,Young
GTEX-X88G-0126-SM-47JZ3,Young
GTEX-ZVZQ-2626-SM-59HLB,Old
GTEX-18A6Q-1126-SM-7LG5A,Old
GTEX-Y8DK-0008-SM-4RGM2,Old
GTEX-17F9Y-0926-SM-79OJU,Old
GTEX-OHPN-2926-SM-3LK65,Old
GTEX-11DYG-0126-SM-59883,Old
GTEX-POMQ-0008-SM-48TE7,Young
GTEX-1192W-0005-SM-5NQBQ,Old
GTEX-PX3G-1026-SM-48TZW,Young
GTEX-11EM3-0726-SM-5GZZM,Young
GTEX-ZYFG-1526-SM-5GZYM,Old
GTEX-17EVQ-0011-R11a-SM-7LT9C,Old
GTEX-1A8G6-0326-SM-72D6F,Old
GTEX-WYBS-0626-SM-3NMAS,Old
GTEX-1C6VR-2526-SM-7DHMT,Old
GTEX-15ER7-0226-SM-7KUEU,Young
GTEX-11P7K-0326-SM-59871,Young
GTEX-1211K-1026-SM-5EQ4B,Old
GTEX-16YQH-2926-SM-6LPJE,Young
GTEX-14PJN-0826-SM-686ZL,Young
GTEX-1B996-1726-SM-7IGMW,Old
GTEX-ZVZQ-0011-R8a-SM-51MR5,Old
GTEX-139UW-0011-R9b-SM-5LZYT,Old
GTEX-QDT8-1026-SM-43V6X,Young
GTEX-11P82-0726-SM-5PNYL,Young
GTEX-11GSP-1226-SM-5985M,Old
GTEX-14ICL-0326-SM-5S2OS,Young
GTEX-T5JC-0011-R2A-SM-32PLZ,Young
GTEX-15CHQ-1126-SM-686YY,Old
GTEX-13CF3-1026-SM-5LZWY,Old
GTEX-YECK-0008-SM-4W1ZG,Old
GTEX-ZTPG-2226-SM-57WF9,Young
GTEX-ZF29-2126-SM-4WWB8,Old
GTEX-11P82-0126-SM-5HL72,Young
GTEX-YJ8A-1726-SM-5P9IQ,Young
GTEX-12ZZY-1326-SM-5GCNW,Old
GTEX-13N1W-2426-SM-5IJD1,Old
GTEX-15ER7-1526-SM-6LLHO,Young
GTEX-1399T-0826-SM-5IFES,Old
GTEX-1A3MX-2926-SM-718B7,Old
GTEX-1399S-2226-SM-5IFEW,Young
GTEX-QEG4-0006-SM-2I5FY,Young
GTEX-14B4R-0226-SM-5TDDO,Young
GTEX-R55E-0011-R11A-SM-2TC6I,Young
GTEX-ZQG8-0005-SM-4YCEH,Old
GTEX-13CF3-0726-SM-5J2MY,Old
GTEX-11EM3-0626-SM-5H12Z,Young
GTEX-1EH9U-3226-SM-7MKGR,Old
GTEX-11P81-2726-SM-59876,Young
GTEX-13G51-0011-R2b-SM-5LZXS,Old
GTEX-ZYFG-0126-SM-5GIDH,Old
GTEX-14753-0726-SM-5QGQO,Old
GTEX-RTLS-0426-SM-2TF5K,Old
GTEX-WRHK-0626-SM-4MVOE,Young
GTEX-11DXY-2626-SM-5GIE7,Old
GTEX-14ASI-0326-SM-5S2VH,Old
GTEX-WFJO-0626-SM-4LVMC,Young
GTEX-13O61-1526-SM-5KM3P,Old
GTEX-13OVH-3126-SM-5MR4Z,Old
GTEX-UTHO-2926-SM-3P5Z9,Old
GTEX-1CB4E-0126-SM-7DHMX,Old
GTEX-YECK-1626-SM-5IFHQ,Old
GTEX-15DCZ-0626-SM-6AJ9I,Young
GTEX-139TT-0011-R1a-SM-5LZVD,Old
GTEX-ZYT6-1426-SM-5E43U,Young
GTEX-15CHQ-0011-R1a-SM-6EU31,Old
GTEX-14LZ3-0226-SM-62LET,Old
GTEX-14753-2526-SM-5LU97,Old
GTEX-12WSE-0008-SM-5YY9P,Young
GTEX-144GM-0826-SM-5O98R,Young
GTEX-15DCD-1626-SM-6AJBH,Old
GTEX-14PN3-1126-SM-69LOR,Old
GTEX-16XZZ-0011-R1a-SM-7LTAH,Old
GTEX-V955-1926-SM-4KL1L,Old
GTEX-WFG8-1126-SM-4LVN1,Young
GTEX-145LS-0011-R10a-SM-5PNUQ,Old
GTEX-13SLW-0011-R6a-SM-5O9BH,Old
GTEX-1122O-0426-SM-5H12G,Old
GTEX-13IVO-0126-SM-5J1NG,Old
GTEX-ZYT6-1126-SM-5GZYR,Young
GTEX-113IC-0008-SM-5QGRF,Old
GTEX-ZDXO-0008-SM-4E3HR,Old
GTEX-11TT1-2626-SM-5EGL2,Young
GTEX-17EVQ-1726-SM-7LT9R,Old
GTEX-17MFQ-1926-SM-793A6,Young
GTEX-14BMU-1726-SM-5TDE8,Young
GTEX-VJYA-0726-SM-4KL1T,Old
GTEX-O5YT-0326-SM-32PKA,Young
GTEX-13CF3-1526-SM-5J2NB,Old
GTEX-TSE9-0326-SM-3DB82,Old
GTEX-14PHW-0526-SM-6LLIP,Old
GTEX-ZQUD-0008-SM-4YCCU,Young
GTEX-14PJO-2926-SM-686ZI,Old
GTEX-14ASI-0011-R4a-SM-69LQ4,Old
GTEX-13G51-0011-R10b-SM-5LZYF,Old
GTEX-14PJO-0011-R2a-SM-5ZZVF,Old
GTEX-QVUS-0011-R8A-SM-3GAD7,Old
GTEX-139TS-0011-R10a-SM-5K7TU,Old
GTEX-14ASI-0011-R6a-SM-5S2UZ,Old
GTEX-14PK6-1326-SM-686ZE,Old
GTEX-ZVTK-0006-SM-57WBK,Young
GTEX-13W3W-2426-SM-5LU5B,Old
GTEX-Y5V6-0326-SM-4VBRW,Old
GTEX-13OVI-1126-SM-5KLZF,Old
GTEX-QLQ7-0126-SM-4R1JW,Old
GTEX-17EVQ-0426-SM-7LG57,Old
GTEX-ZYT6-1626-SM-5E45R,Young
GTEX-11EM3-1126-SM-5A5KM,Young
GTEX-12696-3126-SM-5FQUX,Old
GTEX-1C64O-2026-SM-7IGPA,Old
GTEX-PWO3-1026-SM-2I5F2,Old
GTEX-OHPL-0008-SM-4E3I9,Old
GTEX-144GM-1226-SM-5LU52,Young
GTEX-15G19-0011-R8b-SM-7KUL1,Old
GTEX-117XS-0008-SM-5Q5DQ,Old
GTEX-NL3H-0011-R1a-SM-48TDJ,Old
GTEX-1269C-0003-SM-5S2PB,Old
GTEX-12ZZZ-0011-R11a-SM-5EGLC,Old
GTEX-13JVG-2926-SM-5J2N9,Old
GTEX-16A39-1226-SM-7KUEQ,Young
GTEX-N7MT-0011-R3a-SM-2I3GC,Old
GTEX-145MN-0726-SM-5NQBH,Young
GTEX-PLZ6-1426-SM-5S2TR,Young
GTEX-UTHO-0008-SM-4JBID,Old
GTEX-1EU9M-2826-SM-7EWFH,Old
GTEX-ZQG8-1226-SM-51MRX,Old
GTEX-ZLV1-0426-SM-4WWC2,Old
GTEX-12WSA-1126-SM-5EGKU,Old
GTEX-ZA64-2226-SM-5Q5A9,Young
GTEX-1CB4E-1026-SM-793AB,Old
GTEX-WFG7-1526-SM-4LVMG,Young
GTEX-ZQG8-2126-SM-4YCF1,Old
GTEX-139T8-1026-SM-5J2MC,Old
GTEX-15EOM-0126-SM-7KUGG,Young
GTEX-S4Q7-0008-SM-3NM8A,Young
GTEX-11EQ8-0006-SM-5P9HJ,Old
GTEX-Y5V6-0426-SM-4VBRZ,Old
GTEX-1A8G6-2026-SM-73KYC,Old
GTEX-13YAN-1926-SM-7EPH9,Old
GTEX-XBED-1226-SM-4AT5V,Old
GTEX-PX3G-0826-SM-48TZS,Young
GTEX-1477Z-1526-SM-5SI9V,Old
GTEX-QV31-0326-SM-447BM,Young
GTEX-RVPV-0526-SM-47JYL,Old
GTEX-13CF3-0526-SM-5IJBV,Old
GTEX-X4XY-0526-SM-46MW1,Old
GTEX-14PN3-0726-SM-6EU14,Old
GTEX-1AX9J-0226-SM-73KXM,Old
GTEX-13OVI-2026-SM-5J1MU,Old
GTEX-13N2G-2226-SM-5IJCU,Old
GTEX-Y8E5-0008-SM-57WBA,Old
GTEX-17MFQ-1226-SM-7KFSA,Young
GTEX-15ER7-0726-SM-7KUMF,Young
GTEX-11GSO-2826-SM-5HL6Q,Old
GTEX-13IVO-0011-R5a-SM-5L3CY,Old
GTEX-XOT4-0826-SM-4B66Y,Old
GTEX-P4PQ-1026-SM-3NMCN,Old
GTEX-1B8L1-0526-SM-79ONX,Old
GTEX-OHPN-0005-SM-2YUML,Old
GTEX-1CB4E-2126-SM-793AP,Old
GTEX-183WM-2526-SM-731BP,Old
GTEX-REY6-0826-SM-2TF4S,Old
GTEX-RTLS-1126-SM-46MUQ,Old
GTEX-1399S-1626-SM-5P9GI,Young
GTEX-X4EO-0326-SM-3P5YO,Old
GTEX-15SHW-0626-SM-6PALH,Old
GTEX-1128S-2626-SM-5H11Z,Old
GTEX-ZYT6-0926-SM-5GIEM,Young
GTEX-13W3W-0005-SM-5SI9Y,Old
GTEX-14BIM-0011-R3b-SM-5S2RL,Old
GTEX-XLM4-1026-SM-4AT51,Old
GTEX-XLM4-0011-R4B-SM-4AT5C,Old
GTEX-13RTJ-2926-SM-5Q5DE,Old
GTEX-ZQG8-0726-SM-5P9H9,Old
GTEX-131XF-0626-SM-5GIDS,Old
GTEX-XBED-0008-SM-47JWO,Old
GTEX-14XAO-1926-SM-6ETZO,Old
GTEX-1C4CL-2126-SM-7IGQC,Young
GTEX-Y9LG-1126-SM-4VBQ7,Young
GTEX-11DXX-2026-SM-5EGJL,Old
GTEX-11OF3-0008-SM-5S2NH,Old
GTEX-1C64O-2226-SM-73KTV,Old
GTEX-12C56-0426-SM-5FQU1,Young
GTEX-13OVH-0005-SM-5P9HB,Old
GTEX-ZA64-1226-SM-5HL7B,Young
GTEX-U8T8-0126-SM-3DB94,Old
GTEX-WFJO-1026-SM-3GIKL,Young
GTEX-17GQL-1526-SM-7LTAC,Old
GTEX-15RIE-0526-SM-7KUF9,Old
GTEX-1269C-2626-SM-5EQ5C,Old
GTEX-11EQ9-0226-SM-5A5JX,Young
GTEX-14BMU-2426-SM-5RQIJ,Young
GTEX-1269C-2726-SM-5EGJ4,Old
GTEX-14LZ3-0011-R8b-SM-69LP6,Old
GTEX-X88G-0004-SM-47JZ6,Young
GTEX-13W3W-0326-SM-731DS,Old
GTEX-11ZUS-0926-SM-5FQSY,Young
GTEX-S7PM-0011-R5A-SM-3NM8G,Old
GTEX-1AX8Z-2426-SM-72D7D,Old
GTEX-1122O-0926-SM-5N9C9,Old
GTEX-13X6K-3026-SM-5QGPA,Old
GTEX-ZTX8-0008-SM-4YCDV,Young
GTEX-1117F-0626-SM-5N9CS,Old
GTEX-145LS-0226-SM-5O9A5,Old
GTEX-T5JC-0005-SM-4DM7B,Young
GTEX-1A8G7-2426-SM-731AK,Old
GTEX-139TS-1926-SM-5IJFO,Old
GTEX-N7MS-0626-SM-2YUN7,Old
GTEX-Y8E5-0326-SM-57WBM,Old
GTEX-1B8L1-1926-SM-7IGND,Old
GTEX-14ASI-0011-R2b-SM-5YY9H,Old
GTEX-S4Q7-1226-SM-4AD5I,Young
GTEX-S4Z8-1226-SM-4AD6W,Old
GTEX-14DAQ-2326-SM-5S2QX,Old
GTEX-T5JW-1626-SM-3GADZ,Young
GTEX-139TT-0226-SM-5K7YH,Old
GTEX-13G51-0926-SM-5IFFU,Old
GTEX-18A66-2426-SM-7KFSQ,Old
GTEX-QDT8-0126-SM-48TZ1,Young
GTEX-13RTJ-1126-SM-5S2UJ,Old
GTEX-U3ZN-1626-SM-4DXTZ,Young
GTEX-15UKP-0526-SM-7KFRO,Young
GTEX-1314G-0126-SM-5LZUL,Young
GTEX-XMD2-1026-SM-4WWE8,Old
GTEX-QLQ7-1926-SM-2S1R6,Old
GTEX-SNMC-1126-SM-4DM5M,Young
GTEX-145MN-2326-SM-5SIB7,Young
GTEX-15DCZ-1126-SM-6871O,Young
GTEX-12WSD-3026-SM-5LZU7,Old
GTEX-144GM-1426-SM-5LU31,Young
GTEX-XLM4-0011-R10A-SM-4AT5P,Old
GTEX-ZDXO-0726-SM-57WBT,Old
GTEX-13IVO-0011-R8a-SM-5L3DY,Old
GTEX-13OVG-1326-SM-5K7Y3,Old
GTEX-131XF-2426-SM-5BC6C,Old
GTEX-P4PP-2026-SM-3P61N,Young
GTEX-145MI-0011-R11a-SM-5P9JZ,Old
GTEX-P4PP-0226-SM-5S2VR,Young
GTEX-13QIC-1626-SM-5K7TZ,Old
GTEX-18D9A-1526-SM-7LG4J,Young
GTEX-13NYS-0011-R11b-SM-5MR4P,Old
GTEX-11ZTT-1726-SM-5EQL4,Old
GTEX-1CB4G-2326-SM-79OOI,Old
GTEX-13PVR-0426-SM-5RQK2,Old
GTEX-1B8L1-0626-SM-7EPHL,Old
GTEX-13N2G-0826-SM-5IJE6,Old
GTEX-13G51-1826-SM-5KLZH,Old
GTEX-VJYA-1226-SM-3GIJ6,Old
GTEX-15DCZ-2326-SM-6AJB1,Young
GTEX-16GPK-3126-SM-79OOB,Old
GTEX-11GSO-0005-SM-5O9CA,Old
GTEX-15DYW-2326-SM-6PAMU,Old
GTEX-14PJ6-2626-SM-6EU2T,Old
GTEX-13FHO-0726-SM-5IJDG,Old
GTEX-13NYS-0726-SM-5J1OR,Old
GTEX-12126-0626-SM-5Q5AQ,Young
GTEX-16XZZ-0011-R11a-SM-7EPI3,Old
GTEX-ZVTK-0826-SM-5GZXI,Young
GTEX-XUZC-0926-SM-4BOQF,Young
GTEX-11GSP-0326-SM-5A5KW,Old
GTEX-16BQI-1026-SM-7KUEA,Young
GTEX-QESD-2026-SM-447BI,Young
GTEX-139TS-2226-SM-5J2N1,Old
GTEX-QLQ7-0326-SM-4R1JV,Old
GTEX-16XZZ-0011-R10b-SM-7LT91,Old
GTEX-15DYW-0011-R9b-SM-6PALB,Old
GTEX-14C5O-2526-SM-73KU2,Old
GTEX-ZF29-1326-SM-4WWB6,Old
GTEX-ZAKK-0526-SM-5EGHC,Old
GTEX-11TUW-1326-SM-5EQKV,Old
GTEX-1122O-1326-SM-5H11F,Old
GTEX-15CHQ-2626-SM-686YZ,Old
GTEX-111YS-2226-SM-5987P,Old
GTEX-16YQH-3126-SM-79OJZ,Young
GTEX-YJ89-0011-R11a-SM-4SOKA,Old
GTEX-U3ZH-1126-SM-4DXUG,Young
GTEX-X4EP-1426-SM-4PQZP,Old
GTEX-Y9LG-0726-SM-4VDS3,Young
GTEX-1399T-0726-SM-5J1MH,Old
GTEX-T5JW-0126-SM-4DM6K,Young
GTEX-13OVG-1426-SM-5K7VP,Old
GTEX-14XAO-1226-SM-6EU1C,Old
GTEX-1AMEY-0926-SM-72D6G,Young
GTEX-15DZA-0526-SM-6LPKE,Young
GTEX-14BIM-1326-SM-7EWD1,Old
GTEX-1B8L1-1026-SM-79ONW,Old
GTEX-13PDP-0126-SM-5L3HD,Old
GTEX-15UF6-2026-SM-6LPI3,Old
GTEX-13X6K-2926-SM-5Q5D5,Old
GTEX-XPT6-0126-SM-4B65S,Young
GTEX-ZYW4-0426-SM-5GZYS,Old
GTEX-1314G-1626-SM-5EQ67,Young
GTEX-14PHY-1126-SM-664OR,Old
GTEX-13S7M-0426-SM-5S2US,Old
GTEX-13O3O-0011-R8b-SM-5LUAL,Old
GTEX-13NZ8-1626-SM-5IJBC,Old
GTEX-11TT1-0004-SM-5S2NT,Young
GTEX-PLZ6-0008-SM-48TD5,Young
GTEX-T2IS-0926-SM-4DM5B,Young
GTEX-11ZUS-0526-SM-59884,Young
GTEX-12C56-0826-SM-5EGJ5,Young
GTEX-12ZZY-0011-R6b-SM-5EGLA,Old
GTEX-12WSM-2126-SM-5GCOC,Old
GTEX-1EU9M-1826-SM-7DUGU,Old
GTEX-12WSD-0326-SM-59HKP,Old
GTEX-13PVR-1226-SM-5RQJ2,Old
GTEX-1EKGG-0626-SM-7DUGJ,Old
GTEX-PX3G-2526-SM-48TZV,Young
GTEX-146FQ-0826-SM-5LUAJ,Young
GTEX-14PJ4-0126-SM-62LEZ,Old
GTEX-13OVG-2126-SM-5KM1K,Old
GTEX-1AX9I-0726-SM-73KWV,Old
GTEX-1269C-2826-SM-5EQ5O,Old
GTEX-13OW8-2726-SM-5L3FZ,Old
GTEX-17HG3-0011-R10b-SM-7LT97,Young
GTEX-X4XX-0126-SM-3NMC2,Old
GTEX-117XS-3026-SM-5N9CA,Old
GTEX-14PJ5-0626-SM-6LLIJ,Old
GTEX-SNMC-1626-SM-4DM52,Young
GTEX-11P7K-0826-SM-5BC5F,Young
GTEX-13W3W-1626-SM-5LU35,Old
GTEX-13CF2-0011-R11b-SM-5LZXO,Old
GTEX-146FR-0226-SM-5Q5F6,Old
GTEX-VJYA-1126-SM-3GIJU,Old
GTEX-WFG7-1326-SM-4LMK1,Young
GTEX-14PJ4-0926-SM-5YY98,Old
GTEX-15RIF-1826-SM-6M469,Young
GTEX-1AMEY-0726-SM-72D5X,Young
GTEX-QVUS-0011-R1A-SM-3GAD2,Old
GTEX-133LE-0726-SM-5P9IZ,Young
GTEX-13N1W-0011-R3a-SM-5MR5E,Old
GTEX-11ZTS-3326-SM-5LU9Y,Old
GTEX-1445S-0626-SM-5LU3C,Old
GTEX-139T8-0526-SM-5KLZL,Old
GTEX-OHPN-0011-R9A-SM-5TDEJ,Old
GTEX-13O61-1826-SM-5KM4I,Old
GTEX-1399T-2726-SM-5K7XK,Old
GTEX-ZPCL-1226-SM-4WWFF,Old
GTEX-XPT6-0226-SM-4B65L,Young
GTEX-16Z82-0011-R1b-SM-7EPHZ,Old
GTEX-14A6H-2026-SM-5Q5DD,Young
GTEX-1C64O-2126-SM-7IGPB,Old
GTEX-1A3MV-2126-SM-718BV,Young
GTEX-13O3O-1126-SM-5KM4Q,Old
GTEX-U3ZN-0526-SM-4DXTH,Young
GTEX-15RIF-0926-SM-7KUKP,Young
GTEX-15DYW-0126-SM-7KULE,Old
GTEX-16Z82-0011-R7a-SM-7MKGJ,Old
GTEX-PWCY-2226-SM-2S1OP,Young
GTEX-13OW8-3026-SM-5L3G8,Old
GTEX-17EVQ-0226-SM-7LG4P,Old
GTEX-14PII-0226-SM-6EU1T,Old
GTEX-ZPCL-2026-SM-57WFD,Old
GTEX-14DAQ-0326-SM-664MR,Old
GTEX-14XAO-0926-SM-69LPZ,Old
GTEX-13G51-2826-SM-5LZWV,Old
GTEX-12696-1126-SM-5FQTI,Old
GTEX-1EWIQ-3026-SM-7IGOJ,Old
GTEX-12BJ1-0008-SM-5TDBZ,Old
GTEX-OOBJ-1026-SM-3NB2L,Old
GTEX-1EKGG-0726-SM-7IGPX,Old
GTEX-131YS-0326-SM-5PNYW,Old
GTEX-15ER7-1426-SM-6PAMA,Young
GTEX-14PJ6-0826-SM-686Z9,Old
GTEX-ZZ64-1526-SM-5E43K,Young
GTEX-13JVG-0726-SM-5KM16,Old
GTEX-XBED-1526-SM-4AT5W,Old
GTEX-11TUW-1226-SM-5GU7C,Old
GTEX-16GPK-0426-SM-6PAMW,Old
GTEX-14PJ4-1126-SM-5YY91,Old
GTEX-13PDP-0011-R8b-SM-5O9CS,Old
GTEX-Y5V6-0008-SM-4V6FV,Old
GTEX-T5JC-1926-SM-4DM6Q,Young
GTEX-QDT8-0011-R4A-SM-32PKM,Young
GTEX-14PN3-1226-SM-69LOW,Old
GTEX-11NSD-0826-SM-5986S,Young
GTEX-1B8L1-1626-SM-7IGMH,Old
GTEX-13RTJ-0011-R8b-SM-5O9DL,Old
GTEX-11OC5-0526-SM-5N9EE,Old
GTEX-XYKS-1426-SM-4BRUO,Old
GTEX-145LS-0426-SM-5LU8M,Old
GTEX-13YAN-0426-SM-5O9DR,Old
GTEX-VJYA-0526-SM-4KL1R,Old
GTEX-1A8G6-1726-SM-73KXZ,Old
GTEX-1EU9M-2926-SM-793DF,Old
GTEX-1BAJH-0426-SM-73KWY,Old
GTEX-13S7M-2126-SM-5S2QR,Old
GTEX-N7MS-1626-SM-3LK5F,Old
GTEX-P4QS-0326-SM-2I3EU,Old
GTEX-18QFQ-0526-SM-718AV,Young
GTEX-VJYA-0001-SM-3NMDJ,Old
GTEX-ZDXO-0006-SM-4WKGF,Old
GTEX-XYKS-2726-SM-4E3IC,Old
GTEX-1211K-0626-SM-5FQUZ,Old
GTEX-12696-3026-SM-5FQTU,Old
GTEX-ZDTT-0426-SM-4WKFL,Old
GTEX-ZYFG-1826-SM-5GZWX,Old
GTEX-132Q8-0526-SM-5IJBQ,Old
GTEX-117XS-3126-SM-5GIDP,Old
GTEX-POMQ-0626-SM-3P61E,Young
GTEX-ZDXO-2126-SM-4WKFI,Old
GTEX-U3ZN-2526-SM-3DB7V,Young
GTEX-17JCI-2926-SM-7DUFF,Old
GTEX-12ZZY-0226-SM-5LZVE,Old
GTEX-12ZZZ-1226-SM-59HK1,Old
GTEX-QVJO-1626-SM-2S1QW,Old
GTEX-ZDXO-0011-R8a-SM-4WWD7,Old
GTEX-13NYS-0426-SM-5MR4X,Old
GTEX-15G19-2126-SM-6M48J,Old
GTEX-11DYG-1526-SM-5A5JS,Old
GTEX-16XZY-2126-SM-79OK1,Old
GTEX-S4Z8-0726-SM-4GICB,Old
GTEX-1EMGI-0826-SM-7EPHY,Old
GTEX-OXRO-0011-R2A-SM-3NB1W,Old
GTEX-12ZZY-3026-SM-5GCOU,Old
GTEX-13OW8-0011-R6b-SM-5L3I3,Old
GTEX-12WSD-3126-SM-5HL7P,Old
GTEX-13CF3-1926-SM-5K7WF,Old
GTEX-OOBJ-2026-SM-3NB1R,Old
GTEX-17MFQ-0626-SM-793A7,Young
GTEX-1399S-2726-SM-5KM22,Young
GTEX-14ASI-0826-SM-5Q5EB,Old
GTEX-ZP4G-1226-SM-4WWCJ,Young
GTEX-148VI-1026-SM-5TDDJ,Old
GTEX-RVPV-0011-R5A-SM-2TF69,Old
GTEX-NL3G-0008-SM-4E3JX,Old
GTEX-1269C-1826-SM-5N9E1,Old
GTEX-147JS-0426-SM-5TDD2,Old
GTEX-15DCZ-2826-SM-6EU2J,Young
GTEX-183WM-0726-SM-7LTAA,Old
GTEX-XLM4-2926-SM-4AT59,Old
GTEX-16A39-1026-SM-6LPJU,Young
GTEX-13CF3-0426-SM-5IJEU,Old
GTEX-1A8G6-0726-SM-73KV5,Old
GTEX-RU1J-1326-SM-46MUL,Young
GTEX-145MO-2826-SM-5LU96,Old
GTEX-14A5H-0626-SM-5TDCO,Old
GTEX-11EM3-0326-SM-5A5KJ,Young
GTEX-12C56-2026-SM-5FQSI,Young
GTEX-WQUQ-1326-SM-3MJFF,Old
GTEX-Y9LG-0001-SM-4VBRQ,Young
GTEX-13PL7-1826-SM-5IJDV,Old
GTEX-14JIY-0526-SM-62LFH,Old
GTEX-1399S-0526-SM-5IJG8,Young
GTEX-13X6I-0011-R2b-SM-5PNWQ,Old
GTEX-13S7M-0005-SM-5NQ76,Old
GTEX-12BJ1-1026-SM-5EGJA,Old
GTEX-13FHO-3026-SM-5J1O9,Old
GTEX-139UW-0226-SM-5K7WU,Old
GTEX-13O3O-0126-SM-5KM4E,Old
GTEX-17GQL-1926-SM-718B9,Old
GTEX-NPJ7-0011-R1a-SM-3GACT,Old
GTEX-1EWIQ-0426-SM-793D4,Old
GTEX-ZZ64-1126-SM-5GZXY,Young
GTEX-13N1W-0426-SM-5MR46,Old
GTEX-14C5O-2626-SM-5RQI5,Old
GTEX-11EMC-3326-SM-5P9JH,Old
GTEX-X4XY-0011-R6B-SM-46MVB,Old
GTEX-1CB4F-1426-SM-793DA,Old
GTEX-11ZUS-0326-SM-5EQ4W,Young
GTEX-111YS-0126-SM-5987T,Old
GTEX-1AX8Z-0126-SM-7DHM6,Old
GTEX-1122O-0726-SM-5GIEV,Old
GTEX-13SLW-0011-R5b-SM-5SI6Z,Old
GTEX-16Z82-0011-R10a-SM-79OJX,Old
GTEX-15SHV-2526-SM-6PAMG,Old
GTEX-1B8L1-2826-SM-793D2,Old
GTEX-1EU9M-1626-SM-7EWF2,Old
GTEX-11ZUS-0011-R9b-SM-5BC76,Young
GTEX-1CAMR-1726-SM-793CU,Young
GTEX-13OW5-0011-R4b-SM-5L3HS,Old
GTEX-11ZUS-2726-SM-5FQUA,Young
GTEX-1AX8Z-1526-SM-73KW1,Old
GTEX-ZTX8-0526-SM-59HLD,Young
GTEX-S33H-1226-SM-4AD69,Young
GTEX-139TU-1326-SM-5LZXW,Old
GTEX-12126-0326-SM-5PNW3,Young
GTEX-RWS6-0626-SM-2XCAS,Old
GTEX-17JCI-0726-SM-7EPH1,Old
GTEX-13O3O-1526-SM-5KM1C,Old
GTEX-13OVH-0011-R8b-SM-5MR35,Old
GTEX-14BIM-0326-SM-5SI9B,Old
GTEX-1C64O-0326-SM-73KVW,Old
GTEX-ZF28-2526-SM-57WFH,Old
GTEX-ZPCL-2426-SM-57WFP,Old
GTEX-17EUY-0526-SM-7EWDE,Young
GTEX-1AX9I-2226-SM-73KUO,Old
GTEX-P4PQ-0526-SM-2HMKR,Old
GTEX-1C64O-1126-SM-7IGMY,Old
GTEX-ZF28-0011-R11a-SM-4WWEI,Old
GTEX-18D9B-1726-SM-7LTAP,Old
GTEX-14PN3-0126-SM-6AJAU,Old
GTEX-X4XX-1126-SM-3NMBY,Old
GTEX-12C56-0008-SM-5TDC1,Young
GTEX-XBED-0726-SM-4GIAR,Old
GTEX-146FQ-0426-SM-5NQBA,Young
GTEX-132QS-2526-SM-62LFJ,Old
GTEX-132Q8-0011-R5a-SM-5IJDM,Old
GTEX-QV31-1626-SM-2S1QC,Young
GTEX-1122O-1426-SM-5H11R,Old
GTEX-V955-1726-SM-4JBHF,Old
GTEX-133LE-1326-SM-5IFGO,Young
GTEX-11DXY-3126-SM-5N9BT,Old
GTEX-O5YV-0626-SM-3LK64,Old
GTEX-14B4R-1026-SM-5TDDS,Young
GTEX-P4QS-2126-SM-3NMCF,Old
GTEX-14JG6-2126-SM-6EU2F,Young
GTEX-17F9Y-0826-SM-7LG52,Old
GTEX-X4EO-0426-SM-4QASA,Old
GTEX-XYKS-0926-SM-4BRVG,Old
GTEX-13S7M-0011-R7a-SM-5O9DK,Old
GTEX-U3ZN-2326-SM-3DB7W,Young
GTEX-U8XE-0005-SM-3DB8I,Young
GTEX-XBED-1326-SM-4AT4F,Old
GTEX-11NV4-0011-R7a-SM-57WDH,Old
GTEX-14XAO-0226-SM-68728,Old
GTEX-R55E-1026-SM-2TC5S,Young
GTEX-U3ZN-0006-SM-3DB7Y,Young
GTEX-13NZA-0011-R9b-SM-5MR5I,Old
GTEX-145MN-1726-SM-5SIA6,Young
GTEX-YECK-0626-SM-4W1ZE,Old
GTEX-ZPCL-0126-SM-4WWC8,Old
GTEX-18D9A-1026-SM-7KFRU,Young
GTEX-T5JC-0008-SM-4DM6A,Young
GTEX-13PVR-0826-SM-5S2PV,Old
GTEX-13W3W-2026-SM-5K7UL,Old
GTEX-13FTZ-0126-SM-5K7V3,Old
GTEX-183FY-0626-SM-79OKR,Young
GTEX-ZTPG-0006-SM-4YCFG,Young
GTEX-ZF29-0006-SM-4WKGQ,Old
GTEX-SNMC-0226-SM-4DM6F,Young
GTEX-12ZZY-0426-SM-5LZW3,Old
GTEX-X4EO-2426-SM-4QASD,Old
GTEX-ZYW4-1426-SM-5SIAX,Old
GTEX-13OW8-2826-SM-5L3GC,Old
GTEX-PW2O-1726-SM-2S1OO,Young
GTEX-V955-0426-SM-3GAEL,Old
GTEX-WFJO-0926-SM-4LVM2,Young
GTEX-XBED-1626-SM-47JYN,Old
GTEX-13SLW-2526-SM-62LDQ,Old
GTEX-11P7K-0426-SM-5BC5H,Young
GTEX-Y5V6-0005-SM-4V6FD,Old
GTEX-P4PQ-2626-SM-33HC9,Old
GTEX-11ZTS-0008-SM-5S2VC,Old
GTEX-UTHO-0011-R4A-SM-3GIJP,Old
GTEX-17JCI-2626-SM-7EWE6,Old
GTEX-17JCI-1626-SM-7EPGZ,Old
GTEX-XMD1-0011-R6A-SM-4AT5K,Old
GTEX-1AX9J-1926-SM-73KUM,Old
GTEX-13FHO-0011-R1b-SM-5KLZG,Old
GTEX-XOT4-0426-SM-4B66T,Old
GTEX-XBED-0126-SM-47JY7,Old
GTEX-117XS-0426-SM-5GZZN,Old
GTEX-13JVG-0011-R11a-SM-5KM53,Old
GTEX-QEG4-1126-SM-2S1P7,Young
GTEX-15G19-0226-SM-6PAL2,Old
GTEX-U3ZN-2026-SM-4DXUC,Young
GTEX-145MN-0126-SM-5RQHY,Young
GTEX-SNMC-1226-SM-2XCFP,Young
GTEX-1CB4J-0726-SM-7IGN8,Old
GTEX-1A3MX-3126-SM-731FR,Old
GTEX-17JCI-0126-SM-7LG5G,Old
GTEX-1314G-2026-SM-5LZUM,Young
GTEX-ZE9C-2726-SM-57WB5,Old
GTEX-139UW-2326-SM-5KM1Y,Old
GTEX-ZDTT-0008-SM-4E3K5,Old
GTEX-13FTX-0226-SM-5K7TX,Young
GTEX-11EMC-0726-SM-5EGJO,Old
GTEX-Y5V6-2226-SM-4VDTC,Old
GTEX-1EWIQ-2526-SM-7EPIJ,Old
GTEX-13SLW-0011-R3b-SM-5SI6Y,Old
GTEX-13113-0726-SM-5LZUF,Old
GTEX-1399T-0011-R6b-SM-5K7YL,Old
GTEX-U8XE-0226-SM-4E3J3,Young
GTEX-PX3G-2626-SM-2I3EG,Young
GTEX-14PII-0826-SM-6871S,Old
GTEX-14PJN-1626-SM-68727,Young
GTEX-ZZ64-0726-SM-5GZX4,Young
GTEX-139TU-0326-SM-62LFK,Old
GTEX-P4QS-0005-SM-2I3EY,Old
GTEX-ZYT6-0426-SM-5GID3,Young
GTEX-ZE9C-0011-R4a-SM-4WKH6,Old
GTEX-16MT8-1626-SM-7EWDW,Old
GTEX-XLM4-3126-SM-4AT6M,Old
GTEX-TSE9-0626-SM-3DB8B,Old
GTEX-RTLS-0726-SM-46MV4,Old
GTEX-132QS-0001-SM-62LDA,Old
GTEX-16GPK-0126-SM-7DHLE,Old
GTEX-18A6Q-0011-R6a-SM-7LG6R,Old
GTEX-14JIY-1326-SM-6AJB3,Old
GTEX-14E6E-1926-SM-664N4,Young
GTEX-1122O-1126-SM-5NQ8X,Old
GTEX-ZYY3-1226-SM-5EQKM,Old
GTEX-13SLW-0126-SM-5SI6C,Old
GTEX-15ER7-2326-SM-7KUN3,Young
GTEX-145MI-0426-SM-5O99V,Old
GTEX-12WSD-3226-SM-5HL9G,Old
GTEX-18D9A-2026-SM-718BL,Young
GTEX-ZYW4-0926-SM-59HJS,Old
GTEX-ZYFG-2526-SM-5GIEK,Old
GTEX-132QS-0326-SM-5IJFN,Old
GTEX-WRHK-1026-SM-4MVOD,Young
GTEX-15CHC-1326-SM-6LLJA,Old
GTEX-144GM-0226-SM-5Q5CB,Young
GTEX-1B996-1626-SM-7DHLZ,Old
GTEX-133LE-1726-SM-5K7VQ,Young
GTEX-XOT4-0626-SM-4B66L,Old
GTEX-TSE9-0011-R7A-SM-3DB7P,Old
GTEX-16YQH-0011-R6b-SM-7938T,Young
GTEX-XBED-0526-SM-47JY3,Old
GTEX-11ZU8-0011-R3a-SM-5BC6U,Old
GTEX-13X6K-0011-R4b-SM-5P9HO,Old
GTEX-1477Z-2226-SM-5QGPG,Old
GTEX-11ZU8-1526-SM-5EGHX,Old
GTEX-QDT8-0011-R1A-SM-32PKS,Young
GTEX-QLQ7-0826-SM-447B3,Old
GTEX-17F96-2826-SM-7IGP3,Old
GTEX-POYW-1326-SM-48TCG,Old
GTEX-T5JW-0326-SM-4DM6J,Young
GTEX-13OVG-2326-SM-5J1OV,Old
GTEX-VJYA-1726-SM-3NMDQ,Old
GTEX-13PVR-2326-SM-5QGR1,Old
GTEX-111VG-1926-SM-5GIDO,Old
GTEX-11NSD-1026-SM-5N9BE,Young
GTEX-14DAQ-1126-SM-664MT,Old
GTEX-13OW8-1826-SM-5L3H1,Old
GTEX-T5JC-1826-SM-4DM6E,Young
GTEX-QDT8-0011-R11A-SM-32PKD,Young
GTEX-139TT-0126-SM-5K7Y5,Old
GTEX-1A3MX-1026-SM-731F8,Old
GTEX-11LCK-1326-SM-5Q5AN,Young
GTEX-13O61-1926-SM-5KM1R,Old
GTEX-14JIY-1126-SM-6EU28,Old
GTEX-13NZ8-0326-SM-5L3DF,Old
GTEX-ZZ64-0926-SM-5E44L,Young
GTEX-1211K-0126-SM-59HJE,Old
GTEX-13PL7-2026-SM-5IFGK,Old
GTEX-13X6K-2226-SM-79OMI,Old
GTEX-11ZTS-1126-SM-5LU9X,Old
GTEX-11EM3-0005-SM-5N9DK,Young
GTEX-ZP4G-2226-SM-57WFB,Young
GTEX-ZYW4-1226-SM-5E45B,Old
GTEX-139TS-0126-SM-5K7XJ,Old
GTEX-ZE9C-2826-SM-5S2MO,Old
GTEX-OOBJ-0326-SM-33HBO,Old
GTEX-12WSD-2926-SM-5LZUH,Old
GTEX-14PJ6-1226-SM-6LLHJ,Old
GTEX-1212Z-0008-SM-5TDBW,Old
GTEX-XYKS-1026-SM-4BRVH,Old
GTEX-13X6I-0011-R11a-SM-5P9HN,Old
GTEX-13N1W-1926-SM-5IJCH,Old
GTEX-14PJ4-1626-SM-664OB,Old
GTEX-13QJC-0011-R1b-SM-5S2UU,Old
GTEX-14DAQ-3226-SM-664OI,Old
GTEX-T2IS-1126-SM-4DM6Z,Young
GTEX-1C6VR-0005-SM-7MKF7,Old
GTEX-13FTX-2026-SM-5L3D6,Young
GTEX-11ONC-0008-SM-5S2MG,Old
GTEX-1EU9M-1426-SM-793AI,Old
GTEX-11DXY-0008-SM-5QGR4,Old
GTEX-14E7W-1126-SM-5ZZVS,Old
GTEX-ZE9C-0006-SM-4WKG2,Old
GTEX-13FHO-0826-SM-5L3E8,Old
GTEX-144GO-0126-SM-5LUAO,Old
GTEX-QEG4-0626-SM-2S1OY,Young
GTEX-14PHY-0626-SM-664NN,Old
GTEX-144GM-0926-SM-5O994,Young
GTEX-13S7M-0011-R11b-SM-5P9HU,Old
GTEX-111YS-0826-SM-5GZYK,Old
GTEX-11GSP-0011-R7b-SM-57WC3,Old
GTEX-12696-0005-SM-5LZYS,Old
GTEX-14B4R-0126-SM-5TDE4,Young
GTEX-13113-1526-SM-5EGHV,Old
GTEX-1C64O-2526-SM-79ONO,Old
GTEX-111YS-2126-SM-5EGGM,Old
GTEX-13NYC-0826-SM-5N9FP,Old
GTEX-1399S-2126-SM-5J2MH,Young
GTEX-UTHO-0006-SM-3NMCC,Old
GTEX-1CB4F-0226-SM-7EPHS,Old
GTEX-1C4CL-0726-SM-7IGP9,Young
GTEX-18A7B-2826-SM-7KFTK,Old
GTEX-ZDXO-0326-SM-4WKHJ,Old
GTEX-X4EP-0326-SM-3P5Z6,Old
GTEX-S95S-1026-SM-4B64M,Old
GTEX-17EVQ-2726-SM-7EWDT,Old
GTEX-16Z82-1026-SM-6M48A,Old
GTEX-QEG5-0426-SM-2I5GJ,Young
GTEX-1B996-2326-SM-731EC,Old
GTEX-OXRP-0326-SM-33HBJ,Old
GTEX-12696-1226-SM-5FQSM,Old
GTEX-X4EO-1026-SM-4QARP,Old
GTEX-R45C-1226-SM-48FEE,Old
GTEX-XYKS-1326-SM-4BRUN,Old
GTEX-132Q8-1126-SM-5K7XS,Old
GTEX-14BMU-1326-SM-5RQIH,Young
GTEX-YJ89-0011-R8b-SM-4SOK8,Old
GTEX-14DAQ-0926-SM-793AZ,Old
GTEX-18A66-0426-SM-718BF,Old
GTEX-ZTPG-2626-SM-57WFX,Young
GTEX-11ZTT-2626-SM-5EQKK,Old
GTEX-15G19-0011-R9b-SM-7KUEE,Old
GTEX-1AX9J-0626-SM-72D7L,Old
GTEX-WFG7-2326-SM-3GIKV,Young
GTEX-12KS4-1126-SM-5FQUI,Young
GTEX-14DAQ-1426-SM-5RQJD,Old
GTEX-13NYS-3126-SM-5KLYV,Old
GTEX-11TTK-0326-SM-5BC5N,Old
GTEX-1AMEY-0326-SM-72D5T,Young
GTEX-S33H-0726-SM-4AD6M,Young
GTEX-13RTJ-0326-SM-5YYAE,Old
GTEX-11TUW-0011-R5b-SM-5BC6Q,Old
GTEX-14A6H-0006-SM-5NQ7W,Young
GTEX-17JCI-0326-SM-7LG5H,Old
GTEX-RU1J-0008-SM-46MV9,Young
GTEX-12C56-1826-SM-5EQ6D,Young
GTEX-1AX8Z-2326-SM-731CR,Old
GTEX-QDT8-1326-SM-48TYY,Young
GTEX-13PL7-0326-SM-5IJEK,Old
GTEX-15SHW-0226-SM-7LTAT,Old
GTEX-14DAQ-2226-SM-5YYAD,Old
GTEX-13G51-0011-R1a-SM-5LZYR,Old
GTEX-U8T8-2226-SM-3DB95,Old
GTEX-Y8DK-0011-R7A-SM-4SOJZ,Old
GTEX-13N1W-0126-SM-5K7VT,Old
GTEX-139TU-1426-SM-5LZY9,Old
GTEX-OXRO-0011-R10A-SM-2I5EH,Old
GTEX-14DAQ-0626-SM-793DS,Old
GTEX-11OC5-0626-SM-5HL6M,Old
GTEX-11GS4-0008-SM-5QGRA,Old
GTEX-QLQW-1026-SM-447A9,Young
GTEX-REY6-1326-SM-48FDO,Old
GTEX-1399R-1826-SM-5J2M9,Young
GTEX-ZTX8-1226-SM-4YCE9,Young
GTEX-14JG6-1626-SM-5YYBC,Young
GTEX-11DYG-2926-SM-5H132,Old
GTEX-15DYW-0011-R11a-SM-6LPIT,Old
GTEX-1CB4F-1526-SM-7MKFM,Old
GTEX-WFG8-2226-SM-3GIL9,Young
GTEX-XYKS-0426-SM-4BRW4,Old
GTEX-14PKV-1926-SM-686YU,Young
GTEX-13YAN-0626-SM-5O9BQ,Old
GTEX-ZTX8-0726-SM-59HL9,Young
GTEX-13NZ8-0926-SM-5MR3U,Old
GTEX-1477Z-0326-SM-7IGLA,Old
GTEX-13NZ8-0826-SM-5MR3I,Old
GTEX-17GQL-1626-SM-7LG69,Old
GTEX-WHSE-0011-R1A-SM-3P5ZK,Young
GTEX-ZTPG-2326-SM-57WFL,Young
GTEX-14LLW-0011-R3b-SM-62LFW,Old
GTEX-N7MS-0008-SM-4E3JI,Old
GTEX-14PJO-2826-SM-6AJA6,Old
GTEX-1399T-0011-R5b-SM-5IJDK,Old
GTEX-11GSP-1126-SM-5A5LM,Old
GTEX-SJXC-0005-SM-2XCE7,Old
GTEX-14PKV-0626-SM-6AJA2,Young
GTEX-14BMU-1026-SM-5RQJ5,Young
GTEX-ZE9C-1326-SM-5S2OW,Old
GTEX-183WM-0011-R1a-SM-718A8,Old
GTEX-1A3MX-0011-R7a-SM-7DUEM,Old
GTEX-13O61-2426-SM-5J1NV,Old
GTEX-13OW8-0326-SM-5L3FB,Old
GTEX-17GQL-0526-SM-72D5N,Old
GTEX-1B996-3026-SM-7MKG8,Old
GTEX-O5YV-1126-SM-3LK73,Old
GTEX-12WSE-1126-SM-7DUEH,Young
GTEX-12BJ1-1826-SM-5HL9N,Old
GTEX-ZLV1-0126-SM-4WWBZ,Old
GTEX-X4XX-2926-SM-3NMB1,Old
GTEX-13X6I-1826-SM-5SIAO,Old
GTEX-S33H-2226-SM-5S2UF,Young
GTEX-ZWKS-0326-SM-5NQ7G,Young
GTEX-ZTX8-0326-SM-59HLA,Young
GTEX-17EVQ-0011-R6a-SM-7189U,Old
GTEX-QLQ7-1326-SM-4R1JY,Old
GTEX-132QS-0626-SM-62LFM,Old
GTEX-ZTPG-0826-SM-5DUVC,Young
GTEX-XMD2-0926-SM-4WWEF,Old
GTEX-139D8-1626-SM-5IJFZ,Young
GTEX-ZLV1-0826-SM-4WWEQ,Old
GTEX-QEG4-0326-SM-5S2UQ,Young
GTEX-12126-0008-SM-5S2UC,Young
GTEX-V955-2426-SM-3GAEF,Old
GTEX-111FC-0526-SM-5GZZ8,Old
GTEX-132QS-1226-SM-5P9GD,Old
GTEX-139UW-1126-SM-5IJEJ,Old
GTEX-11EI6-2826-SM-5H11D,Old
GTEX-14C5O-0005-SM-5P9ER,Old
GTEX-N7MT-0011-R1a-SM-5SI7S,Old
GTEX-ZVT3-0526-SM-5GIE9,Old
GTEX-NL3H-0011-R7a-SM-2I3G5,Old
GTEX-ZQUD-1226-SM-51MSP,Young
GTEX-TSE9-2726-SM-4DXSQ,Old
GTEX-146FQ-0926-SM-5LUAV,Young
GTEX-11ZTS-1226-SM-5EQMQ,Old
GTEX-18A7B-1526-SM-7KFTH,Old
GTEX-ZVTK-0726-SM-5GZX6,Young
GTEX-1C6VR-2426-SM-79OLD,Old
GTEX-WFJO-0426-SM-4LVM7,Young
GTEX-QEG5-0926-SM-2TC64,Young
GTEX-16XZY-0726-SM-79OMU,Old
GTEX-QLQ7-0926-SM-447BC,Old
GTEX-139T8-0426-SM-5K7VC,Old
GTEX-1C6VR-0426-SM-7IGN6,Old
GTEX-11DYG-1326-SM-5N9DO,Old
GTEX-16MT8-0326-SM-6PAM5,Old
GTEX-WQUQ-2126-SM-4OOSO,Old
GTEX-13G51-3226-SM-5IFG7,Old
GTEX-ZZ64-0126-SM-5GZXA,Young
GTEX-13N1W-1026-SM-5IJC5,Old
GTEX-ZQG8-0326-SM-51MSE,Old
GTEX-WFG8-1926-SM-4LVM1,Young
GTEX-N7MT-0011-R5a-SM-2I3G6,Old
GTEX-11EMC-1926-SM-5A5JU,Old
GTEX-X4EP-1026-SM-4QAS5,Old
GTEX-ZVT3-0926-SM-5GICK,Old
GTEX-O5YV-0008-SM-4E3HP,Old
GTEX-11TT1-1126-SM-5P9GV,Young
GTEX-13QJC-0826-SM-5RQKC,Old
GTEX-18A66-1326-SM-7LG4M,Old
GTEX-YJ89-0011-R9a-SM-4SOK7,Old
GTEX-11EQ9-1026-SM-5H134,Young
GTEX-ZZ64-0626-SM-5GZWR,Young
GTEX-11GS4-2026-SM-5N9CP,Old
GTEX-144GO-0011-R5a-SM-5PNUR,Old
GTEX-139TU-0826-SM-5IJFG,Old
GTEX-15DYW-2626-SM-6LPK7,Old
GTEX-1CB4E-1726-SM-7IGMS,Old
GTEX-14LLW-0011-R5b-SM-5ZZU6,Old
GTEX-U3ZN-0008-SM-4DXTL,Young
GTEX-ZDXO-3026-SM-5J1N5,Old
GTEX-15G19-0626-SM-6M474,Old
GTEX-183FY-0426-SM-7MKGK,Young
GTEX-VUSH-0004-SM-3P61T,Young
GTEX-11EQ9-1726-SM-5HL6U,Young
GTEX-13FHO-0011-R7b-SM-5LZXD,Old
GTEX-1A8G7-1226-SM-73KYP,Old
GTEX-REY6-1726-SM-48FDL,Old
GTEX-13O61-1226-SM-5KM21,Old
GTEX-P4QS-2026-SM-3NMCG,Old
GTEX-148VI-0826-SM-5TDDI,Old
GTEX-1399T-1226-SM-5P9J5,Old
GTEX-1AX9J-1826-SM-731FM,Old
GTEX-183FY-1126-SM-7DHLJ,Young
GTEX-145MN-2226-SM-5SIAU,Young
GTEX-11GS4-2126-SM-5A5KR,Old
GTEX-RWS6-1026-SM-47JXD,Old
GTEX-14ICL-0126-SM-664NG,Young
GTEX-ZYFG-1726-SM-5GZZB,Old
GTEX-XLM4-3026-SM-4AT6L,Old
GTEX-1399S-0008-SM-62LDF,Young
GTEX-18A7B-2626-SM-7LG55,Old
GTEX-13CF2-2026-SM-5K7VI,Old
GTEX-14B4R-0326-SM-5TDDP,Young
GTEX-VJYA-0426-SM-3GIJK,Old
GTEX-139TU-1126-SM-5J1NY,Old
GTEX-WFJO-0326-SM-3GIL3,Young
GTEX-1269C-3226-SM-5EGKT,Old
GTEX-12126-0011-R10b-SM-5BC6T,Young
GTEX-111FC-2026-SM-5GZYO,Old
GTEX-11P7K-0526-SM-5BC5I,Young
GTEX-11ZU8-0011-R4a-SM-5BC6Y,Old
GTEX-PWCY-0926-SM-48TD7,Young
GTEX-11GS4-0826-SM-5986J,Old
GTEX-14BMU-0126-SM-5S2Q9,Young
GTEX-11NSD-0526-SM-5A5LT,Young
GTEX-V955-0326-SM-4JBGV,Old
GTEX-12ZZZ-0226-SM-59HKU,Old
GTEX-1C6VS-3026-SM-79OLA,Old
GTEX-11DXX-0926-SM-5H112,Old
GTEX-111FC-3326-SM-5GZYV,Old
GTEX-11GSP-2226-SM-5HL5Q,Old
GTEX-P4QS-1326-SM-3NMCD,Old
GTEX-Y9LG-2326-SM-4VDS1,Young
GTEX-WQUQ-1626-SM-4OOSH,Old
GTEX-14PJ4-1326-SM-5ZZVM,Old
GTEX-11ZU8-0126-SM-5EQ58,Old
GTEX-14LLW-0526-SM-62LFB,Old
GTEX-TSE9-0011-R6A-SM-3DB7L,Old
GTEX-13FTZ-0526-SM-5IJCW,Old
GTEX-16BQI-2026-SM-7KULQ,Young
GTEX-11EQ9-2226-SM-5987H,Young
GTEX-1477Z-0011-R10b-SM-5S2RF,Old
GTEX-Y8DK-0004-SM-4RGM7,Old
GTEX-13PL7-0005-SM-5N9ET,Old
GTEX-13NYC-0126-SM-5L3F4,Old
GTEX-P4QS-1826-SM-2S1NI,Old
GTEX-111YS-1226-SM-5EGGJ,Old
GTEX-13PVR-1426-SM-5S2PW,Old
GTEX-U8T8-1226-SM-4E3IH,Old
GTEX-11ONC-0005-SM-5O9CY,Old
GTEX-XUZC-2026-SM-4BRW9,Young
GTEX-1212Z-2926-SM-59HKV,Old
GTEX-RTLS-0006-SM-2TF58,Old
GTEX-U3ZN-0626-SM-3DB7U,Young
GTEX-1AMEY-1926-SM-73KVT,Young
GTEX-XQ3S-1626-SM-4WAYN,Young
GTEX-14753-2426-SM-5LU8U,Old
GTEX-14PKV-1526-SM-664O2,Young
GTEX-146FQ-0126-SM-5NQA9,Young
GTEX-12KS4-2126-SM-5FQUT,Young
GTEX-WHSE-0011-R3A-SM-3P5ZM,Young
GTEX-15G19-0011-R3a-SM-6LPIG,Old
GTEX-145MN-1426-SM-5SI9H,Young
GTEX-Y9LG-0426-SM-4VBRT,Young
GTEX-SNMC-1326-SM-2XCFK,Young
GTEX-139D8-2326-SM-5IFGE,Young
GTEX-X4XX-0011-R3B-SM-46MWK,Old
GTEX-1C6VR-1126-SM-7EPHD,Old
GTEX-14LLW-3026-SM-6EU1O,Old
GTEX-14JIY-3326-SM-6871E,Old
GTEX-14JIY-0011-R11b-SM-62LE8,Old
GTEX-14ICL-1626-SM-5YYAO,Young
GTEX-XOT4-1426-SM-4B65T,Old
GTEX-15SKB-0326-SM-6M477,Old
GTEX-NL3G-0226-SM-4RGLU,Old
GTEX-16Z82-0126-SM-7DHLF,Old
GTEX-15ER7-0011-R6a-SM-6M46M,Young
GTEX-T5JW-0003-SM-3NMAD,Young
GTEX-17GQL-0005-SM-7MKF4,Old
GTEX-14PJ5-0226-SM-5YY99,Old
GTEX-TSE9-0526-SM-3DB7Z,Old
GTEX-16XZY-2326-SM-7EWDD,Old
GTEX-146FR-1526-SM-5SIB8,Old
GTEX-146FR-0926-SM-5QGPE,Old
GTEX-11ZTS-1026-SM-5LU8O,Old
GTEX-YECK-1226-SM-4W21G,Old
GTEX-11NV4-2326-SM-5BC4X,Old
GTEX-N7MS-0011-R4a-SM-2HMKW,Old
GTEX-RU1J-0006-SM-2TF6M,Young
GTEX-1A3MW-0326-SM-731EF,Old
GTEX-13CF2-3226-SM-5IFF6,Old
GTEX-15DYW-2026-SM-6AJBD,Old
GTEX-QDT8-0008-SM-48U2F,Young
GTEX-13N2G-0726-SM-5MR38,Old
GTEX-YECK-0526-SM-4W1ZD,Old
GTEX-QVJO-0011-R10A-SM-2S1QJ,Old
GTEX-TSE9-3126-SM-4DXSY,Old
GTEX-1211K-1426-SM-5FQTF,Old
GTEX-RVPV-0011-R11A-SM-2TF6F,Old
GTEX-11ZTS-0526-SM-5CVL9,Old
GTEX-13FTX-1826-SM-5J1NX,Young
GTEX-13OVI-2426-SM-5KM4J,Old
GTEX-ZPCL-0004-SM-4WWD6,Old
GTEX-ZU9S-1926-SM-5NQBP,Young
GTEX-17F96-2726-SM-7LT9F,Old
GTEX-11DYG-0006-SM-5NQB2,Old
GTEX-1AMEY-0826-SM-72D65,Young
GTEX-13QJC-0011-R2b-SM-5PNUN,Old
GTEX-UTHO-1826-SM-3GAFE,Old
GTEX-ZYT6-0526-SM-5GIEA,Young
GTEX-13113-1226-SM-5EGHT,Old
GTEX-146FQ-0626-SM-5LU9U,Young
GTEX-132QS-1426-SM-5P9GE,Old
GTEX-13OVI-1226-SM-5J2ME,Old
GTEX-ZYT6-2726-SM-5GICP,Young
GTEX-1A3MV-0726-SM-72D5M,Young
GTEX-11DXX-2526-SM-5H119,Old
GTEX-14BIM-0011-R11b-SM-5S2RN,Old
GTEX-13S7M-1726-SM-5RQK3,Old
GTEX-WFG7-1626-SM-4LVMF,Young
GTEX-N7MS-0011-R11A-SM-2HMJS,Old
GTEX-SJXC-2026-SM-4DM6N,Old
GTEX-1A3MX-0826-SM-72D64,Old
GTEX-11OF3-0011-R6b-SM-57WBG,Old
GTEX-RTLS-0326-SM-2TF6A,Old
GTEX-16XZY-0926-SM-7938M,Old
GTEX-13OVG-0626-SM-5IFEP,Old
GTEX-T5JC-2526-SM-4DM6G,Young
GTEX-147JS-1026-SM-5S2MP,Old
GTEX-U412-0526-SM-3DB9I,Old
GTEX-12696-0002-SM-5SI6U,Old
GTEX-ZF29-1126-SM-4WKGO,Old
GTEX-13QJC-2526-SM-7DHKJ,Old
GTEX-131YS-2026-SM-5P9J8,Old
GTEX-14PHY-0526-SM-664NM,Old
GTEX-13JVG-0926-SM-5IJE1,Old
GTEX-131XF-0008-SM-664MH,Old
GTEX-QDT8-0926-SM-32PL2,Young
GTEX-17EVQ-0626-SM-7KFTB,Old
GTEX-QVJO-1426-SM-2S1QY,Old
GTEX-13RTK-1426-SM-5QGQJ,Young
GTEX-ZPCL-2126-SM-57WFZ,Old
GTEX-11EQ9-0126-SM-5986I,Young
GTEX-14DAQ-2926-SM-664MV,Old
GTEX-ZDTT-2426-SM-4WKFX,Old
GTEX-ZF29-2026-SM-4WWB7,Old
GTEX-14JIY-0011-R1a-SM-68713,Old
GTEX-13JVG-0526-SM-5IJBN,Old
GTEX-13JVG-1426-SM-5MR4W,Old
GTEX-RVPV-1726-SM-5SI8C,Old
GTEX-14PJO-0626-SM-6LLHH,Old
GTEX-183FY-1226-SM-7DHLK,Young
GTEX-11P7K-1326-SM-5BC5G,Young
GTEX-U3ZH-0008-SM-4DXT2,Young
GTEX-14PK6-0726-SM-6LLIX,Old
GTEX-16YQH-0011-R10b-SM-7LT8U,Young
GTEX-131YS-0726-SM-5P9G9,Old
GTEX-S33H-2326-SM-2XCB3,Young
GTEX-1117F-0226-SM-5GZZ7,Old
GTEX-11DYG-2526-SM-5N9BB,Old
GTEX-X4EP-0011-R9B-SM-4QASI,Old
GTEX-Y8DK-0011-R5B-SM-4RTW6,Old
GTEX-139D8-0726-SM-5P9GJ,Young
GTEX-13VXT-0126-SM-5LU4I,Young
GTEX-1EMGI-2626-SM-7IGNR,Old
GTEX-13SLW-2926-SM-5Q5BQ,Old
GTEX-111YS-2026-SM-5EGGL,Old
GTEX-NL3H-0011-R6a-SM-2I3G8,Old
GTEX-1C6VS-0826-SM-7EWEI,Old
GTEX-ZTPG-2026-SM-5O999,Young
GTEX-11ZTS-1526-SM-5N9G7,Old
GTEX-QEG5-0006-SM-2I5FZ,Young
GTEX-PWCY-2126-SM-48TEC,Young
GTEX-11EI6-2426-SM-5PNVS,Old
GTEX-14BMU-0926-SM-5S2QB,Young
GTEX-13G51-0526-SM-5IJCQ,Old
GTEX-146FQ-1526-SM-5Q5CX,Young
GTEX-14DAQ-1026-SM-793B1,Old
GTEX-139UW-0011-R11a-SM-5IJGN,Old
GTEX-13OW8-0126-SM-5IJE5,Old
GTEX-QEG4-1226-SM-2S1P6,Young
GTEX-14PII-0426-SM-6LLIR,Old
GTEX-13YAN-1026-SM-5O9CF,Old
GTEX-12WSF-1526-SM-6PAN6,Old
GTEX-Y9LG-0926-SM-4VDS6,Young
GTEX-11OF3-1326-SM-5N9FJ,Old
GTEX-132NY-0005-SM-5O9AC,Old
GTEX-12696-2226-SM-5EQ65,Old
GTEX-13O61-1626-SM-5KM3T,Old
GTEX-18A6Q-2626-SM-7KFT3,Old
GTEX-ZF29-2226-SM-4WWB9,Old
GTEX-WQUQ-0008-SM-4OOT1,Old
GTEX-N7MT-1426-SM-3LK5M,Old
GTEX-11DXY-0426-SM-5H12R,Old
GTEX-13NZB-2226-SM-5MR5B,Young
GTEX-14ASI-0011-R11b-SM-6AJBJ,Old
GTEX-Y8DK-0011-R11A-SM-4SOK2,Old
GTEX-17F96-0726-SM-793CB,Old
GTEX-12WSM-0005-SM-5NQB3,Old
GTEX-T5JC-0011-R6A-SM-5SI89,Young
GTEX-VJYA-1526-SM-3GIJV,Old
GTEX-15DYW-1526-SM-7KUEP,Old
GTEX-YJ89-0011-R7a-SM-4V6GO,Old
GTEX-11TUW-0226-SM-5LU8X,Old
GTEX-13O61-2526-SM-5J1O8,Old
GTEX-11DXY-1626-SM-5H12L,Old
GTEX-QEG5-0526-SM-5S2V3,Young
GTEX-NL3H-0008-SM-4E3HU,Old
GTEX-13X6K-0011-R7b-SM-5P9K7,Old
GTEX-17F9Y-1826-SM-7IGMI,Old
GTEX-17F96-0826-SM-7DHLU,Old
GTEX-14XAO-2326-SM-6EU1B,Old
GTEX-14PJN-0526-SM-68724,Young
GTEX-15CHC-0426-SM-6LLHI,Old
GTEX-13N2G-3126-SM-5IJGL,Old
GTEX-15FZZ-0626-SM-7KFTO,Young
GTEX-12WSF-0011-R5a-SM-5HL8K,Old
GTEX-147GR-3126-SM-5S2PM,Old
GTEX-O5YT-0426-SM-3MJHD,Young
GTEX-183WM-0011-R6b-SM-72D66,Old
GTEX-1C6VS-0726-SM-7EPHF,Old
GTEX-133LE-2026-SM-5K7WM,Young
GTEX-13OVG-1926-SM-5L3DK,Old
GTEX-P4QS-2626-SM-2I3EV,Old
GTEX-P4PP-0005-SM-2HMKX,Young
GTEX-18A66-2226-SM-7189E,Old
GTEX-145MO-0726-SM-5NQB9,Old
GTEX-Y8E5-0006-SM-47JWQ,Old
GTEX-1497J-2626-SM-5SI9K,Old
GTEX-13FHO-0011-R11b-SM-5LZYQ,Old
GTEX-13NYS-0011-R8a-SM-5MR5H,Old
GTEX-RU1J-0226-SM-2TF5Y,Young
GTEX-13OW5-0926-SM-5L3GZ,Old
GTEX-111FC-0126-SM-5N9DL,Old
GTEX-139UW-0426-SM-5K7V4,Old
GTEX-11TUW-1826-SM-5BC5D,Old
GTEX-1C64O-1226-SM-79OOC,Old
GTEX-13QIC-3026-SM-5LU58,Old
GTEX-18QFQ-1226-SM-718AE,Young
GTEX-13113-1326-SM-5GCOI,Old
GTEX-15RIF-1026-SM-7KUMZ,Young
GTEX-11ZUS-0126-SM-5EQM5,Young
GTEX-11ZTS-0826-SM-5EQ49,Old
GTEX-11EI6-0426-SM-5EQ43,Old
GTEX-ZP4G-2126-SM-57WEA,Young
GTEX-S33H-0005-SM-2XCAL,Young
GTEX-S95S-0005-SM-2XCEC,Old
GTEX-T5JW-1726-SM-3GADN,Young
GTEX-13OW5-0011-R6b-SM-5O9BW,Old
GTEX-PWO3-0011-R5A-SM-2I5EZ,Old
GTEX-12WSD-0826-SM-5GCNE,Old
GTEX-18A66-0526-SM-7LG5O,Old
GTEX-11P82-1626-SM-59879,Young
GTEX-13SLW-0326-SM-5RQK5,Old
GTEX-14E6E-1726-SM-5S2R6,Young
GTEX-13PVR-1126-SM-5S2NX,Old
GTEX-OOBJ-0006-SM-2I3F4,Old
GTEX-11EMC-0126-SM-5EGKV,Old
GTEX-ZXG5-0426-SM-5GICT,Old
GTEX-RWS6-0226-SM-2XCA9,Old
GTEX-OOBJ-1526-SM-3NB1Q,Old
GTEX-S4Q7-0626-SM-4AD5M,Young
GTEX-13FHO-1026-SM-5KM1Q,Old
GTEX-13X6I-0926-SM-5LUAB,Old
GTEX-18A6Q-1326-SM-7LG62,Old
GTEX-14753-0926-SM-5Q5BI,Old
GTEX-14LZ3-0011-R5b-SM-5ZZV8,Old
GTEX-ZXES-2026-SM-5NQ6R,Young
GTEX-N7MS-2326-SM-2HMLD,Old
GTEX-ZF28-2926-SM-4WKG1,Old
GTEX-1269C-2526-SM-5EGJ3,Old
GTEX-13QJC-0011-R10a-SM-5SI63,Old
GTEX-14BMU-1426-SM-5TDE5,Young
GTEX-18A6Q-2026-SM-718AQ,Old
GTEX-11GS4-3126-SM-5A5LH,Old
GTEX-11ZTS-0011-R8a-SM-57WDI,Old
GTEX-1C6VS-2926-SM-7EWEV,Old
GTEX-Y5V6-0826-SM-4VBRU,Old
GTEX-14PJ5-1926-SM-6LLIM,Old
GTEX-14BMU-0626-SM-73KZ6,Young
GTEX-WYBS-1926-SM-3NM8N,Old
GTEX-1EH9U-0826-SM-7IGPT,Old
GTEX-V955-0004-SM-3NMDH,Old
GTEX-14PJN-0926-SM-6EU19,Young
GTEX-13X6I-0011-R3b-SM-5P9HM,Old
GTEX-1497J-1226-SM-5Q5BL,Old
GTEX-144GM-0426-SM-5Q5C8,Young
GTEX-17JCI-0826-SM-7LT8W,Old
GTEX-V955-1026-SM-4JBHO,Old
GTEX-1B996-0526-SM-79OOE,Old
GTEX-13O1R-2026-SM-5KM3N,Old
GTEX-11P81-1326-SM-5GU5S,Young
GTEX-ZVZQ-0006-SM-51MR8,Old
GTEX-1CAMR-0326-SM-793AH,Young
GTEX-11GSP-0011-R5a-SM-57WBE,Old
GTEX-12696-2826-SM-5FQTY,Old
GTEX-VJYA-1026-SM-4KL21,Old
GTEX-11ONC-2326-SM-5HL6P,Old
GTEX-11ZTS-0011-R2b-SM-5BC75,Old
GTEX-11OF3-2426-SM-5Q5AS,Old
GTEX-18A66-0826-SM-72D5Z,Old
GTEX-S4Z8-2126-SM-4AD5H,Old
GTEX-146FR-1326-SM-5SIAJ,Old
GTEX-ZTX8-1026-SM-5EGHD,Young
GTEX-14E7W-0011-R6b-SM-5ZZV3,Old
GTEX-ZDTS-0326-SM-5HL83,Old
GTEX-1A3MV-1026-SM-72D5U,Young
GTEX-11OF3-0011-R5a-SM-57WB4,Old
GTEX-Y5V5-0326-SM-5RQJG,Old
GTEX-13OVG-0005-SM-5P9HA,Old
GTEX-11TT1-0126-SM-5LUAA,Young
GTEX-ZXES-1126-SM-5GZXN,Young
GTEX-13OW8-1226-SM-5K7XD,Old
GTEX-13NZB-0426-SM-5KM26,Young
GTEX-XBED-0003-SM-47JWP,Old
GTEX-18A66-1926-SM-7LTAG,Old
GTEX-17F96-2526-SM-7DHL3,Old
GTEX-U3ZN-0326-SM-3DB86,Young
GTEX-RVPV-0011-R3A-SM-2TF63,Old
GTEX-T5JC-1726-SM-4DM6U,Young
GTEX-14C5O-2826-SM-5RQI6,Old
GTEX-13X6I-0011-R5a-SM-5PNWW,Old
GTEX-13OW8-2226-SM-5K7Z4,Old
GTEX-T2IS-0008-SM-4DM75,Young
GTEX-147JS-0526-SM-5TDD3,Old
GTEX-Y9LG-0126-SM-5Q59W,Young
GTEX-13G51-2626-SM-5LZYW,Old
GTEX-15UF6-0826-SM-6PALJ,Old
GTEX-1122O-1726-SM-5GICM,Old
GTEX-XPT6-2126-SM-4B66P,Young
GTEX-13RTJ-0011-R7b-SM-5P9JS,Old
GTEX-13X6K-0011-R6a-SM-5P9K6,Old
GTEX-11P7K-1026-SM-5HL6Y,Young
GTEX-18D9A-1926-SM-7LG6P,Young
GTEX-ZAKK-0426-SM-5EGHB,Old
GTEX-R55E-0011-R8A-SM-2TC66,Young
GTEX-11TUW-2926-SM-5BC59,Old
GTEX-1CB4H-2726-SM-7EWFF,Old
GTEX-VUSH-0005-SM-3NB2H,Young
GTEX-14LZ3-3026-SM-5ZZVU,Old
GTEX-ZVT3-0126-SM-5GU6I,Old
GTEX-13QJC-0626-SM-5S2O9,Old
GTEX-14PJO-0011-R8a-SM-6AJAL,Old
GTEX-1EMGI-0926-SM-7IGPV,Old
GTEX-145MO-2426-SM-5NQ9W,Old
GTEX-132NY-0826-SM-5K7Y7,Old
GTEX-15DYW-2426-SM-7KUG8,Old
GTEX-ZP4G-1726-SM-4WWCM,Young
GTEX-11EMC-3026-SM-5EQ4R,Old
GTEX-146FR-1826-SM-5QGPF,Old
GTEX-14JG6-2226-SM-6EU2G,Young
GTEX-146FR-0626-SM-5RQJ1,Old
GTEX-11EI6-0008-SM-5QGR7,Old
GTEX-X638-0003-SM-47JZ1,Old
GTEX-13NYS-0226-SM-5MR49,Old
GTEX-11GSP-3226-SM-5986O,Old
GTEX-WRHK-0826-SM-3MJFG,Young
GTEX-13N1W-0826-SM-5MR5J,Old
GTEX-13PL7-0526-SM-5J2MQ,Old
GTEX-11ONC-2226-SM-5HL6D,Old
GTEX-11EM3-0226-SM-5985Y,Young
GTEX-14ASI-0011-R1b-SM-5S2TY,Old
GTEX-SSA3-0526-SM-32QPL,Old
GTEX-148VI-0526-SM-5TDDG,Old
GTEX-1445S-0011-R8a-SM-5PNWX,Old
GTEX-13G51-2426-SM-5LZY8,Old
GTEX-11GS4-3026-SM-5A5LG,Old
GTEX-N7MS-0011-R7a-SM-2HMKN,Old
GTEX-ZQUD-1926-SM-51MSA,Young
GTEX-WFG7-0008-SM-4LMKB,Young
GTEX-11LCK-1726-SM-5S2OQ,Young
GTEX-15ER7-0011-R8a-SM-7KUL2,Young
GTEX-146FR-2426-SM-5NQAU,Old
GTEX-13OVH-0011-R6b-SM-5LUAX,Old
GTEX-16Z82-2426-SM-7KUMS,Old
GTEX-11TT1-0626-SM-5GU4X,Young
GTEX-13X6K-0426-SM-5O9DZ,Old
GTEX-RU1J-1026-SM-46MUR,Young
GTEX-12ZZY-1126-SM-5DUWQ,Old
GTEX-15DYW-0011-R4a-SM-6M46V,Old
GTEX-1A3MX-0011-R11b-SM-7DUGP,Old
GTEX-11EQ9-0926-SM-5HL6I,Young
GTEX-RWS6-1826-SM-47JXX,Old
GTEX-13NZA-3126-SM-5IJFU,Old
GTEX-183FY-1526-SM-7IGOW,Young
GTEX-139UW-2526-SM-62LFO,Old
GTEX-15CHQ-1626-SM-6LLJR,Old
GTEX-13OW8-0011-R8a-SM-5L3G5,Old
GTEX-1399S-2626-SM-5L3DU,Young
GTEX-13FHO-1726-SM-5IFGM,Old
GTEX-13N1W-2626-SM-5IJEP,Old
GTEX-1122O-0626-SM-5N9B9,Old
GTEX-XMD1-0011-R11A-SM-4AT5J,Old
GTEX-13QJC-0011-R6a-SM-5S2VI,Old
GTEX-1211K-0001-SM-5S2P9,Old
GTEX-S33H-0008-SM-4AD6C,Young
GTEX-X4XY-1726-SM-46MVO,Old
GTEX-QV31-1126-SM-4R1K4,Young
GTEX-11NSD-0326-SM-5A5LS,Young
GTEX-P4PQ-1526-SM-3NMCK,Old
GTEX-ZDTT-2026-SM-5K7TY,Old
GTEX-132NY-1226-SM-5PNVF,Old
GTEX-11GSP-0011-R6b-SM-57WBQ,Old
GTEX-OHPN-0011-R3A-SM-2I5FC,Old
GTEX-17JCI-3126-SM-7LTA2,Old
GTEX-14E7W-0011-R3b-SM-5YYB5,Old
GTEX-11P7K-0226-SM-5986Z,Young
GTEX-144GM-1526-SM-79OJM,Young
GTEX-QVJO-0008-SM-447AU,Old
GTEX-ZA64-1426-SM-5CVMC,Young
GTEX-U3ZN-1826-SM-4DXUY,Young
GTEX-13RTJ-0011-R9a-SM-5Q5AY,Old
GTEX-15FZZ-0826-SM-6LLJO,Young
GTEX-11WQC-0008-SM-5SI6R,Old
GTEX-1314G-1726-SM-5LZUX,Young
GTEX-ZXES-0004-SM-57WCW,Young
GTEX-111YS-0526-SM-5GZXJ,Old
GTEX-14PJN-0626-SM-6EU13,Young
GTEX-PLZ6-1226-SM-3P5ZS,Young
GTEX-15SKB-0426-SM-6PALQ,Old
GTEX-17GQL-0726-SM-731BL,Old
GTEX-XMD1-0011-R8A-SM-4AT48,Old
GTEX-1C64O-0626-SM-7DHL1,Old
GTEX-T2IS-0626-SM-32QP6,Young
GTEX-1C6VR-3026-SM-7IGLW,Old
GTEX-ZLV1-2126-SM-4WWD2,Old
GTEX-1A8G6-1226-SM-73KVH,Old
GTEX-11EQ9-2426-SM-5HL5T,Young
GTEX-XUZC-0426-SM-4BOPE,Young
GTEX-1AX8Z-1626-SM-73KWD,Old
GTEX-14LLW-0126-SM-6LLIO,Old
GTEX-14DAQ-0011-R3b-SM-5YYAJ,Old
GTEX-WFG8-2326-SM-5S2UE,Young
GTEX-POYW-1126-SM-48TCI,Old
GTEX-14C5O-0426-SM-5ZZUW,Old
GTEX-ZYT6-1526-SM-5E45F,Young
GTEX-139TT-0011-R5b-SM-5K7W8,Old
GTEX-X88G-0326-SM-47JZ4,Young
GTEX-1A3MX-0526-SM-718A9,Old
GTEX-16XZZ-0011-R8b-SM-7LT8S,Old
GTEX-145LS-0011-R7a-SM-5PNWM,Old
GTEX-1AMEY-1026-SM-718AA,Young
GTEX-13CF3-0626-SM-5J1NO,Old
GTEX-17HG3-0011-R6b-SM-79OK8,Young
GTEX-OHPL-0426-SM-3TW8X,Old
GTEX-PW2O-1926-SM-2S1OB,Young
GTEX-14C5O-0626-SM-664N2,Old
GTEX-139D8-1126-SM-5LU8W,Young
GTEX-13RTJ-0011-R4b-SM-5PNX1,Old
GTEX-11WQC-0626-SM-5EQMF,Old
GTEX-16XZZ-0011-R3a-SM-7IGLH,Old
GTEX-13N2G-2726-SM-5J1MG,Old
GTEX-13NZA-0226-SM-5K7Z7,Old
GTEX-1EH9U-2426-SM-7EWFG,Old
GTEX-UTHO-0011-R1A-SM-3GIJO,Old
GTEX-S7PM-0126-SM-4AD6S,Old
GTEX-11NV4-1126-SM-5HL6J,Old
GTEX-XMD1-0011-R2B-SM-4AT5N,Old
GTEX-13OW8-0011-R1a-SM-5L3HI,Old
GTEX-OXRP-0226-SM-3NB14,Old
GTEX-WFJO-2026-SM-4LVM3,Young
GTEX-ZF29-1026-SM-4WKGC,Old
GTEX-11GSP-1726-SM-5A5LI,Old
GTEX-QLQW-1526-SM-2S1QV,Young
GTEX-133LE-0626-SM-5IFFJ,Young
GTEX-13FHO-0526-SM-5K7VS,Old
GTEX-XMD2-0126-SM-4YCDU,Old
GTEX-ZPCL-1026-SM-5GCOX,Old
GTEX-T5JW-0426-SM-4DM7M,Young
GTEX-XLM4-0005-SM-4AT4P,Old
GTEX-13QJC-0011-R7b-SM-5PNUM,Old
GTEX-1399S-1926-SM-5J2M5,Young
GTEX-14PK6-2126-SM-6ETZV,Old
GTEX-N7MS-2526-SM-2D7W3,Old
GTEX-14BIM-2226-SM-5SI8Y,Old
GTEX-15ER7-1026-SM-7KUMD,Young
GTEX-XMD1-0526-SM-4AT4Z,Old
GTEX-147JS-1326-SM-5SI6D,Old
GTEX-14C5O-3026-SM-5YYB2,Old
GTEX-15CHC-1126-SM-6LLHQ,Old
GTEX-1CB4G-2726-SM-79OO4,Old
GTEX-11P7K-1826-SM-5HL5A,Young
GTEX-18QFQ-1526-SM-72D57,Young
GTEX-183WM-2826-SM-731C2,Old
GTEX-S33H-1826-SM-4AD65,Young
GTEX-1A3MV-1426-SM-72D63,Young
GTEX-11OF3-0011-R11a-SM-57WCR,Old
GTEX-O5YT-1726-SM-3NMD7,Young
GTEX-14PJ4-1026-SM-6AJ97,Old
GTEX-ZYY3-3026-SM-5GIEJ,Old
GTEX-1AX9I-0011-R5b-SM-793DI,Old
GTEX-13NZB-1226-SM-5J2MW,Young
GTEX-XLM4-0011-R7A-SM-4AT5L,Old
GTEX-R45C-0926-SM-3GAD4,Old
GTEX-14PK6-1726-SM-6871J,Old
GTEX-1C6VS-1126-SM-7EWEW,Old
GTEX-132QS-1126-SM-5P9GC,Old
GTEX-11TUW-2426-SM-5EQKB,Old
GTEX-11GSP-1626-SM-5986N,Old
GTEX-XPT6-0008-SM-4B64Q,Young
GTEX-13PL7-2326-SM-5L3FY,Old
GTEX-11DXY-1326-SM-5987Z,Old
GTEX-11GSP-0011-R9b-SM-5NQ77,Old
GTEX-ZYY3-0226-SM-5E45M,Old
GTEX-14B4R-2026-SM-5QGQL,Young
GTEX-ZTPG-0326-SM-5O9AX,Young
GTEX-117XS-0526-SM-5987Q,Old
GTEX-ZVT3-0011-R8b-SM-57WDJ,Old
GTEX-15ER7-1726-SM-6PAMX,Young
GTEX-14JFF-2826-SM-6871Q,Old
GTEX-WRHK-1626-SM-3MJFH,Young
GTEX-QEG5-1026-SM-4R1KT,Young
GTEX-1399S-2326-SM-5K7YV,Young
GTEX-13PL7-1126-SM-5MR5O,Old
GTEX-ZA64-0126-SM-5HL8Z,Young
GTEX-X4XY-0226-SM-4E3IZ,Old
GTEX-17EUY-0226-SM-79OKV,Young
GTEX-11DYG-0426-SM-5987J,Old
GTEX-11DXX-0426-SM-5EQ5F,Old
GTEX-16BQI-0726-SM-6LPJZ,Young
GTEX-11LCK-0826-SM-5PNYD,Young
GTEX-132QS-1626-SM-5K7YZ,Old
GTEX-183WM-0011-R11a-SM-718A5,Old
GTEX-R55E-0011-R7A-SM-2TC5Z,Young
GTEX-SJXC-0126-SM-2XCFF,Old
GTEX-OHPL-2026-SM-3TW8R,Old
GTEX-145MO-1526-SM-5QGQC,Old
GTEX-1A3MX-1226-SM-731B3,Old
GTEX-13W3W-0226-SM-731ET,Old
GTEX-14A6H-2326-SM-5Q5B5,Young
GTEX-T5JC-0626-SM-3NMA6,Young
GTEX-11ZUS-2826-SM-5EQKW,Young
GTEX-13NZ8-0126-SM-5IJCT,Old
GTEX-QVJO-2526-SM-4R1KB,Old
GTEX-1128S-0926-SM-5GZZU,Old
GTEX-PX3G-0226-SM-3NB2C,Young
GTEX-13QIC-2026-SM-5N9G9,Old
GTEX-13X6K-2726-SM-5O9DG,Old
GTEX-PX3G-0326-SM-2I3EO,Young
GTEX-17JCI-2326-SM-7IGPC,Old
GTEX-N7MT-1326-SM-2I3FV,Old
GTEX-13OVI-0826-SM-5KLZ8,Old
GTEX-14PJ6-0926-SM-686ZA,Old
GTEX-14DAQ-0826-SM-73KWT,Old
GTEX-WRHK-0426-SM-4MVOG,Young
GTEX-ZVTK-0008-SM-57WDA,Young
GTEX-13IVO-3026-SM-5J2M2,Old
GTEX-13PVR-2426-SM-5RQHN,Old
GTEX-15DCD-0011-R3b-SM-6EU1I,Old
GTEX-18QFQ-0326-SM-731C3,Young
GTEX-15G1A-1726-SM-6LPI4,Young
GTEX-UTHO-0011-R11A-SM-3GIJE,Old
GTEX-YJ8A-1126-SM-5IFJU,Young
GTEX-1B8L1-2726-SM-793AL,Old
GTEX-11ZTS-1426-SM-5EQMM,Old
GTEX-11EMC-0826-SM-59862,Old
GTEX-UTHO-2426-SM-4JBHD,Old
GTEX-131YS-2326-SM-5IJFJ,Old
GTEX-14PN3-2026-SM-68729,Old
GTEX-XLM4-1526-SM-4AT6D,Old
GTEX-PLZ6-1626-SM-3NB23,Young
GTEX-14JG6-2026-SM-6EU2E,Young
GTEX-S95S-0726-SM-4B64H,Old
GTEX-132QS-0005-SM-5LZXK,Old
GTEX-U412-0326-SM-3DB9L,Old
GTEX-UTHO-0011-R2A-SM-3GIKC,Old
GTEX-131XF-2826-SM-5EGKH,Old
GTEX-RVPV-0226-SM-2TF6W,Old
GTEX-12ZZY-0011-R7a-SM-5EGLB,Old
GTEX-145MO-0826-SM-5NQBL,Old
GTEX-14PHW-0126-SM-6LLJI,Old
GTEX-ZF29-0002-SM-4WKF2,Old
GTEX-QEG4-0926-SM-4R1JO,Young
GTEX-Y5V5-0226-SM-5S2N8,Old
GTEX-14DAQ-0011-R5b-SM-5YYAK,Old
GTEX-S33H-0826-SM-4AD5Y,Young
GTEX-OHPN-0226-SM-48TBV,Old
GTEX-111FC-0626-SM-5N9CU,Old
GTEX-13NYS-0011-R6b-SM-5MR3R,Old
GTEX-U3ZN-0002-SM-3NMDF,Young
GTEX-ZYFG-1326-SM-5GICJ,Old
GTEX-QEG4-0726-SM-4R1JL,Young
GTEX-13OVH-2926-SM-5IJFH,Old
GTEX-U8T8-0326-SM-3DB93,Old
GTEX-TSE9-0011-R9A-SM-3DB7Q,Old
GTEX-T2IS-1526-SM-32QPR,Young
GTEX-14LZ3-0011-R7a-SM-69LQN,Old
GTEX-V955-1826-SM-4JBIL,Old
GTEX-11P7K-0126-SM-5986E,Young
GTEX-11DXY-2726-SM-5GID2,Old
GTEX-18D9A-1626-SM-7LG5Q,Young
GTEX-TMZS-0126-SM-3DB9Q,Old
GTEX-11P7K-0626-SM-5985Z,Young
GTEX-15ER7-3226-SM-6LPIX,Young
GTEX-OHPN-2726-SM-2I5H4,Old
GTEX-1C4CL-1926-SM-731DY,Young
GTEX-11NV4-0011-R6a-SM-57WD5,Old
GTEX-X4XX-0011-R5A-SM-46MWN,Old
GTEX-WFG7-0626-SM-4LMK6,Young
GTEX-11GS4-0326-SM-5N9F7,Old
GTEX-145LS-0011-R6b-SM-5PNWL,Old
GTEX-183FY-1026-SM-7939A,Young
GTEX-U8XE-1026-SM-4E3HM,Young
GTEX-1A3MX-1926-SM-72D7F,Old
GTEX-PW2O-1426-SM-48TCD,Young
GTEX-1BAJH-0326-SM-73KWM,Old
GTEX-WOFL-0006-SM-3TW8K,Old
GTEX-13O61-1326-SM-5KM31,Old
GTEX-T2IS-0011-R6A-SM-32QP2,Young
GTEX-Y8E5-0002-SM-57WD9,Old
GTEX-QLQ7-1526-SM-2S1QA,Old
GTEX-ZP4G-0926-SM-4WWF4,Young
GTEX-139TS-0011-R6a-SM-5J2OB,Old
GTEX-ZTPG-0526-SM-5O98W,Young
GTEX-PLZ6-0926-SM-3P5ZQ,Young
GTEX-PWCY-0326-SM-43IRU,Young
GTEX-1AX8Z-2526-SM-731E3,Old
GTEX-13NZA-0011-R1b-SM-5LUAF,Old
GTEX-QV31-0826-SM-4R1KR,Young
GTEX-131YS-1426-SM-5IJF7,Old
GTEX-15SHV-1926-SM-6LPI1,Old
GTEX-X4EO-0004-SM-4QARM,Old
GTEX-1211K-0826-SM-5FQUP,Old
GTEX-147GR-0011-R7a-SM-5S2RP,Old
GTEX-14A5H-0426-SM-5QGQF,Old
GTEX-17EVQ-1826-SM-7IGPH,Old
GTEX-13OVI-1026-SM-5L3EM,Old
GTEX-14LZ3-0011-R6a-SM-686ZO,Old
GTEX-12WSE-0011-R11b-SM-5P9JW,Young
GTEX-13113-1126-SM-5LZU9,Old
GTEX-Y8DK-0726-SM-4TT3S,Old
GTEX-145MI-0826-SM-5SI95,Old
GTEX-14PHY-2626-SM-62LF8,Old
GTEX-VJYA-1926-SM-3GIJJ,Old
GTEX-S7PM-0008-SM-3NM9Q,Old
GTEX-13CF2-0006-SM-5O99L,Old
GTEX-13NZB-2626-SM-5J2M7,Young
GTEX-11DXX-1226-SM-5GICD,Old
GTEX-183WM-0011-R8a-SM-7189W,Old
GTEX-11EQ9-0426-SM-5A5JY,Young
GTEX-PW2O-0008-SM-48TEB,Young
GTEX-ZYT6-2826-SM-5GICX,Young
GTEX-XLM4-0011-R2B-SM-4AT5Z,Old
GTEX-148VJ-0726-SM-5LU8J,Old
GTEX-14PHY-2726-SM-62LE2,Old
GTEX-11EM3-2326-SM-5H12B,Young
GTEX-17HG3-2626-SM-7DUF2,Young
GTEX-1AMEY-1526-SM-73KYW,Young
GTEX-PX3G-2426-SM-48TZZ,Young
GTEX-12ZZZ-0011-R3b-SM-5DUXK,Old
GTEX-1399R-0002-SM-62LD9,Young
GTEX-1C64O-1526-SM-7EWES,Old
GTEX-14PJ4-2426-SM-6EU1U,Old
GTEX-Y5V6-2626-SM-5IFIX,Old
GTEX-PX3G-1626-SM-2S1PT,Young
GTEX-13X6I-2726-SM-5Q5ET,Old
GTEX-13113-5004-SM-79ONL,Old
GTEX-11GSO-3026-SM-5Q5AL,Old
GTEX-QVUS-0626-SM-447CC,Old
GTEX-131YS-0126-SM-5KM1M,Old
GTEX-11TUW-2726-SM-5EQLC,Old
GTEX-15CHC-0226-SM-5YYBB,Old
GTEX-14PJN-1826-SM-6AJ98,Young
GTEX-14E7W-1826-SM-69LQ1,Old
GTEX-13VXT-0005-SM-5N9F3,Young
GTEX-131XF-0926-SM-5BC69,Old
GTEX-S95S-1626-SM-2XCDJ,Old
GTEX-15ER7-0626-SM-6PANF,Young
GTEX-13PVR-0726-SM-5S2PX,Old
GTEX-RU1J-0326-SM-46MUM,Young
GTEX-12KS4-0826-SM-5BC5R,Young
GTEX-X4XX-0926-SM-46MV7,Old
GTEX-111YS-1626-SM-5GZZ9,Old
GTEX-131YS-0426-SM-5EQ4J,Old
GTEX-13OVI-0001-SM-5O9BL,Old
GTEX-11NSD-1126-SM-5N9BQ,Young
GTEX-ZVTK-0226-SM-51MRG,Young
GTEX-16Z82-2226-SM-6LPJ7,Old
GTEX-11TTK-2926-SM-5PNYP,Old
GTEX-14PJO-0726-SM-69LO8,Old
GTEX-ZVT3-0011-R11b-SM-57WBI,Old
GTEX-13OW5-0011-R3a-SM-5L3I5,Old
GTEX-SNMC-0626-SM-4DM6H,Young
GTEX-13CZV-0011-R3a-SM-5KM27,Old
GTEX-132Q8-0011-R7b-SM-5N9F1,Old
GTEX-WFJO-1126-SM-4LVLZ,Young
GTEX-NPJ7-0008-SM-4E3JS,Old
GTEX-1CB4F-1226-SM-7DHKU,Old
GTEX-183FY-1726-SM-7LT9Q,Young
GTEX-13O1R-1326-SM-5IJF5,Old
GTEX-16A39-1426-SM-6LLI6,Young
GTEX-12BJ1-0226-SM-5LUA2,Old
GTEX-X4XY-0011-R8A-SM-46MVC,Old
GTEX-REY6-1126-SM-48FDU,Old
GTEX-1CAMR-1626-SM-79OLC,Young
GTEX-1B996-2726-SM-7DUGG,Old
GTEX-T5JW-0226-SM-4DM7I,Young
GTEX-S4Z8-0008-SM-33HAZ,Old
GTEX-17EVQ-1126-SM-7LG58,Old
GTEX-12BJ1-0006-SM-5SIB5,Old
GTEX-ZDXO-0226-SM-4WKH7,Old
GTEX-13JVG-0011-R10b-SM-5KM2P,Old
GTEX-17F96-1426-SM-7IGQA,Old
GTEX-183FY-1426-SM-7DHLM,Young
GTEX-Y5V5-1626-SM-4VDSG,Old
GTEX-1A3MX-0011-R5a-SM-79OM5,Old
GTEX-U3ZH-1926-SM-4DXTR,Young
GTEX-V955-0126-SM-4JBH5,Old
GTEX-18A66-1826-SM-7KFSU,Old
GTEX-ZA64-0326-SM-5HL8T,Young
GTEX-14C5O-0011-R1b-SM-6AJBW,Old
GTEX-1CB4J-2226-SM-7EWF5,Old
GTEX-131YS-0011-R4a-SM-5DUVL,Old
GTEX-ZP4G-0006-SM-4WWE6,Young
GTEX-11P81-1126-SM-5GU5G,Young
GTEX-18A7B-2026-SM-72D71,Old
GTEX-14PJO-0011-R5a-SM-6AJBZ,Old
GTEX-QESD-1626-SM-2S1RB,Young
GTEX-X4XX-1026-SM-4QARO,Old
GTEX-11P82-1426-SM-5BC5L,Young
GTEX-131YS-0926-SM-5IJB9,Old
GTEX-13PVR-1726-SM-5Q5EC,Old
GTEX-11GSO-0226-SM-5A5LV,Old
GTEX-14BMU-1626-SM-5TDE7,Young
GTEX-PWCY-1426-SM-48TCT,Young
GTEX-14PJ4-1426-SM-69LO6,Old
GTEX-13X6K-1826-SM-5O9CR,Old
GTEX-17HG3-1126-SM-7DUFC,Young
GTEX-1BAJH-0011-R9b-SM-7EPIQ,Old
GTEX-XMD1-0011-R9A-SM-4AT49,Old
GTEX-ZF28-0011-R6a-SM-4WKHI,Old
GTEX-11DXY-0226-SM-5H123,Old
GTEX-15DZA-0826-SM-6AJBF,Young
GTEX-14ASI-3026-SM-5S2PN,Old
GTEX-ZWKS-0626-SM-5GIDV,Young
GTEX-148VI-1726-SM-5S2W9,Old
GTEX-OHPN-2826-SM-3LK67,Old
GTEX-13W3W-0726-SM-5IJDQ,Old
GTEX-1BAJH-2226-SM-7IGLK,Old
GTEX-1AX9J-1626-SM-73KUI,Old
GTEX-15UF6-2626-SM-6M466,Old
GTEX-13NYS-0011-R4b-SM-5MR3O,Old
GTEX-11EQ8-0226-SM-5EQ5G,Old
GTEX-144GM-0126-SM-5Q5AX,Young
GTEX-14C5O-2326-SM-73KYU,Old
GTEX-1CAMR-0826-SM-7MKFK,Young
GTEX-15ER7-0826-SM-6PALW,Young
GTEX-U8XE-0126-SM-4E3I3,Young
GTEX-X4XX-0005-SM-3NMCS,Old
GTEX-16YQH-0011-R5b-SM-7938U,Young
GTEX-WFG7-1026-SM-4LMK8,Young
GTEX-13PDP-1226-SM-5K7TW,Old
GTEX-TSE9-0011-R11A-SM-3DB7N,Old
GTEX-13OVG-0326-SM-5KM57,Old
GTEX-13O3O-0326-SM-5K7W2,Old
GTEX-PX3G-1426-SM-48U1J,Young
GTEX-1EKGG-2126-SM-7MKFT,Old
GTEX-148VI-0226-SM-5RQKA,Old
GTEX-17GQL-1726-SM-718B8,Old
GTEX-WRHK-0008-SM-4MVPA,Young
GTEX-YJ8A-0726-SM-5Q5A6,Young
GTEX-14DAQ-1826-SM-5S2VV,Old
GTEX-13CF3-1726-SM-5LU9E,Old
GTEX-17HG3-2326-SM-79OKH,Young
GTEX-XYKS-2526-SM-4BOPX,Old
GTEX-144GM-0626-SM-79OKY,Young
GTEX-14DAQ-3126-SM-62LDS,Old
GTEX-13FHO-1826-SM-5K7Y6,Old
GTEX-139TT-0726-SM-5K7XW,Old
GTEX-PW2O-1826-SM-5SI7R,Young
GTEX-1122O-0826-SM-5GICV,Old
GTEX-1B8SF-0526-SM-7939F,Old
GTEX-147GR-0011-R9a-SM-5S2UY,Old
GTEX-15SHW-0326-SM-6PAML,Old
GTEX-1445S-0011-R6b-SM-5PNUF,Old
GTEX-111VG-0726-SM-5GIDC,Old
GTEX-17EVQ-0011-R9b-SM-79OJY,Old
GTEX-13X6I-0011-R10a-SM-5PNWI,Old
GTEX-ZF28-0011-R9a-SM-4WWDY,Old
GTEX-113IC-0426-SM-5HL5O,Old
GTEX-146FQ-1726-SM-5QGPX,Young
GTEX-13FTX-1226-SM-5IFGN,Young
GTEX-14DAQ-1526-SM-5ZZW8,Old
GTEX-12BJ1-1426-SM-5BC5Q,Old
GTEX-131YS-0826-SM-5PNYV,Old
GTEX-16XZZ-3126-SM-7EPGJ,Old
GTEX-12WSD-0526-SM-5EQ6F,Old
GTEX-13RTJ-1926-SM-5YYA2,Old
GTEX-1AX9J-1026-SM-72D6E,Old
GTEX-U3ZN-0726-SM-4DXT5,Young
GTEX-1C6VR-1526-SM-7MKG9,Old
GTEX-145MN-1326-SM-5NQ9S,Young
GTEX-WOFM-1326-SM-3MJFR,Young
GTEX-132NY-0726-SM-5KLZM,Old
GTEX-13S7M-0826-SM-5QGQX,Old
GTEX-QEG5-0326-SM-2S1PB,Young
GTEX-1314G-0008-SM-5YY9K,Young
GTEX-ZF29-0926-SM-4WKFZ,Old
GTEX-11DXY-0526-SM-5EGGQ,Old
GTEX-1AX9I-0011-R11b-SM-7DHN4,Old
GTEX-15SHV-0926-SM-6M46I,Old
GTEX-1A3MV-0126-SM-731FQ,Young
GTEX-1497J-2526-SM-5TDCE,Old
GTEX-14BIM-0426-SM-5SI9N,Old
GTEX-14PJ5-0826-SM-6AJAR,Old
GTEX-ZQUD-0526-SM-57WG4,Young
GTEX-145MO-0326-SM-5Q5B3,Old
GTEX-1497J-0826-SM-5NQAJ,Old
GTEX-13NYS-0626-SM-5L3F1,Old
GTEX-12696-1426-SM-5EGJ6,Old
GTEX-15ER7-0011-R2a-SM-6M46O,Young
GTEX-X4XY-1026-SM-46MVX,Old
GTEX-13O61-1726-SM-5KM46,Old
GTEX-14PKV-0926-SM-6AJB4,Young
GTEX-1A3MX-0426-SM-72D5W,Old
GTEX-WFJO-0005-SM-3GIKY,Young
GTEX-14E6E-0726-SM-5S2R3,Young
GTEX-ZA64-0926-SM-5HL7H,Young
GTEX-RWS6-0008-SM-47JYV,Old
GTEX-15DCD-0011-R11a-SM-6AJAF,Old
GTEX-1AX8Z-0726-SM-73KTS,Old
GTEX-QEG4-0126-SM-48TZE,Young
GTEX-Y5V5-0006-SM-4V6FE,Old
GTEX-15FZZ-0726-SM-7KUFZ,Young
GTEX-15ER7-3026-SM-6M47W,Young
GTEX-1A3MV-0426-SM-73KXL,Young
GTEX-1AX9J-2526-SM-73KUY,Old
GTEX-11OF3-0011-R7a-SM-57WCG,Old
GTEX-14C5O-1626-SM-73KYH,Old
GTEX-QEG4-0526-SM-48TZD,Young
GTEX-PX3G-1326-SM-48U18,Young
GTEX-R55E-1326-SM-48FCR,Young
GTEX-17MFQ-0526-SM-7KFTX,Young
GTEX-18A7B-2726-SM-7LG56,Old
GTEX-REY6-1426-SM-48FDK,Old
GTEX-11TT1-0426-SM-5EGI9,Young
GTEX-14B4R-1326-SM-5Q5EZ,Young
GTEX-13QIC-2926-SM-5J2NF,Old
GTEX-ZF28-0011-R3a-SM-4WWDA,Old
GTEX-P4PQ-0226-SM-2S1NK,Old
GTEX-1C4CL-0926-SM-79OL2,Young
GTEX-ZVZQ-0011-R10b-SM-51MRT,Old
GTEX-13NYC-0326-SM-5K7WP,Old
GTEX-13PLJ-0005-SM-5NQ99,Old
GTEX-111YS-0008-SM-5Q5BH,Old
GTEX-UTHO-0011-R5A-SM-3GIJD,Old
GTEX-14PHY-0726-SM-5YY8X,Old
GTEX-13O61-2126-SM-5IJEO,Old
GTEX-13OW5-0326-SM-5L3HK,Old
GTEX-13N2G-1926-SM-5J1O3,Old
GTEX-OXRP-2526-SM-2S1NO,Old
GTEX-OOBJ-0008-SM-3NB26,Old
GTEX-144GO-0011-R7b-SM-5S2TT,Old
GTEX-12WSA-0726-SM-5FQU2,Old
GTEX-13IVO-0226-SM-5LZXU,Old
GTEX-145MO-2226-SM-5Q5BN,Old
GTEX-T5JC-0426-SM-32PLO,Young
GTEX-ZDXO-3126-SM-5IJDF,Old
GTEX-12WSA-0011-R7b-SM-5GU5U,Old
GTEX-14PII-0626-SM-69LPY,Old
GTEX-11GSP-0006-SM-5N9EL,Old
GTEX-139TT-0011-R3b-SM-5K7VL,Old
GTEX-Y9LG-0626-SM-4WWDH,Young
GTEX-14E7W-0011-R10a-SM-5YYAX,Old
GTEX-11EM3-1926-SM-5987U,Young
GTEX-15G19-2826-SM-6M48K,Old
GTEX-11NSD-2226-SM-5986V,Young
GTEX-17F96-0626-SM-793CC,Old
GTEX-1AMEY-0526-SM-72D62,Young
GTEX-U8XE-2526-SM-4E3IT,Young
GTEX-1A3MX-0011-R2b-SM-7EWFL,Old
GTEX-PWCY-0426-SM-48TCW,Young
GTEX-133LE-1826-SM-5J1MV,Young
GTEX-14BMU-0426-SM-73KYT,Young
GTEX-183WM-0011-R5a-SM-718A4,Old
GTEX-ZDXO-0011-R2b-SM-4WKFG,Old
GTEX-11GSP-3126-SM-5A5LL,Old
GTEX-13PVR-0126-SM-5S2PY,Old
GTEX-QVJO-0526-SM-447CE,Old
GTEX-145LS-0011-R8b-SM-5PNXA,Old
GTEX-NPJ7-0011-R9a-SM-2TC5R,Old
GTEX-1EKGG-0826-SM-79OLL,Old
GTEX-13CF3-1226-SM-5LZXN,Old
GTEX-N7MS-0011-R6a-SM-2HMJ4,Old
GTEX-WHSE-3126-SM-3P5ZI,Young
GTEX-11WQC-0011-R7b-SM-5BC7A,Old
GTEX-12WSD-1326-SM-5GCNU,Old
GTEX-WFG8-0001-SM-4LVN8,Young
GTEX-131YS-0626-SM-5EGKL,Old
GTEX-14ASI-0011-R8b-SM-5S2UB,Old
GTEX-15CHQ-0626-SM-6AJ9E,Old
GTEX-1122O-0526-SM-5N9DM,Old
GTEX-P4PP-3026-SM-3P61O,Young
GTEX-ZXG5-0011-R10a-SM-57WDD,Old
GTEX-REY6-0626-SM-2TF4G,Old
GTEX-OOBJ-1826-SM-3NB1C,Old
GTEX-OHPL-0006-SM-3MJHB,Old
GTEX-1CB4F-1126-SM-79OLG,Old
GTEX-147GR-0011-R4a-SM-5S2V2,Old
GTEX-Y9LG-2226-SM-4VDS9,Young
GTEX-RVPV-0006-SM-2TF6Q,Old
GTEX-U3ZN-0426-SM-4DXSH,Young
GTEX-PWO3-1526-SM-48TCM,Old
GTEX-18A66-1026-SM-731B8,Old
GTEX-1AX9J-0526-SM-72D5O,Old
GTEX-U3ZH-1426-SM-4DXSR,Young
GTEX-REY6-0126-SM-48FDT,Old
GTEX-12WSE-1226-SM-73KUF,Young
GTEX-TKQ1-1026-SM-4GICL,Young
GTEX-13YAN-0926-SM-5O9C3,Old
GTEX-15G19-0011-R10b-SM-7KUG4,Old
GTEX-12KS4-0008-SM-664MC,Young
GTEX-R55E-0326-SM-48FD2,Young
GTEX-11EQ9-0826-SM-5986Y,Young
GTEX-ZLV1-1426-SM-4WWES,Old
GTEX-133LE-0926-SM-5P9J1,Young
GTEX-ZDXO-0011-R3a-SM-4WKFS,Old
GTEX-15ER7-2926-SM-7KUFK,Young
GTEX-15DZA-1326-SM-68722,Young
GTEX-XBED-2026-SM-4AT5D,Old
GTEX-14PN3-2626-SM-6EU17,Old
GTEX-XOT4-0326-SM-4B66S,Old
GTEX-ZYY3-0126-SM-5GZY5,Old
GTEX-14ASI-0011-R5b-SM-6EU2M,Old
GTEX-1A3MV-0826-SM-72D6J,Young
GTEX-QVUS-0011-R6A-SM-3GACX,Old
GTEX-1497J-2126-SM-5NQB8,Old
GTEX-131YS-2926-SM-5EGKI,Old
GTEX-11EM3-1226-SM-5N9DD,Young
GTEX-14ICL-0926-SM-5S2TU,Young
GTEX-13VXT-1426-SM-5LU4B,Young
GTEX-13IVO-0726-SM-5LZYV,Old
GTEX-132Q8-0011-R1a-SM-5EGLK,Old
GTEX-PLZ6-1726-SM-2S1O6,Young
GTEX-QLQ7-0005-SM-2S1QP,Old
GTEX-139TS-2126-SM-5K7XC,Old
GTEX-15G19-3026-SM-6LPJP,Old
GTEX-QDT8-0011-R5A-SM-32PKN,Young
GTEX-14PKV-1426-SM-5YYB9,Young
GTEX-14LZ3-0011-R10b-SM-6AJA9,Old
GTEX-YJ89-0008-SM-4RGM4,Old
GTEX-WQUQ-0006-SM-3MJF4,Old
GTEX-UTHO-1226-SM-3GAEE,Old
GTEX-111FC-1326-SM-5N9D9,Old
GTEX-15ER7-0426-SM-6PAM3,Young
GTEX-13X6I-0011-R9b-SM-5PNZJ,Old
GTEX-15G19-0011-R7b-SM-6M479,Old
GTEX-Y9LG-1726-SM-4VBQE,Young
GTEX-183WM-2726-SM-7KFRF,Old
GTEX-15G19-2726-SM-6LPKG,Old
GTEX-14BIM-3126-SM-5Q5C7,Old
GTEX-1B8SF-0011-R11a-SM-79OOP,Old
GTEX-14E6E-0226-SM-7DUEF,Young
GTEX-U3ZH-0526-SM-3DB75,Young
GTEX-13OVH-3026-SM-5MR4N,Old
GTEX-1B8L1-3026-SM-7EPHK,Old
GTEX-13OVI-1326-SM-5IJBO,Old
GTEX-T5JC-0011-R1A-SM-32PM6,Young
GTEX-NPJ7-0011-R6a-SM-2I3G7,Old
GTEX-16YQH-2826-SM-6PAMY,Young
GTEX-11NSD-0426-SM-5N9CR,Young
GTEX-139TU-0626-SM-5KM3X,Old
GTEX-OXRO-1926-SM-2S1O3,Old
GTEX-1212Z-0011-R1b-SM-5BC72,Old
GTEX-1AX9J-1326-SM-731BJ,Old
GTEX-15DCD-0011-R9b-SM-7KUED,Old
GTEX-1CB4F-2326-SM-7MKFO,Old
GTEX-ZYY3-3126-SM-5SI9L,Old
GTEX-1399S-0226-SM-5IFFG,Young
GTEX-WRHK-0526-SM-4MVOF,Young
GTEX-ZLV1-0005-SM-4WWAP,Old
GTEX-14PJ4-2526-SM-6LLIT,Old
GTEX-13O3O-0011-R1b-SM-5KM2K,Old
GTEX-1AMEY-1326-SM-73KYK,Young
GTEX-17JCI-0011-R6a-SM-72D6D,Old
GTEX-T5JC-0011-R9A-SM-32PLV,Young
GTEX-144GM-0526-SM-79OJO,Young
GTEX-139T8-0011-R3b-SM-5HL4R,Old
GTEX-V955-1626-SM-4JBHJ,Old
GTEX-PWCY-0826-SM-48TCR,Young
GTEX-15DZA-1026-SM-6PAND,Young
GTEX-145MO-0426-SM-5QGP6,Old
GTEX-18D9B-0726-SM-72D6K,Old
GTEX-15CHC-2126-SM-6EU21,Old
GTEX-WOFM-0326-SM-4OOSL,Young
GTEX-1212Z-1026-SM-5EGJ8,Old
GTEX-ZTX8-1426-SM-5DUVO,Young
GTEX-14PK6-2026-SM-6LLHP,Old
GTEX-X4EP-0011-R10B-SM-4QASJ,Old
GTEX-15G1A-1626-SM-7KUKN,Young
GTEX-15DCD-0011-R5a-SM-69LPC,Old
GTEX-14BIM-2626-SM-5S2OF,Old
GTEX-U8XE-0626-SM-3DB8U,Young
GTEX-YJ89-0011-R3b-SM-4V6EF,Old
GTEX-1212Z-0526-SM-5FQSQ,Old
GTEX-ZXG5-0011-R6a-SM-57WBZ,Old
GTEX-14PKV-1126-SM-6LLJ1,Young
GTEX-1BAJH-2726-SM-7IGNJ,Old
GTEX-11NV4-1326-SM-5HL6V,Old
GTEX-13RTJ-2126-SM-5S2PZ,Old
GTEX-WFG8-0426-SM-3GILD,Young
GTEX-ZYFG-1426-SM-5GICS,Old
GTEX-T2IS-0426-SM-32QPE,Young
GTEX-POMQ-1426-SM-3P61D,Young
GTEX-SNMC-0826-SM-4DM66,Young
GTEX-13RTK-0126-SM-5RQHQ,Young
GTEX-15CHQ-0011-R7b-SM-69LP1,Old
GTEX-18D9B-0226-SM-731CV,Old
GTEX-1A3MW-2226-SM-73KUX,Old
GTEX-11DXX-2326-SM-5Q5A2,Old
GTEX-11TUW-2026-SM-5EQL8,Old
GTEX-UTHO-3126-SM-3P5ZB,Old
GTEX-131XF-2626-SM-5EQ6K,Old
GTEX-ZDTT-0004-SM-4WKG3,Old
GTEX-ZDXO-0426-SM-4WKF6,Old
GTEX-PWCY-1726-SM-48TD3,Young
GTEX-11P82-1726-SM-5Q5AT,Young
GTEX-QVUS-0011-R10A-SM-3GIK3,Old
GTEX-QEG5-0626-SM-2S1PP,Young
GTEX-QLQW-0726-SM-447AA,Young
GTEX-1212Z-2626-SM-5YY8P,Old
GTEX-ZF28-0008-SM-4E3K3,Old
GTEX-P4QS-0726-SM-3NMCZ,Old
GTEX-13PL7-2426-SM-5J2N3,Old
GTEX-14XAO-0326-SM-6ETZN,Old
GTEX-14E6E-0426-SM-73KUE,Young
GTEX-1212Z-2026-SM-5N9EA,Old
GTEX-13OW8-0011-R5b-SM-5L3FQ,Old
GTEX-13OVI-1926-SM-5IJCG,Old
GTEX-XBED-0926-SM-48TCE,Old
GTEX-ZYFG-1226-SM-5GIC7,Old
GTEX-14JIY-0011-R5b-SM-62LE7,Old
GTEX-OHPL-0526-SM-3NM8U,Old
GTEX-18A66-0926-SM-718BG,Old
GTEX-O5YV-1026-SM-3LK72,Old
GTEX-ZYY3-2626-SM-5N9DH,Old
GTEX-16MT9-0226-SM-793BN,Old
GTEX-SSA3-0008-SM-47JWJ,Old
GTEX-144GM-0726-SM-79OJQ,Young
GTEX-14BIM-0011-R2b-SM-69LQ6,Old
GTEX-13G51-0011-R5a-SM-5L3EB,Old
GTEX-1CAMR-0126-SM-79391,Young
GTEX-WHSE-0011-R11A-SM-3P5YY,Young
GTEX-WFG7-0001-SM-3P61S,Young
GTEX-1CB4G-0826-SM-7DUGF,Old
GTEX-12WSF-3026-SM-6LPIU,Old
GTEX-13113-0126-SM-5LZVX,Old
GTEX-WHSE-0626-SM-4RGNF,Young
GTEX-XYKS-1726-SM-4E3IO,Old
GTEX-12ZZY-0926-SM-5EQ6I,Old
GTEX-1CB4J-1726-SM-79OOL,Old
GTEX-13OVG-0226-SM-5LU93,Old
GTEX-146FR-0526-SM-5Q5EX,Old
GTEX-14DAQ-0011-R4a-SM-5YYAI,Old
GTEX-12C56-1326-SM-5FQSV,Young
GTEX-R55E-0011-R4A-SM-2TC5H,Young
GTEX-12WSM-1926-SM-5BC65,Old
GTEX-111VG-0008-SM-5Q5BG,Old
GTEX-145MO-1326-SM-5Q5EF,Old
GTEX-11DXX-0826-SM-5GZZP,Old
GTEX-ZQUD-0226-SM-4YCEB,Young
GTEX-XBED-1926-SM-47JYP,Old
GTEX-11EMC-2626-SM-59864,Old
GTEX-WHSE-1626-SM-4M1XL,Young
GTEX-PW2O-1226-SM-48TCH,Young
GTEX-ZQG8-1626-SM-5HL6H,Old
GTEX-14PHW-2926-SM-6AJBA,Old
GTEX-XPT6-0326-SM-4B66V,Young
GTEX-1128S-2126-SM-5H12U,Old
GTEX-13O61-2626-SM-5KM4U,Old
GTEX-13O3O-2526-SM-5L3DR,Old
GTEX-11TT1-2126-SM-5GU5Y,Young
GTEX-145MN-2626-SM-5NQAH,Young
GTEX-PW2O-0126-SM-48TC8,Young
GTEX-131YS-0011-R1a-SM-5DUXC,Old
GTEX-11EI6-0126-SM-5985R,Old
GTEX-16YQH-2326-SM-7EWDS,Young
GTEX-111VG-0526-SM-5N9BW,Old
GTEX-132Q8-0011-R11b-SM-5DUW9,Old
GTEX-17MFQ-1826-SM-7DHLS,Young
GTEX-18QFQ-1626-SM-72D7H,Young
GTEX-12WSM-0226-SM-5LZV6,Old
GTEX-13FHO-0426-SM-5L3F5,Old
GTEX-14BIM-3226-SM-5RQIQ,Old
GTEX-XUZC-1526-SM-4BRV4,Young
GTEX-UTHO-1026-SM-3GAF7,Old
GTEX-11EQ9-2126-SM-5PNVW,Young
GTEX-14A6H-2426-SM-5Q5BO,Young
GTEX-11EI6-2926-SM-5985U,Old
GTEX-13VXT-2426-SM-5LU46,Young
GTEX-ZP4G-0126-SM-4YCE3,Young
GTEX-13RTK-0726-SM-5Q5EN,Young
GTEX-ZZ64-1026-SM-5GZXG,Young
GTEX-11OC5-0126-SM-5HL6A,Old
GTEX-13N2G-0011-R9b-SM-5MR4E,Old
GTEX-14C5O-0011-R8a-SM-5YYAG,Old
GTEX-13CF2-0426-SM-5KM1H,Old
GTEX-ZQUD-1326-SM-57WEF,Young
GTEX-13OW5-0126-SM-5MR3A,Old
GTEX-1269C-0008-SM-5TDBY,Old
GTEX-13W3W-2126-SM-5K7UX,Old
GTEX-ZPCL-1826-SM-57WF1,Old
GTEX-YJ8A-1526-SM-5P9FT,Young
GTEX-OHPL-3026-SM-3MJGS,Old
GTEX-12C56-0002-SM-5S2PC,Young
GTEX-1AX9J-2026-SM-731AV,Old
GTEX-13YAN-2026-SM-5Q5EY,Old
GTEX-1211K-2026-SM-5EQ4Z,Old
GTEX-1GF9V-3126-SM-7MKHH,Old
GTEX-1CAMR-1526-SM-79OLP,Young
GTEX-1A3MV-0226-SM-731FS,Young
GTEX-YECK-0426-SM-4W1Z5,Old
GTEX-11EMC-3226-SM-5EGKW,Old
GTEX-ZP4G-0008-SM-4E3I4,Young
GTEX-15DYW-0011-R7a-SM-7KULG,Old
GTEX-13RTK-0526-SM-5S2QF,Young
GTEX-1B996-0011-R2a-SM-7IGON,Old
GTEX-11GSO-1926-SM-5A5K3,Old
GTEX-12WSD-0226-SM-59HKO,Old
GTEX-1122O-0226-SM-5N9DA,Old
GTEX-111YS-2426-SM-5GZZQ,Old
GTEX-13O3O-0426-SM-5KM2Y,Old
GTEX-QDT8-0011-R6A-SM-32PKI,Young
GTEX-V955-0926-SM-4JBJ8,Old
GTEX-11WQC-2826-SM-5GU7A,Old
GTEX-13YAN-0326-SM-5O9DF,Old
GTEX-P4PQ-0326-SM-2HMJ8,Old
GTEX-12WSD-0011-R3b-SM-5LZWN,Old
GTEX-14ICL-2026-SM-62LDN,Young
GTEX-1EMGI-1226-SM-793DD,Old
GTEX-11ZUS-0226-SM-5FQT8,Young
GTEX-OXRO-0226-SM-3LK6F,Old
GTEX-OOBJ-0426-SM-3NB1S,Old
GTEX-15DCD-0011-R1b-SM-6LPIJ,Old
GTEX-13SLW-0626-SM-5Q5ER,Old
GTEX-13O3O-0011-R10a-SM-5LUA9,Old
GTEX-SJXC-1226-SM-4DM78,Old
GTEX-14PJ4-0626-SM-6AJBS,Old
GTEX-NPJ7-1326-SM-3MJHO,Old
GTEX-18D9A-1826-SM-718BK,Young
GTEX-14XAO-1026-SM-6LLJ7,Old
GTEX-11EM3-0126-SM-5985K,Young
GTEX-U3ZH-1626-SM-3DB74,Young
GTEX-NPJ7-2926-SM-3MJGQ,Old
GTEX-13G51-2726-SM-5LZZ9,Old
GTEX-15G19-0011-R11b-SM-6LPIH,Old
GTEX-ZTX8-0226-SM-5E44D,Young
GTEX-TKQ1-1326-SM-4DXU7,Young
GTEX-1F6I4-3226-SM-7MKGI,Old
GTEX-X4EO-0006-SM-3P5ZF,Old
GTEX-13N1W-0326-SM-5IJDJ,Old
GTEX-111YS-1126-SM-5GZYQ,Old
GTEX-RWS6-2126-SM-2XCAV,Old
GTEX-1122O-1526-SM-5N9CL,Old
GTEX-11EI6-0626-SM-5985T,Old
GTEX-PWCY-1326-SM-48TCU,Young
GTEX-ZDXO-1426-SM-4WKHG,Old
GTEX-XUZC-2126-SM-4BRW8,Young
GTEX-P4PQ-0626-SM-3NMCU,Old
GTEX-14PN3-0226-SM-6871K,Old
GTEX-13PL7-0726-SM-5KM1S,Old
GTEX-15DYW-2926-SM-6PANA,Old
GTEX-11DYG-0008-SM-5QGR5,Old
GTEX-T5JW-0926-SM-4DM5K,Young
GTEX-QLQW-1426-SM-2S1QU,Young
GTEX-11TTK-0826-SM-5N9EG,Old
GTEX-13W3W-2326-SM-5LU4Y,Old
GTEX-139T8-0008-SM-5ZZUD,Old
GTEX-14XAO-2226-SM-6LLHU,Old
GTEX-XUZC-0726-SM-4BOPH,Young
GTEX-P4PQ-0005-SM-2HMKJ,Old
GTEX-18QFQ-1926-SM-72D5H,Young
GTEX-ZDTT-1226-SM-4WKG9,Old
GTEX-R55E-0006-SM-2TC5G,Young
GTEX-11DYG-0826-SM-5N9GH,Old
GTEX-QEG5-1426-SM-447AS,Young
GTEX-XLM4-0726-SM-4AT64,Old
GTEX-1212Z-2426-SM-5EQ5D,Old
GTEX-16Z82-2626-SM-7KULU,Old
GTEX-XUZC-1426-SM-4BRV3,Young
GTEX-WFJO-0726-SM-4LVM8,Young
GTEX-11P82-1326-SM-5HL62,Young
GTEX-13FHO-1226-SM-5L3EF,Old
GTEX-ZVT3-0826-SM-5GIC8,Old
GTEX-ZLV1-1126-SM-4WWBW,Old
GTEX-13FHO-0011-R10b-SM-5J2MM,Old
GTEX-WHSE-0926-SM-3NMBS,Young
GTEX-11ZTT-1626-SM-5EQKR,Old
GTEX-V955-2026-SM-3GAFA,Old
GTEX-POYW-0008-SM-48TE4,Old
GTEX-1BAJH-2126-SM-7EWFB,Old
GTEX-TKQ1-1426-SM-4GICK,Young
GTEX-144GM-2026-SM-5LU3D,Young
GTEX-P4QS-1726-SM-3NB1V,Old
GTEX-16GPK-1326-SM-7KUE4,Old
GTEX-15RIF-1326-SM-6LPKO,Young
GTEX-U8XE-1126-SM-3DB8W,Young
GTEX-1C6VS-1226-SM-79OO2,Old
GTEX-13OW8-0011-R2a-SM-5L3G2,Old
GTEX-ZWKS-2826-SM-5NQ74,Young
GTEX-POYW-0726-SM-2XCEO,Old
GTEX-145LS-0526-SM-5LU8Y,Old
GTEX-1B8SF-1326-SM-7IGQJ,Old
GTEX-11EM3-1726-SM-5N9D1,Young
GTEX-16Z82-0011-R6a-SM-7IGLV,Old
GTEX-12KS4-0326-SM-5EQ41,Young
GTEX-1211K-0926-SM-5FQTL,Old
GTEX-139TU-0008-SM-5ZZUK,Old
GTEX-18A6Q-0226-SM-718AS,Old
GTEX-1CB4H-1126-SM-7MKGL,Old
GTEX-15DCD-3026-SM-6PALL,Old
GTEX-WYBS-1026-SM-4ONCY,Old
GTEX-ZYT6-0226-SM-5NQ6T,Young
GTEX-111YS-0926-SM-5EGGI,Old
GTEX-13RTK-0326-SM-5RQHS,Young
GTEX-13SLW-0011-R9a-SM-5O9BT,Old
GTEX-1399R-2726-SM-5IJBA,Young
GTEX-12ZZZ-0008-SM-5YY9S,Old
GTEX-1C6WA-2626-SM-7MKGM,Old
GTEX-14753-0326-SM-5QGQB,Old
GTEX-14PJ6-0526-SM-6LLIU,Old
GTEX-13FHO-2926-SM-5L3ES,Old
GTEX-13N2G-0011-R10a-SM-5MR34,Old
GTEX-117XS-2226-SM-5GIE1,Old
GTEX-14A5H-0326-SM-5RQIB,Old
GTEX-15UF6-1826-SM-6LLI9,Old
GTEX-XPT6-0006-SM-4B66Q,Young
GTEX-SJXC-0008-SM-4DM7G,Old
GTEX-12BJ1-0326-SM-5FQUB,Old
GTEX-13FTZ-0726-SM-5IFFY,Old
GTEX-132NY-0626-SM-5L3D9,Old
GTEX-13CF3-1626-SM-5IFG9,Old
GTEX-14A6H-5019-SM-793DH,Young
GTEX-OOBJ-3026-SM-3NB1D,Old
GTEX-17F96-0126-SM-7EWDU,Old
GTEX-15CHQ-0011-R8b-SM-6EU32,Old
GTEX-139TU-0726-SM-5L3EK,Old
GTEX-N7MS-0011-R1a-SM-2HMJG,Old
GTEX-13NYS-0011-R2b-SM-5MR4G,Old
GTEX-14A5H-0826-SM-5QGPJ,Old
GTEX-1C4CL-0826-SM-7EWEZ,Young
GTEX-13N1W-0626-SM-5MR4U,Old
GTEX-139D8-0226-SM-5KLZO,Young
GTEX-14JG6-0826-SM-6AJB9,Young
GTEX-12696-2426-SM-5EQ6H,Old
GTEX-14PK6-0226-SM-62LF5,Old
GTEX-QESD-1726-SM-2S1R7,Young
GTEX-WOFM-0726-SM-3MJF8,Young
GTEX-ZVT3-1626-SM-5GU66,Old
GTEX-133LE-0326-SM-5P9G4,Young
GTEX-13O1R-0926-SM-5L3DS,Old
GTEX-12696-0126-SM-5EQ4L,Old
GTEX-13CZU-0005-SM-5LU8K,Young
GTEX-13FTZ-0226-SM-5K7X6,Old
GTEX-144GM-1926-SM-5LUAN,Young
GTEX-13VXT-0526-SM-5SI9O,Young
GTEX-11ONC-2126-SM-5HL6E,Old
GTEX-17F96-1226-SM-79OK2,Old
GTEX-1128S-0008-SM-5Q5DP,Old
GTEX-QESD-0526-SM-2I5G5,Young
GTEX-P4PQ-0126-SM-2S1NM,Old
GTEX-15UF6-2226-SM-6M471,Old
GTEX-15UKP-0326-SM-7KUFP,Young
GTEX-16BQI-0226-SM-7KUEX,Young
GTEX-T5JW-1326-SM-4DM5G,Young
GTEX-QVUS-0426-SM-48FE3,Old
GTEX-16GPK-1226-SM-7LTAU,Old
GTEX-S95S-1526-SM-2XCDH,Old
GTEX-14PN3-0826-SM-69LOS,Old
GTEX-16BQI-1626-SM-7KULR,Young
GTEX-1445S-2426-SM-79ON2,Old
GTEX-13CF2-1826-SM-5N9GK,Old
GTEX-U3ZH-0126-SM-4DXUK,Young
GTEX-12KS4-0126-SM-5Q5A5,Young
GTEX-139TT-2226-SM-5LZWO,Old
GTEX-12WSM-0011-R10a-SM-5DUWV,Old
GTEX-1477Z-1626-SM-5SIA8,Old
GTEX-1CAMR-1426-SM-793BO,Young
GTEX-T5JC-0526-SM-32PM7,Young
GTEX-V955-1326-SM-4JBHR,Old
GTEX-1B996-0726-SM-7IGPI,Old
GTEX-1122O-1626-SM-5N9CX,Old
GTEX-ZYT6-1226-SM-5E44Q,Young
GTEX-132NY-2826-SM-5P9G2,Old
GTEX-12WSM-1726-SM-5BC6J,Old
GTEX-15DCZ-1226-SM-6871P,Young
GTEX-13OW8-1026-SM-5J1NQ,Old
GTEX-1399S-0926-SM-5PNVQ,Young
GTEX-Y8E5-0526-SM-57WBY,Old
GTEX-14E6E-1026-SM-664N9,Young
GTEX-XMD2-0006-SM-4WWEG,Old
GTEX-14JIY-0011-R6b-SM-68714,Old
GTEX-12KS4-1326-SM-5LUB3,Young
GTEX-12126-0526-SM-5PNW4,Young
GTEX-12WSD-0008-SM-664ME,Old
GTEX-14PJN-1726-SM-69LO7,Young
GTEX-ZTPG-0002-SM-4YCEI,Young
GTEX-Y9LG-0008-SM-4VBRJ,Young
GTEX-11P82-0526-SM-5986P,Young
GTEX-R55E-2726-SM-48FCX,Young
GTEX-ZDTS-0826-SM-4WKHL,Old
GTEX-14PJ6-0126-SM-686Z5,Old
GTEX-147JS-0626-SM-5TDD4,Old
GTEX-12126-0006-SM-5O9B8,Young
GTEX-ZXG5-0011-R5b-SM-57WBN,Old
GTEX-1399R-0006-SM-5N9FR,Young
GTEX-17MFQ-1726-SM-793C7,Young
GTEX-ZQUD-0126-SM-7EPIS,Young
GTEX-XYKS-0008-SM-4BRW6,Old
GTEX-1A8G7-0326-SM-72D5B,Old
GTEX-11EQ9-0626-SM-5A5K1,Young
GTEX-11P7K-1926-SM-5GU6R,Young
GTEX-131YS-3026-SM-5EGHY,Old
GTEX-11ZTT-1026-SM-5EQKF,Old
GTEX-111YS-1926-SM-5GICC,Old
GTEX-16XZY-0526-SM-7DHKY,Old
GTEX-15G19-0011-R5b-SM-6M46P,Old
GTEX-S95S-0002-SM-3NM8K,Old
GTEX-16YQH-2226-SM-7IGM2,Young
GTEX-14JFF-0526-SM-62LFL,Old
GTEX-U3ZN-0126-SM-4DXUM,Young
GTEX-11LCK-0005-SM-5O98U,Young
GTEX-1C6WA-1126-SM-7IGP6,Old
GTEX-ZYW4-1326-SM-5E45N,Old
GTEX-ZE9C-3126-SM-4WKHN,Old
GTEX-14E6E-0526-SM-793DN,Young
GTEX-XMD1-0011-R3B-SM-4AT5R,Old
GTEX-1BAJH-2626-SM-7EPG6,Old
GTEX-WRHK-0005-SM-3MJF5,Young
GTEX-12WSM-0011-R5a-SM-5EQ4Y,Old
GTEX-ZXG5-2126-SM-59HKD,Old
GTEX-QEG5-0726-SM-4R1JQ,Young
GTEX-11OF3-0726-SM-5BC4Z,Old
GTEX-X4XY-0326-SM-46MVZ,Old
GTEX-17EVQ-0011-R3b-SM-7LT9B,Old
GTEX-15G19-1526-SM-6LPKP,Old
GTEX-13CF2-2426-SM-5LZYL,Old
GTEX-T5JC-0011-R7A-SM-32PME,Young
GTEX-ZDXO-1926-SM-5E45Q,Old
GTEX-12WSE-0011-R10b-SM-5P9JV,Young
GTEX-11TT1-2726-SM-5LU8L,Young
GTEX-131XF-5013-SM-7EWFI,Old
GTEX-XLM4-0011-R8A-SM-4AT44,Old
GTEX-ZVT3-0011-R6a-SM-51MSU,Old
GTEX-QDT8-0326-SM-32PL1,Young
GTEX-1CB4G-3126-SM-7EPHX,Old
GTEX-14C5O-3126-SM-664NK,Old
GTEX-146FQ-0326-SM-5NQAX,Young
GTEX-OXRO-2026-SM-2YUMZ,Old
GTEX-R55E-0008-SM-48FCG,Young
GTEX-XQ3S-2726-SM-4BOP2,Young
GTEX-139TS-2826-SM-5J1OO,Old
GTEX-18A6Q-2926-SM-718AR,Old
GTEX-TSE9-3026-SM-3DB76,Old
GTEX-18A6Q-1426-SM-7LG63,Old
GTEX-14PHY-1226-SM-5ZZWK,Old
GTEX-17F96-1626-SM-7DUFL,Old
GTEX-Y5V5-1026-SM-5LUAH,Old
GTEX-11WQC-0726-SM-5EQMR,Old
GTEX-XMD1-0011-R5A-SM-4AT47,Old
GTEX-14BMU-2026-SM-5S2W6,Young
GTEX-N7MS-0426-SM-2YUN6,Old
GTEX-139TT-2626-SM-5LZUB,Old
GTEX-XQ3S-1426-SM-4BOPR,Young
GTEX-1399S-1326-SM-5P9GH,Young
GTEX-ZZ64-0426-SM-5E43F,Young
GTEX-139T8-0011-R4a-SM-5HL54,Old
GTEX-11DYG-1026-SM-5A5JQ,Old
GTEX-16YQH-0011-R3a-SM-7EPGM,Young
GTEX-11TT1-1626-SM-5EQL7,Young
GTEX-13OVH-0011-R4a-SM-5KM3W,Old
GTEX-WFG8-1226-SM-4V6EI,Young
GTEX-QLQW-1626-SM-4R1K1,Young
GTEX-14PN3-1526-SM-6ETZM,Old
GTEX-Y5V6-1126-SM-4VDTD,Old
GTEX-QLQW-0426-SM-447A7,Young
GTEX-12WSA-0011-R5b-SM-5GU5I,Old
GTEX-15UF6-2326-SM-6M465,Old
GTEX-1477Z-0226-SM-5TDCI,Old
GTEX-15DYW-2126-SM-6M47B,Old
GTEX-145MO-2126-SM-5Q5CZ,Old
GTEX-P4PP-2526-SM-3P61P,Young
GTEX-14BMU-0326-SM-793DO,Young
GTEX-14BMU-0526-SM-73KW4,Young
GTEX-13N1W-0226-SM-5K7W6,Old
GTEX-ZA64-0826-SM-5HL9U,Young
GTEX-P4PP-0326-SM-33HC4,Young
GTEX-1BAJH-0226-SM-7EPHQ,Old
GTEX-13VXT-1126-SM-5LU3A,Young
GTEX-15DCZ-0726-SM-69LOV,Young
GTEX-P4PP-0008-SM-48TDV,Young
GTEX-11GSP-2126-SM-5HL5E,Old
GTEX-PW2O-0006-SM-2I3DV,Young
GTEX-12126-0011-R9b-SM-5BC6P,Young
GTEX-14PJ5-1526-SM-6LLIL,Old
GTEX-131XF-1226-SM-5HL8V,Old
GTEX-146FR-1026-SM-5NQ9T,Old
GTEX-11LCK-1126-SM-5A5KC,Young
GTEX-WHSE-1126-SM-3NMBU,Young
GTEX-1B8L1-0011-R5a-SM-7DHN5,Old
GTEX-14PII-0526-SM-6EU2A,Old
GTEX-15FZZ-1926-SM-7KFTQ,Young
GTEX-ZDTT-2726-SM-4WKF8,Old
GTEX-O5YT-2126-SM-3MJGD,Young
GTEX-11EMC-0006-SM-5O9DN,Old
GTEX-ZXES-0005-SM-57WCB,Young
GTEX-11ZUS-2526-SM-59872,Young
GTEX-11P81-2326-SM-59875,Young
GTEX-1A3MW-0626-SM-731CB,Old
GTEX-14LZ3-0626-SM-5ZZWP,Old
GTEX-111VG-2426-SM-5GZXD,Old
GTEX-11ZUS-2626-SM-5FQUR,Young
GTEX-13O1R-0426-SM-5K7WG,Old
GTEX-13S7M-0011-R6b-SM-5O9D8,Old
GTEX-11P82-1826-SM-5PNYJ,Young
GTEX-139TT-0426-SM-5IJFA,Old
GTEX-1212Z-0126-SM-59HK4,Old
GTEX-14PHY-0326-SM-62LE3,Old
GTEX-XQ3S-1326-SM-4BOPQ,Young
GTEX-1B8SF-0426-SM-79OL4,Old
GTEX-ZDTT-0926-SM-5J2MS,Old
GTEX-13YAN-0526-SM-5O9BE,Old
GTEX-ZTPG-1226-SM-4YCDO,Young
GTEX-V955-1226-SM-4JBI9,Old
GTEX-1399R-1326-SM-5PNYS,Young
GTEX-14A6H-0126-SM-5QGPK,Young
GTEX-18A6Q-0326-SM-718AT,Old
GTEX-11OF3-2626-SM-5GU7F,Old
GTEX-1AX8Z-0926-SM-731AW,Old
GTEX-Y5V6-0226-SM-4V6G7,Old
GTEX-13X6I-0526-SM-5QGP8,Old
GTEX-QVUS-2826-SM-3GADB,Old
GTEX-1A8G6-3126-SM-731D8,Old
GTEX-139TS-3126-SM-5LZWX,Old
GTEX-11EM3-0001-SM-5Q5BD,Young
GTEX-U3ZN-2126-SM-4DXU1,Young
GTEX-XLM4-0426-SM-4AT54,Old
GTEX-1F52S-2926-SM-7MKGA,Old
GTEX-1211K-1526-SM-5FQU4,Old
GTEX-18A6Q-2226-SM-7LG61,Old
GTEX-13O61-1426-SM-5KM3D,Old
GTEX-13S7M-3026-SM-5S2QQ,Old
GTEX-144GM-2226-SM-5O9B5,Young
GTEX-148VJ-1426-SM-5TDE3,Old
GTEX-15EOM-0526-SM-7KUFY,Young
GTEX-1477Z-0011-R5b-SM-5PNUO,Old
GTEX-139D8-0326-SM-5IJCJ,Young
GTEX-QVJO-0011-R5A-SM-2S1QM,Old
GTEX-1A3MV-1326-SM-7LG6C,Young
GTEX-11GS4-0006-SM-5SI9M,Old
GTEX-13O1R-2526-SM-5N9FW,Old
GTEX-15DZA-2026-SM-6PANE,Young
GTEX-QESD-0626-SM-2I5G4,Young
GTEX-11EM3-0826-SM-5N9CC,Young
GTEX-13QJC-0011-R8b-SM-5S2U6,Old
GTEX-XOT4-0005-SM-4B64S,Old
GTEX-16XZZ-0326-SM-7EWD6,Old
GTEX-1GPI7-0326-SM-7MKH6,Young
GTEX-X4XX-0011-R8B-SM-46MWM,Old
GTEX-13N1W-0011-R10b-SM-5MR4H,Old
GTEX-14PK6-1126-SM-5YY93,Old
GTEX-POMQ-2326-SM-5S2VS,Young
GTEX-13O3O-0011-R7b-SM-5P9GZ,Old
GTEX-WQUQ-2426-SM-4MVNW,Old
GTEX-QLQ7-1626-SM-2S1R8,Old
GTEX-ZYW4-0826-SM-5GIDG,Old
GTEX-147JS-1226-SM-5RQK4,Old
GTEX-145LS-2526-SM-5TDC9,Old
GTEX-1AX8Z-0326-SM-731BU,Old
GTEX-16XZZ-1626-SM-7KUEC,Old
GTEX-ZDTT-0226-SM-4WKHM,Old
GTEX-11ZTS-3026-SM-5EQM7,Old
GTEX-18QFQ-0726-SM-7LG6D,Young
GTEX-11P81-0926-SM-59874,Young
GTEX-ZPCL-0008-SM-4WWAU,Old
GTEX-XQ3S-1526-SM-4BOOC,Young
GTEX-1C6VR-2826-SM-7EWEE,Old
GTEX-14JG6-2326-SM-6LLH3,Young
GTEX-11ZTT-1826-SM-5CVLN,Old
GTEX-11OF3-1826-SM-5987N,Old
GTEX-12ZZZ-0726-SM-5GCNZ,Old
GTEX-148VJ-2626-SM-5QGPI,Old
GTEX-15CHQ-1226-SM-6ETZL,Old
GTEX-WYBS-1126-SM-3NMAM,Old
GTEX-11EMC-2826-SM-5PNY6,Old
GTEX-11OC5-0426-SM-5Q5AR,Old
GTEX-11WQC-2326-SM-5EQKE,Old
GTEX-1C6WA-0326-SM-7DUGE,Old
GTEX-1122O-0008-SM-5QGR2,Old
GTEX-QVJO-1826-SM-447C9,Old
GTEX-XLM4-0011-R3B-SM-4AT6E,Old
GTEX-ZE9C-0011-R7a-SM-4WWCX,Old
GTEX-13PDP-0011-R6b-SM-5O9D5,Old
GTEX-15SKB-2826-SM-6PAMH,Old
GTEX-PX3G-1526-SM-48U11,Young
GTEX-13X6I-2926-SM-5Q5C3,Old
GTEX-X4XY-0626-SM-4E3IN,Old
GTEX-12WSE-0926-SM-5S2VX,Young
GTEX-13W3W-2726-SM-5SIAE,Old
GTEX-Y9LG-2026-SM-62LFS,Young
GTEX-13CF3-1126-SM-5LZXB,Old
GTEX-15RIE-1826-SM-6M48P,Old
GTEX-T2IS-0011-R5A-SM-32QP4,Young
GTEX-15RIF-1126-SM-7KUG2,Young
GTEX-1A8G7-3026-SM-73KTT,Old
GTEX-139TS-0011-R2b-SM-5J1MX,Old
GTEX-11GSP-0008-SM-5Q5DM,Old
GTEX-1A3MW-0426-SM-731AI,Old
GTEX-1A8G6-3026-SM-7EWEJ,Old
GTEX-XQ3S-0426-SM-4BOOA,Young
GTEX-13NYS-0011-R1b-SM-5MR55,Old
GTEX-QVJO-0011-R6A-SM-2S1QN,Old
GTEX-ZQG8-1326-SM-51MQW,Old
GTEX-13QJC-0126-SM-5ZZWJ,Old
GTEX-12WSD-2826-SM-59HKT,Old
GTEX-13CZV-0011-R11b-SM-5N9FN,Old
GTEX-13JVG-0226-SM-5J1MW,Old
GTEX-14A5H-0726-SM-5Q5DW,Old
GTEX-1399T-0526-SM-5J1NC,Old
GTEX-O5YT-1626-SM-32PK6,Young
GTEX-13FHO-2826-SM-5K7ZA,Old
GTEX-13QIC-0011-R3a-SM-5P9HT,Old
GTEX-1B996-0011-R8b-SM-79OOS,Old
GTEX-13NZA-1026-SM-5MR48,Old
GTEX-13O1R-0526-SM-5K7XU,Old
GTEX-11EQ8-1426-SM-5EGJR,Old
GTEX-13YAN-1426-SM-7EPG8,Old
GTEX-1C6WA-2926-SM-79OLF,Old
GTEX-XYKS-1626-SM-4BRUQ,Old
GTEX-15DCE-2026-SM-7KUFE,Young
GTEX-15SKB-0826-SM-7KUFB,Old
GTEX-O5YV-2026-SM-2D7VS,Old
GTEX-13RTJ-0011-R10b-SM-5O9CW,Old
GTEX-132NY-0008-SM-62LFX,Old
GTEX-RWS6-1926-SM-47JXY,Old
GTEX-14E7W-1026-SM-62LEK,Old
GTEX-13FHO-2726-SM-5K7VG,Old
GTEX-12ZZZ-2026-SM-5LZWJ,Old
GTEX-OXRP-0006-SM-2I3FN,Old
GTEX-13113-1426-SM-5EGHU,Old
GTEX-11GSP-2826-SM-5A5LK,Old
GTEX-Y9LG-1926-SM-5IFHY,Young
GTEX-ZZ64-1726-SM-5GZYB,Young
GTEX-14E6E-1626-SM-5RQI7,Young
GTEX-WYBS-2426-SM-4ONDI,Old
GTEX-11DYG-1426-SM-5A5JR,Old
GTEX-17EUY-0326-SM-7DUEY,Young
GTEX-14XAO-1326-SM-6EU1A,Old
GTEX-16XZZ-0526-SM-7KUF1,Old
GTEX-YJ8A-1426-SM-5PNV7,Young
GTEX-ZDXO-0011-R11a-SM-4WWD9,Old
GTEX-147GR-0426-SM-5S2OL,Old
GTEX-1BAJH-2426-SM-7IGP8,Old
GTEX-12WSD-1126-SM-5EGJD,Old
GTEX-13S7M-0011-R1b-SM-5PNZE,Old
GTEX-16GPK-1426-SM-6M47Y,Old
GTEX-14PN3-1326-SM-6AJ9U,Old
GTEX-1211K-1826-SM-5EGJ2,Old
GTEX-1399R-2126-SM-5K7WZ,Young
GTEX-13OVH-0426-SM-5K7UC,Old
GTEX-12WSF-0011-R4b-SM-5HL88,Old
GTEX-14ASI-2926-SM-5Q5DG,Old
GTEX-WHSE-1426-SM-4M1XG,Young
GTEX-T2IS-1926-SM-4DM74,Young
GTEX-N7MT-0011-R8a-SM-2I5GU,Old
GTEX-ZYT6-1726-SM-5E44P,Young
GTEX-11EQ8-0008-SM-5Q5DJ,Old
GTEX-WYBS-0926-SM-3NM94,Old
GTEX-X4EP-0726-SM-3P5YJ,Old
GTEX-13O1R-1026-SM-5KM2L,Old
GTEX-T5JC-2126-SM-32PMO,Young
GTEX-ZYFG-0626-SM-5GZYA,Old
GTEX-ZLV1-0626-SM-4WWF6,Old
GTEX-13JVG-0011-R4a-SM-5MR4C,Old
GTEX-X4EP-3226-SM-3P5YR,Old
GTEX-15G1A-1226-SM-7KUF3,Young
GTEX-14E7W-0011-R7b-SM-5ZZV4,Old
GTEX-14BMU-0006-SM-5MR3T,Young
GTEX-15CHC-0626-SM-686YV,Old
GTEX-13CF3-2126-SM-5IFJP,Old
GTEX-Y5V6-2726-SM-4VDSC,Old
GTEX-ZVT3-0011-R5a-SM-51MSI,Old
GTEX-17JCI-1126-SM-7IGMM,Old
GTEX-PWCY-1826-SM-5SI7U,Young
GTEX-13W3W-1126-SM-5L3DO,Old
GTEX-147GR-2826-SM-5RQK8,Old
GTEX-18D9B-1226-SM-72D6V,Old
GTEX-XQ3S-0626-SM-4BOOB,Young
GTEX-PW2O-0226-SM-48TC7,Young
GTEX-1211K-2426-SM-59HL8,Old
GTEX-1AX9I-3026-SM-73KUH,Old
GTEX-1128S-0326-SM-5GZZF,Old
GTEX-X4XX-0011-R1B-SM-3P622,Old
GTEX-131YS-1726-SM-5HL7G,Old
GTEX-17F96-1126-SM-7EWDF,Old
GTEX-11GSO-0011-R3b-SM-57WB2,Old
GTEX-T2IS-0226-SM-32QPH,Young
GTEX-15ER7-1926-SM-7KUEW,Young
GTEX-U8T8-0005-SM-3DB8F,Old
GTEX-1211K-0006-SM-5MR53,Old
GTEX-11P82-1026-SM-5BC5J,Young
GTEX-13OW5-3126-SM-5MR3Y,Old
GTEX-RTLS-1226-SM-46MUP,Old
GTEX-1AX9J-2126-SM-731DD,Old
GTEX-18D9A-0626-SM-7KFTY,Young
GTEX-WFG8-2426-SM-3GILL,Young
GTEX-ZXG5-0626-SM-5NQ85,Old
GTEX-147JS-2826-SM-5YYA7,Old
GTEX-U8XE-2026-SM-3DB8S,Young
GTEX-11WQC-2426-SM-5EQKQ,Old
GTEX-12KS4-0926-SM-5BC5S,Young
GTEX-PX3G-1826-SM-2S1PK,Young
GTEX-1AX9I-1226-SM-731CJ,Old
GTEX-TKQ1-0006-SM-33HBI,Young
GTEX-14A6H-0226-SM-5Q5DX,Young
GTEX-144GM-1126-SM-79OJK,Young
GTEX-RWS6-1726-SM-47JXP,Old
GTEX-11DXY-1126-SM-5987W,Old
GTEX-12C56-0626-SM-5EGGC,Young
GTEX-17F9Y-1426-SM-7IGOO,Old
GTEX-18A66-0226-SM-718BD,Old
GTEX-WOFM-0005-SM-3MJF3,Young
GTEX-11GSP-1326-SM-5A5KY,Old
GTEX-ZDTT-0126-SM-4WKHA,Old
GTEX-18D9A-0826-SM-718C1,Young
GTEX-12WSF-0426-SM-7KUMT,Old
GTEX-11EQ9-1226-SM-5987E,Young
GTEX-P4PP-2426-SM-3P61L,Young
GTEX-WHSE-0826-SM-4SOJU,Young
GTEX-14PHY-1026-SM-62LEV,Old
GTEX-12126-0011-R11a-SM-5BC6X,Young
GTEX-1A3MX-0011-R3b-SM-79OOW,Old
GTEX-12WSM-0011-R3b-SM-5LZWI,Old
GTEX-11TT1-2026-SM-5EQM8,Young
GTEX-ZTPG-0426-SM-5O98K,Young
GTEX-11LCK-0126-SM-5A5M5,Young
GTEX-RTLS-2626-SM-46MUJ,Old
GTEX-11WQC-0011-R11b-SM-57WD6,Old
GTEX-13OW8-2426-SM-5L3ID,Old
GTEX-11ZUS-2126-SM-5N9E6,Young
GTEX-TSE9-0011-R5A-SM-3DB7J,Old
GTEX-111YS-0326-SM-5GZZ3,Old
GTEX-15SHW-1926-SM-7KUKU,Old
GTEX-QDT8-2926-SM-32PKC,Young
GTEX-13X6K-0326-SM-5Q5D6,Old
GTEX-11EQ9-0526-SM-5A5JZ,Young
GTEX-14PK6-1926-SM-6ETZU,Old
GTEX-1CB4E-1326-SM-7DUGD,Old
GTEX-13JVG-0011-R8a-SM-5KM3E,Old
GTEX-132Q8-0011-R6a-SM-5K7YN,Old
GTEX-12WSM-0008-SM-5S2VD,Old
GTEX-16Z82-2926-SM-6LPJJ,Old
GTEX-ZXG5-0226-SM-59HJI,Old
GTEX-11ZU8-0008-SM-5S2VO,Old
GTEX-13W3W-2626-SM-5SIA2,Old
GTEX-PX3G-0726-SM-48TZT,Young
GTEX-13OVG-0926-SM-5J2OJ,Old
GTEX-ZXES-0626-SM-5E45P,Young
GTEX-14DAQ-0226-SM-664MQ,Old
GTEX-12WSD-0011-R1b-SM-5LZVY,Old
GTEX-ZVT3-3026-SM-5E43N,Old
GTEX-1AX9I-1126-SM-7EPHH,Old
GTEX-WOFM-1626-SM-3MJFX,Young
GTEX-ZE9C-0011-R6a-SM-4WWCW,Old
GTEX-13RTK-0826-SM-5Q5C6,Young
GTEX-P4PP-0926-SM-48TBZ,Young
GTEX-QESD-0006-SM-2I5G6,Young
GTEX-13O3O-2326-SM-5IJD6,Old
GTEX-T5JW-0008-SM-4DM5X,Young
GTEX-139TS-0008-SM-62LDG,Old
GTEX-YJ89-0226-SM-4TT3Y,Old
GTEX-13O61-1126-SM-5L3FI,Old
GTEX-13X6K-0011-R11a-SM-5P9F5,Old
GTEX-ZLV1-2026-SM-5EQMB,Old
GTEX-S33H-0126-SM-4AD62,Young
GTEX-14DAQ-1326-SM-5RQIM,Old
GTEX-S4Q7-1126-SM-4AD6R,Young
GTEX-11NV4-2026-SM-5N9DG,Old
GTEX-RWS6-2026-SM-2XCB5,Old
GTEX-U8XE-1826-SM-4E3HV,Young
GTEX-OHPN-0011-R7A-SM-2I5FI,Old
GTEX-14DAQ-0005-SM-5NQ7B,Old
GTEX-139T8-0011-R5b-SM-5J1MO,Old
GTEX-15RIF-0126-SM-7KUG3,Young
GTEX-YJ89-0011-R1a-SM-4RGLS,Old
GTEX-ZQG8-2426-SM-57WEE,Old
GTEX-14E6E-0006-SM-5MR5N,Young
GTEX-ZE9C-1426-SM-4WKGM,Old
GTEX-OXRP-0126-SM-3NB32,Old
GTEX-11WQC-0011-R8b-SM-57WCH,Old
GTEX-11NV4-2226-SM-5BC4T,Old
GTEX-POMQ-0326-SM-2I5FO,Young
GTEX-1A3MV-1726-SM-72D68,Young
GTEX-REY6-2126-SM-48FD9,Old
GTEX-QLQ7-1826-SM-2S1R5,Old
GTEX-QDT8-0011-R3A-SM-32PKR,Young
GTEX-11NV4-0008-SM-5Q5BA,Old
GTEX-1CB4H-3126-SM-7IGN4,Old
GTEX-11ZUS-0011-R8a-SM-5BC73,Young
GTEX-13O61-0005-SM-5O9AU,Old
GTEX-13QJC-2326-SM-5Q5CD,Old
GTEX-15DYW-1926-SM-6EU2K,Old
GTEX-S95S-0826-SM-4B64N,Old
GTEX-TKQ1-0426-SM-4DXT4,Young
GTEX-13OVG-1626-SM-5J1NF,Old
GTEX-1CB4F-0726-SM-793AO,Old
GTEX-QEG4-0426-SM-33HC3,Young
GTEX-QLQ7-0008-SM-447AW,Old
GTEX-14PJ6-2426-SM-6ETZS,Old
GTEX-S7PM-0526-SM-3NM92,Old
GTEX-14PJ6-0726-SM-69LOL,Old
GTEX-ZXES-1426-SM-5NQ8S,Young
GTEX-YJ8A-0426-SM-5IFID,Young
GTEX-14E7W-0126-SM-6LLJ9,Old
GTEX-146FQ-1026-SM-5LU8I,Young
GTEX-WYBS-0008-SM-4ONDX,Old
GTEX-15UF6-2126-SM-6M46Z,Old
GTEX-16GPK-0626-SM-7KFSF,Old
GTEX-13NZ8-1226-SM-5KM4A,Old
GTEX-132NY-0326-SM-5IJBL,Old
GTEX-PWCY-0226-SM-48TD8,Young
GTEX-147GR-3026-SM-5S2ML,Old
GTEX-17HG3-0126-SM-7IGNH,Young
GTEX-11ONC-0526-SM-5BC57,Old
GTEX-1117F-2926-SM-5GZYI,Old
GTEX-11P81-1526-SM-5P9GS,Young
GTEX-14XAO-1126-SM-6EU11,Old
GTEX-11P7K-0726-SM-5EGKX,Young
GTEX-X4EP-0008-SM-4PQYO,Old
GTEX-145MI-0011-R6a-SM-5PNZA,Old
GTEX-12KS4-2426-SM-5LU8P,Young
GTEX-SNMC-0006-SM-2XCFE,Young
GTEX-X4XX-3026-SM-3NMB2,Old
GTEX-N7MS-0526-SM-4E3JP,Old
GTEX-1BAJH-2326-SM-7IGMO,Old
GTEX-1445S-0011-R3a-SM-5P9HY,Old
GTEX-11NV4-1426-SM-5BC4W,Old
GTEX-X638-0226-SM-47JZ9,Old
GTEX-Y8DK-0011-R1A-SM-4RGLO,Old
GTEX-13N2G-0526-SM-5MR5L,Old
GTEX-14E6E-1426-SM-5RQI2,Young
GTEX-14JIY-0011-R3a-SM-5YYAQ,Old
GTEX-14PJ4-1726-SM-664OC,Old
GTEX-183WM-1926-SM-72D5F,Old
GTEX-REY6-0005-SM-2TF54,Old
GTEX-S7PM-0011-R6A-SM-3NM8F,Old
GTEX-S33H-2426-SM-2XCB2,Young
GTEX-14ASI-0011-R10b-SM-5S2VZ,Old
GTEX-X4XY-0008-SM-46MVL,Old
GTEX-13PDP-1026-SM-5L3FA,Old
GTEX-14PJO-0011-R10a-SM-686ZS,Old
GTEX-1399R-0426-SM-5IJE3,Young
GTEX-WQUQ-2526-SM-4MVNO,Old
GTEX-14LLW-0226-SM-62LEL,Old
GTEX-NPJ7-0011-R4a-SM-2I3GJ,Old
GTEX-11NV4-0626-SM-5N9BR,Old
GTEX-11ZTT-0626-SM-5EQLM,Old
GTEX-14PN3-0426-SM-6LLIY,Old
GTEX-12ZZZ-0011-R4b-SM-5DUV7,Old
GTEX-16XZZ-3026-SM-79OMJ,Old
GTEX-16GPK-0011-R11b-SM-7MKFF,Old
GTEX-S33H-0326-SM-4AD6N,Young
GTEX-WFG7-2426-SM-3GIL2,Young
GTEX-15RIF-0826-SM-6M47C,Young
GTEX-1445S-0011-R10a-SM-5PNWB,Old
GTEX-14PJO-2526-SM-6AJBQ,Old
GTEX-QVUS-0008-SM-447AY,Old
GTEX-146FQ-1926-SM-5NQBY,Young
GTEX-11NSD-1626-SM-5986U,Young
GTEX-14PJ5-2026-SM-6LLIN,Old
GTEX-XQ3S-0008-SM-4GIDZ,Young
GTEX-1AMEY-0226-SM-7189Q,Young
GTEX-11GSP-2526-SM-5N9BP,Old
GTEX-14E7W-2326-SM-69LQC,Old
GTEX-15DCD-0126-SM-7KUEK,Old
GTEX-WHSE-0011-R2A-SM-3P5ZL,Young
GTEX-12KS4-0726-SM-5FQSX,Young
GTEX-11ONC-2726-SM-5N9DZ,Old
GTEX-15UF6-1126-SM-6LPJ3,Old
GTEX-TSE9-2526-SM-4DXUS,Old
GTEX-WOFL-0826-SM-3MJG1,Old
GTEX-13W3W-0426-SM-5SI9D,Old
GTEX-13SLW-1226-SM-5S2Q7,Old
GTEX-P4PQ-1726-SM-3NB15,Old
GTEX-144GM-1326-SM-5LU5E,Young
GTEX-145LS-0011-R4b-SM-5S2UT,Old
GTEX-ZPCL-0006-SM-4WWAS,Old
GTEX-ZTX8-0426-SM-59HLG,Young
GTEX-S4Q7-0726-SM-4AD5F,Young
GTEX-16YQH-1826-SM-6LPJW,Young
GTEX-NPJ7-0011-R11A-SM-2I3E8,Old
GTEX-11TT1-0726-SM-5GU5A,Young
GTEX-14PJ5-0926-SM-6LLIK,Old
GTEX-XMD2-0226-SM-4WWEE,Old
GTEX-14BMU-1826-SM-5RQII,Young
GTEX-11ONC-2526-SM-5986W,Old
GTEX-U3ZN-2226-SM-3DB88,Young
GTEX-13PL7-2526-SM-5IFGR,Old
GTEX-14C5O-0011-R11b-SM-6872H,Old
GTEX-P4PP-0626-SM-3NM9X,Young
GTEX-1212Z-0326-SM-5FQSJ,Old
GTEX-Y5V5-0426-SM-4VBPU,Old
GTEX-14A6H-1026-SM-5SIAZ,Young
GTEX-147JS-0226-SM-5S2U9,Old
GTEX-QDT8-0626-SM-48TYW,Young
GTEX-145LS-0011-R5a-SM-5SI65,Old
GTEX-11NV4-0326-SM-5HL58,Old
GTEX-13OW5-0011-R1b-SM-5L3GE,Old
GTEX-11TTK-0008-SM-5S2RU,Old
GTEX-16GPK-0526-SM-7KUER,Old
GTEX-ZDTT-2126-SM-5S2OJ,Old
GTEX-WOFL-0126-SM-3MJG2,Old
GTEX-12WSA-1626-SM-5EGJV,Old
GTEX-ZDXO-0011-R7a-SM-4WWCU,Old
GTEX-RTLS-0226-SM-2TF5E,Old
GTEX-1445S-1226-SM-5O9BF,Old
GTEX-131YS-3226-SM-5IFGV,Old
GTEX-16XZY-2526-SM-7DHL2,Old
GTEX-1EU9M-2326-SM-7MKGS,Old
GTEX-148VJ-1826-SM-5Q5DV,Old
GTEX-111VG-0326-SM-5GZX7,Old
GTEX-11TUW-0626-SM-5LU9M,Old
GTEX-131YS-0226-SM-5IJEH,Old
GTEX-12WSM-0011-R7b-SM-5EGLD,Old
GTEX-QVJO-0326-SM-2S1R1,Old
GTEX-13CF2-0011-R1a-SM-5LZY1,Old
GTEX-14PK6-0426-SM-6EU1J,Old
GTEX-145MN-1526-SM-5SI9T,Young
GTEX-1117F-2226-SM-5N9CH,Old
GTEX-1B996-1226-SM-73KWZ,Old
GTEX-13NYS-1026-SM-5KLZT,Old
GTEX-ZYY3-0826-SM-5E44R,Old
GTEX-1C4CL-0326-SM-7DHMH,Young
GTEX-XBED-0006-SM-47JXO,Old
GTEX-13OW8-0011-R10a-SM-5L3H6,Old
GTEX-ZDTS-0926-SM-5YY9D,Old
GTEX-12WSA-0005-SM-5O9BM,Old
GTEX-1212Z-1826-SM-5FQSH,Old
GTEX-1A8G6-0011-R5b-SM-7IGQG,Old
GTEX-13NZ8-0011-R8b-SM-5KM48,Old
GTEX-YECK-1426-SM-5IFHE,Old
GTEX-R55E-0011-R1A-SM-2TC6N,Young
GTEX-13CZU-0008-SM-5ZZUI,Young
GTEX-13JVG-0011-R3b-SM-5LZXF,Old
GTEX-11OF3-3026-SM-5GU52,Old
GTEX-POMQ-2026-SM-2S1OD,Young
GTEX-13CF2-2726-SM-5LZWW,Old
GTEX-XYKS-2226-SM-4E3IU,Old
GTEX-14PJ6-1526-SM-6AJ9M,Old
GTEX-1211K-0726-SM-5FQUW,Old
GTEX-WFJO-1926-SM-3GILA,Young
GTEX-14C5O-1226-SM-664N3,Old
GTEX-13NYS-0011-R9b-SM-5MR44,Old
GTEX-14JIY-0426-SM-62LF7,Old
GTEX-17JCI-3026-SM-7EWDR,Old
GTEX-1B8SF-0011-R5a-SM-79OOO,Old
GTEX-1445S-0011-R5a-SM-5PNUS,Old
GTEX-11GSO-0011-R1b-SM-57WD3,Old
GTEX-13N1W-0011-R5b-SM-5MR5Q,Old
GTEX-14PJO-1626-SM-69LPQ,Old
GTEX-ZQG8-0008-SM-4E3J9,Old
GTEX-11DXX-1726-SM-5H11T,Old
GTEX-13NZA-0126-SM-5K7UH,Old
GTEX-1CB4E-1126-SM-79OOM,Old
GTEX-TMZS-0326-SM-3DB9P,Old
GTEX-S4Z8-0526-SM-4AD4T,Old
GTEX-15SHW-1326-SM-6PAL8,Old
GTEX-1497J-0326-SM-5Q5CN,Old
GTEX-11P7K-2226-SM-5GU56,Young
GTEX-17EVQ-1926-SM-7IGOF,Old
GTEX-Y5V6-2026-SM-5IFHO,Old
GTEX-18D9B-2026-SM-7LT96,Old
GTEX-13NZB-0826-SM-5K7X5,Young
GTEX-13X6I-1426-SM-5SI9Z,Old
GTEX-1CB4G-1326-SM-7MKFP,Old
GTEX-11GSO-2326-SM-5A5LX,Old
GTEX-131YS-1626-SM-5HL6C,Old
GTEX-13FHO-0011-R6b-SM-5LZX1,Old
GTEX-WOFM-1126-SM-4OOSB,Young
GTEX-ZTPG-0926-SM-5O99H,Young
GTEX-11TTK-2826-SM-5GU5K,Old
GTEX-SNMC-1026-SM-4DM7K,Young
GTEX-UTHO-0726-SM-3GAEN,Old
GTEX-QESD-0426-SM-4R1JZ,Young
GTEX-14E7W-1226-SM-5RQIU,Old
GTEX-11EQ9-1426-SM-5987G,Young
GTEX-ZYFG-0926-SM-5BC5U,Old
GTEX-11EQ8-0526-SM-5N9BC,Old
GTEX-ZVZQ-0011-R3a-SM-57WC7,Old
GTEX-13QJC-0526-SM-5RQKB,Old
GTEX-132QS-0826-SM-5K7WV,Old
GTEX-15RIF-1926-SM-7KUDW,Young
GTEX-111YS-1526-SM-5GZYW,Old
GTEX-145MI-0626-SM-5SI8S,Old
GTEX-11EI6-0226-SM-5EQ64,Old
GTEX-16GPK-0326-SM-793BT,Old
GTEX-ZP4G-1926-SM-57WDZ,Young
GTEX-ZXG5-0926-SM-5NQ8H,Old
GTEX-OHPL-1626-SM-2HMIR,Old
GTEX-ZZ64-0326-SM-5E45S,Young
GTEX-RTLS-0826-SM-2TF5Q,Old
GTEX-ZYW4-0226-SM-5E44M,Old
GTEX-145MO-1426-SM-5Q5BS,Old
GTEX-139TS-0011-R5b-SM-5J2MZ,Old
GTEX-13PVR-2626-SM-7DHKQ,Old
GTEX-13O1R-0726-SM-5IJEI,Old
GTEX-12WSF-0011-R3a-SM-5DUW7,Old
GTEX-145MN-1126-SM-5RQJB,Young
GTEX-11EM3-1026-SM-5A5KL,Young
GTEX-ZE9C-0726-SM-4WKGA,Old
GTEX-12BJ1-0826-SM-5EQ5P,Old
GTEX-1EU9M-1126-SM-793DE,Old
GTEX-Y8DK-0011-R3A-SM-4RTW5,Old
GTEX-12ZZZ-0926-SM-5N9EQ,Old
GTEX-13NZA-0826-SM-5K7WS,Old
GTEX-147GR-0011-R6b-SM-5S2RO,Old
GTEX-QVJO-0126-SM-3GIK4,Old
GTEX-11EQ8-0826-SM-5N9FG,Old
GTEX-XMD2-0526-SM-4YCDI,Old
GTEX-13OVG-0426-SM-5KM2T,Old
GTEX-RU1J-0426-SM-46MUK,Young
GTEX-ZTX8-1626-SM-51MRY,Young
GTEX-P4PQ-0008-SM-48TDX,Old
GTEX-15RIF-1426-SM-7KUKQ,Young
GTEX-Y5V5-2126-SM-4WWFO,Old
GTEX-PLZ6-0826-SM-3P61K,Young
GTEX-ZPCL-1626-SM-57WGC,Old
GTEX-1A8G6-0226-SM-79ONQ,Old
GTEX-147JS-1126-SM-5RQIW,Old
GTEX-O5YT-0008-SM-4E3IQ,Young
GTEX-145MI-0326-SM-5Q5EV,Old
GTEX-131XF-2226-SM-5EQKG,Old
GTEX-14B4R-0426-SM-5Q5EI,Young
GTEX-T2IS-1026-SM-32QP1,Young
GTEX-1CB4G-2926-SM-7MKFQ,Old
GTEX-13N2G-0226-SM-5K7VF,Old
GTEX-YJ89-0726-SM-5P9F7,Old
GTEX-T5JC-2326-SM-32PMR,Young
GTEX-11ZTT-0926-SM-5EQMS,Old
GTEX-16Z82-0011-R5a-SM-7EPGB,Old
GTEX-15G1A-2326-SM-6PAMJ,Young
GTEX-132QS-0526-SM-5IJC7,Old
GTEX-VUSH-0008-SM-47JWK,Young
GTEX-11LCK-2326-SM-5HL53,Young
GTEX-18A6Q-0626-SM-7KFRP,Old
GTEX-13OW8-2326-SM-5L3I9,Old
GTEX-1122O-1226-SM-5H113,Old
GTEX-11P82-1926-SM-5Q5AU,Young
GTEX-QV31-1326-SM-2S1QE,Young
GTEX-11GSP-0726-SM-5986L,Old
GTEX-1A3MV-1526-SM-731BO,Young
GTEX-1C6WA-0726-SM-7IGQ5,Old
GTEX-13113-2026-SM-5LZU3,Old
GTEX-13PLJ-0326-SM-5L3I7,Old
GTEX-1EWIQ-0726-SM-7MKFW,Old
GTEX-11DXX-0526-SM-5PNVR,Old
GTEX-WOFM-0008-SM-4OOSY,Young
GTEX-16YQH-0226-SM-6PALD,Young
GTEX-13JVG-0126-SM-5L3D3,Old
GTEX-ZVZQ-0011-R6b-SM-57WAY,Old
GTEX-14JG6-0526-SM-6LLIH,Young
GTEX-15CHQ-0011-R6b-SM-69LOX,Old
GTEX-TSE9-0426-SM-3DB81,Old
GTEX-S7SF-1926-SM-4AT5B,Young
GTEX-15CHQ-0726-SM-6EU18,Old
GTEX-WFG8-0726-SM-3GILP,Young
GTEX-16MT8-0626-SM-6M47Q,Old
GTEX-14PKV-2126-SM-664O3,Young
GTEX-VJYA-0626-SM-4KL1S,Old
GTEX-1AX9J-2626-SM-731EK,Old
GTEX-1C64O-1626-SM-731EN,Old
GTEX-13O61-0926-SM-5IFFE,Old
GTEX-XUZC-0126-SM-4BOO6,Young
GTEX-131YS-2226-SM-5P9G8,Old
GTEX-1F6RS-2726-SM-7MKHA,Old
GTEX-Y5V5-2426-SM-5IFJA,Old
GTEX-15RIE-0006-SM-7MKF8,Old
GTEX-1AX8Z-1326-SM-7DHMO,Old
GTEX-13O3O-0526-SM-5J1NL,Old
GTEX-TMZS-0008-SM-47JWM,Old
GTEX-1CB4F-1926-SM-7MKFN,Old
GTEX-14PJ5-0326-SM-664OD,Old
GTEX-11P82-0008-SM-5S2MS,Young
GTEX-ZQG8-0001-SM-4YCDH,Old
GTEX-11EMC-1826-SM-5A5JT,Old
GTEX-139TT-0011-R6b-SM-5J2ON,Old
GTEX-13VXT-0626-SM-5SIA1,Young
GTEX-11NSD-1426-SM-5HL67,Young
GTEX-18D9B-0526-SM-7LTAS,Old
GTEX-11NV4-1926-SM-5N9D4,Old
GTEX-P4PP-1526-SM-3P61M,Young
GTEX-ZQG8-1126-SM-51MRL,Old
GTEX-11OF3-0626-SM-5BC4Y,Old
GTEX-1A3MX-2726-SM-718B6,Old
GTEX-1C64O-0926-SM-79OLN,Old
GTEX-ZYW4-1526-SM-5SIBA,Old
GTEX-13CF3-2326-SM-5IFGL,Old
GTEX-1EH9U-1326-SM-79OM3,Old
GTEX-S7SF-0626-SM-4AD4V,Young
GTEX-1AX9J-0326-SM-73KXY,Old
GTEX-14DAQ-1626-SM-5S2R1,Old
GTEX-15UF6-0726-SM-6PALI,Old
GTEX-RU1J-1426-SM-46MUV,Young
GTEX-15CHQ-0011-R4a-SM-686ZX,Old
GTEX-131YS-2426-SM-5J2OD,Old
GTEX-YECK-1926-SM-4W21H,Old
GTEX-ZTPG-1026-SM-5DUWP,Young
GTEX-15CHQ-0011-R9a-SM-6LLHX,Old
GTEX-X4XX-0011-R4B-SM-46MWL,Old
GTEX-SJXC-0526-SM-2XCFG,Old
GTEX-O5YU-0008-SM-4E3I7,Old
GTEX-POMQ-0826-SM-3P61H,Young
GTEX-13W3W-1726-SM-5LU4A,Old
GTEX-183FY-1926-SM-7KFRI,Young
GTEX-145LS-0626-SM-7EPG7,Old
GTEX-14E7W-1526-SM-6871X,Old
GTEX-1399T-2826-SM-5KLYZ,Old
GTEX-11DXY-2326-SM-5GICW,Old
GTEX-12WSF-0011-R2a-SM-5DUVU,Old
GTEX-13FTZ-0326-SM-5J1O1,Old
GTEX-18QFQ-0926-SM-7LG4V,Young
GTEX-14PJO-0011-R9b-SM-62LE9,Old
GTEX-139TU-0226-SM-5J1NM,Old
GTEX-ZDTT-0326-SM-4WKF9,Old
GTEX-13RTJ-1426-SM-793B3,Old
GTEX-1EH9U-0926-SM-7EWF1,Old
GTEX-XPT6-0001-SM-4B64G,Young
GTEX-13CF3-2426-SM-5IFGX,Old
GTEX-14C5O-1726-SM-5RQI9,Old
GTEX-15EOM-5019-SM-793DK,Young
GTEX-OXRO-0006-SM-2I5EM,Old
GTEX-1A8G7-1126-SM-731ED,Old
GTEX-ZP4G-2426-SM-57WEY,Young
GTEX-POYW-0426-SM-2XCEV,Old
GTEX-12WSM-0526-SM-5GCO8,Old
GTEX-PWCY-1926-SM-3NB25,Young
GTEX-13PLJ-0011-R3a-SM-5O9DT,Old
GTEX-13O3O-0011-R11b-SM-5KM4G,Old
GTEX-RTLS-2326-SM-46MUH,Old
GTEX-11ZTS-0126-SM-5EQ6M,Old
GTEX-ZVZQ-0011-R9a-SM-51MRH,Old
GTEX-139TU-1226-SM-5J2NL,Old
GTEX-16XZZ-2726-SM-7EWDO,Old
GTEX-1EH9U-1126-SM-7IGLU,Old
GTEX-15UF6-3126-SM-6M46J,Old
GTEX-POYW-0526-SM-2XCEY,Old
GTEX-ZYFG-2426-SM-5GIE8,Old
GTEX-PW2O-0526-SM-2I3DX,Young
GTEX-113IC-0006-SM-5NQ9C,Old
GTEX-ZF28-0005-SM-4WKH3,Old
GTEX-VJYA-0926-SM-4KL1N,Old
GTEX-13OVG-0526-SM-5K7YD,Old
GTEX-13VXT-0326-SM-5LU4U,Young
GTEX-15FZZ-1326-SM-6PANN,Young
GTEX-14DAQ-2826-SM-664MU,Old
GTEX-1AMEY-0626-SM-72D6B,Young
GTEX-12WSD-2626-SM-5EGJE,Old
GTEX-14PJO-0011-R1b-SM-6AJAK,Old
GTEX-ZYFG-0826-SM-5BC5T,Old
GTEX-139TT-0011-R7b-SM-5J2MN,Old
GTEX-1A8G6-1426-SM-731EZ,Old
GTEX-17EVQ-0126-SM-7IGLR,Old
GTEX-14C5O-0926-SM-793DM,Old
GTEX-12WSD-0011-R5b-SM-5CVNG,Old
GTEX-144GO-0011-R1a-SM-5PNWO,Old
GTEX-13NYS-1926-SM-5IJCB,Old
GTEX-111YS-0726-SM-5GZY8,Old
GTEX-1C4CL-1226-SM-7DUFT,Young
GTEX-15DYW-0011-R2b-SM-7KUKY,Old
GTEX-11P81-2226-SM-5PNYI,Young
GTEX-ZYT6-0826-SM-5E43I,Young
GTEX-14B4R-0726-SM-5TDDR,Young
GTEX-131XF-0726-SM-5GIE5,Old
GTEX-XQ3S-0006-SM-4BOQ4,Young
GTEX-ZTPG-0226-SM-5O99I,Young
GTEX-T5JC-0011-R5A-SM-32PLK,Young
GTEX-11GSP-2726-SM-5A5LJ,Old
GTEX-1399S-0126-SM-5IJCF,Young
GTEX-RTLS-0008-SM-48FET,Old
GTEX-15RIE-1326-SM-6PAMM,Old
GTEX-Y8DK-0126-SM-4TT3L,Old
GTEX-1BAJH-2926-SM-7EPHP,Old
GTEX-14DAQ-2526-SM-5RQIO,Old
GTEX-15DCD-0011-R7b-SM-6LPID,Old
GTEX-14PJ6-1126-SM-6AJ9R,Old
GTEX-132QS-2426-SM-62LFI,Old
GTEX-11EMC-0926-SM-59863,Old
GTEX-14PJO-0326-SM-6LLHT,Old
GTEX-18A66-2026-SM-7189C,Old
GTEX-WFJO-0002-SM-3P61X,Young
GTEX-ZQUD-0426-SM-57WFR,Young
GTEX-139UW-0126-SM-5KM1B,Old
GTEX-12ZZY-0626-SM-5EQ5T,Old
GTEX-ZXG5-0011-R7b-SM-57WCC,Old
GTEX-XBED-1726-SM-47JYO,Old
GTEX-1AX9I-1526-SM-72D53,Old
GTEX-16Z82-0426-SM-7EPGX,Old
GTEX-12696-2726-SM-5FQUL,Old
GTEX-14PK6-1226-SM-6EU1W,Old
GTEX-QLQW-0526-SM-4R1KS,Young
GTEX-13W3W-1526-SM-5LU5I,Old
GTEX-18A6Q-0011-R1b-SM-731DI,Old
GTEX-T5JC-0011-R8A-SM-32PLM,Young
GTEX-117XS-1926-SM-5GICO,Old
GTEX-ZF29-1626-SM-4WKFJ,Old
GTEX-12WSE-2926-SM-5RQJ9,Young
GTEX-ZF29-1726-SM-4WKFV,Old
GTEX-ZDTS-0526-SM-4WKH9,Old
GTEX-N7MS-0826-SM-2HML4,Old
GTEX-14PJ4-1226-SM-5YY9U,Old
GTEX-PX3G-0126-SM-2I3EN,Young
GTEX-183WM-0011-R7b-SM-731AX,Old
GTEX-13YAN-2126-SM-5Q5C4,Old
GTEX-ZQUD-0003-SM-4YCD3,Young
GTEX-12WSD-0011-R10b-SM-5GU79,Old
GTEX-12WSD-1926-SM-5GCOV,Old
GTEX-13CZV-0011-R10b-SM-5LZYD,Old
GTEX-14PK6-1626-SM-6871I,Old
GTEX-11TUW-1726-SM-5BC5C,Old
GTEX-RTLS-1326-SM-46MUN,Old
GTEX-1269C-1026-SM-5N9EY,Old
GTEX-14753-0426-SM-5NQAM,Old
GTEX-Y5V5-1826-SM-4VDS5,Old
GTEX-ZE9C-0011-R3a-SM-4WKGT,Old
GTEX-ZDTS-2726-SM-5L3E2,Old
GTEX-13RTK-1826-SM-5S2P3,Young
GTEX-1399S-1426-SM-5PNYQ,Young
GTEX-1B996-0011-R7b-SM-7IGNT,Old
GTEX-11DYG-2026-SM-5EGGX,Old
GTEX-11OF3-2526-SM-5P9JL,Old
GTEX-15ER7-3126-SM-7KUGH,Young
GTEX-14B4R-1426-SM-5Q5CG,Young
GTEX-18A66-1526-SM-72D6Y,Old
GTEX-15G1A-0426-SM-6M468,Young
GTEX-13PLJ-0011-R5a-SM-5O9BG,Old
GTEX-ZF29-0826-SM-5S2NP,Old
GTEX-1192W-0226-SM-5EGGT,Old
GTEX-131YS-0008-SM-5YY9Z,Old
GTEX-XLM4-2326-SM-4TT2D,Old
GTEX-148VJ-0011-R3b-SM-69LQJ,Old
GTEX-1B8SF-1826-SM-731DJ,Old
GTEX-18D9A-1326-SM-7LT8P,Young
GTEX-13QIC-0011-R1a-SM-5O9CJ,Old
GTEX-13OW8-2926-SM-5L3FV,Old
GTEX-14A5H-0526-SM-5TDCN,Old
GTEX-T2IS-3026-SM-32QPM,Young
GTEX-WFG8-0126-SM-4LVMH,Young
GTEX-Y9LG-0526-SM-4VBRY,Young
GTEX-145LS-3226-SM-5TDCA,Old
GTEX-13OVG-1026-SM-5KLZ3,Old
GTEX-11TT1-0326-SM-5LUAY,Young
GTEX-183FY-1326-SM-7DHLL,Young
GTEX-ZXG5-0008-SM-57WDB,Old
GTEX-12WSD-1226-SM-5HL9Q,Old
GTEX-Y8DK-0005-SM-4RGNR,Old
GTEX-11P81-1426-SM-5P9JN,Young
GTEX-XBED-1126-SM-48TCF,Old
GTEX-183FY-0526-SM-7939Z,Young
GTEX-POYW-1226-SM-2XCEP,Old
GTEX-X4XX-0011-R10B-SM-46MWO,Old
GTEX-ZVT3-0011-R7a-SM-57WCO,Old
GTEX-OHPL-0126-SM-2HMJ7,Old
GTEX-1C4CL-1426-SM-793CT,Young
GTEX-16MT9-0126-SM-7EPI8,Old
GTEX-NPJ7-0011-R10A-SM-2I3E5,Old
GTEX-14A5H-1626-SM-5SIAN,Old
GTEX-1B8L1-0011-R3a-SM-7EPIO,Old
GTEX-11NV4-0826-SM-5BC4S,Old
GTEX-16XZZ-0011-R9b-SM-7DHKX,Old
GTEX-13PVR-2226-SM-7DHKP,Old
GTEX-12ZZY-3126-SM-5DUX3,Old
GTEX-147JS-2626-SM-5S2UX,Old
GTEX-R55E-2526-SM-2TC6H,Young
GTEX-13SLW-0011-R10a-SM-5S2UI,Old
GTEX-TKQ1-1226-SM-4GICJ,Young
GTEX-1C64O-0726-SM-7DUFU,Old
GTEX-1AX9I-2626-SM-73KU5,Old
GTEX-13O3O-3126-SM-5KM3H,Old
GTEX-X88G-0426-SM-47JZ5,Young
GTEX-1CAMR-0226-SM-7DUGO,Young
GTEX-11GS4-2926-SM-5A5LF,Old
GTEX-13OVH-0011-R5b-SM-5KM4L,Old
GTEX-1211K-1926-SM-5EQLB,Old
GTEX-15CHQ-0011-R5b-SM-6AJAN,Old
GTEX-13YAN-1826-SM-5LU3Q,Old
GTEX-11TT1-1426-SM-5EGIA,Young
GTEX-U3ZH-1526-SM-4DXV1,Young
GTEX-TKQ1-0626-SM-4DXTS,Young
GTEX-13N2G-0011-R1b-SM-5MR3G,Old
GTEX-11NV4-0011-R5a-SM-5NQ88,Old
GTEX-11EMC-0008-SM-5Q5DR,Old
GTEX-18D9B-2526-SM-718BN,Old
GTEX-14PKV-1826-SM-69LO9,Young
GTEX-U3ZN-2626-SM-3DB7T,Young
GTEX-15DCZ-0826-SM-6AJBB,Young
GTEX-13X6I-0011-R4b-SM-5PNU9,Old
GTEX-1192W-0126-SM-5EGGS,Old
GTEX-111YS-1326-SM-5EGGK,Old
GTEX-145LS-1826-SM-5LUAZ,Old
GTEX-WYBS-1226-SM-3NM9N,Old
GTEX-14PK6-0526-SM-69LOF,Old
GTEX-1A8G7-0526-SM-73KYA,Old
GTEX-WFG8-1326-SM-4LVN3,Young
GTEX-14A5H-3026-SM-5RQHV,Old
GTEX-15G1A-0326-SM-6M467,Young
GTEX-U8XE-1226-SM-4E3HN,Young
GTEX-QEG4-0008-SM-48TYZ,Young
GTEX-1117F-2526-SM-5GZY6,Old
GTEX-1B996-2626-SM-73KZ1,Old
GTEX-1F6IF-0526-SM-7MKHD,Old
GTEX-13RTJ-0011-R3a-SM-5PNX7,Old
GTEX-13S7M-0011-R5b-SM-5P9HS,Old
GTEX-T2IS-2626-SM-32QPP,Young
GTEX-11TT1-1226-SM-5Q5AV,Young
GTEX-1BAJH-1826-SM-731DA,Old
GTEX-13G51-0011-R7b-SM-5LZXG,Old
GTEX-14PJO-1726-SM-68719,Old
GTEX-14PJN-1526-SM-6AJBP,Young
GTEX-15CHQ-0011-R11b-SM-686ZZ,Old
GTEX-11ZTT-2326-SM-5EQLG,Old
GTEX-S7SF-1326-SM-4AD4P,Young
GTEX-132Q8-3026-SM-5PNVG,Old
GTEX-ZVZQ-0626-SM-59HJU,Old
GTEX-1A3MW-2126-SM-731DO,Old
GTEX-X4EO-1126-SM-4QARQ,Old
GTEX-11P81-2026-SM-5P9GT,Young
GTEX-15DYW-1226-SM-6PALV,Old
GTEX-YJ89-0126-SM-4TT3X,Old
GTEX-14LLW-0011-R1a-SM-5ZZVD,Old
GTEX-PX3G-0006-SM-5SI7E,Young
GTEX-11OF3-2226-SM-5986F,Old
GTEX-18A66-2326-SM-7LT8Q,Old
GTEX-1CB4E-0826-SM-793CS,Old
GTEX-139TS-0226-SM-5K7W5,Old
GTEX-ZF28-0011-R8a-SM-4WWFW,Old
GTEX-13OW5-2826-SM-5KM1G,Old
GTEX-13G51-2126-SM-5IJD9,Old
GTEX-18D9A-0226-SM-7KFSJ,Young
GTEX-WHSE-0011-R4A-SM-3P5ZN,Young
GTEX-14JIY-0926-SM-6871D,Old
GTEX-1399T-2626-SM-5L3E4,Old
GTEX-13FHO-0011-R5b-SM-5LZZ3,Old
GTEX-14PN3-1426-SM-686Z8,Old
GTEX-16XZY-0426-SM-793BI,Old
GTEX-T5JC-0011-R11A-SM-32PMB,Young
GTEX-12696-0926-SM-5FQTV,Old
GTEX-13IVO-0011-R6b-SM-5K7X9,Old
GTEX-14BMU-2226-SM-5TDE9,Young
GTEX-11DXY-1526-SM-5H129,Old
GTEX-15G19-0526-SM-6PAMT,Old
GTEX-ZA64-0426-SM-5HL96,Young
GTEX-14BIM-0011-R9a-SM-6LLJL,Old
GTEX-1AMEY-1226-SM-731DU,Young
GTEX-1211K-2126-SM-59HJZ,Old
GTEX-1399R-0326-SM-5KM1X,Young
GTEX-12BJ1-0426-SM-5FQSO,Old
GTEX-12WSA-0426-SM-5EQ5X,Old
GTEX-1B8L1-2926-SM-7DUGA,Old
GTEX-12WSM-0011-R11a-SM-5DUX8,Old
GTEX-145MN-2426-SM-5NQA5,Young
GTEX-UTHO-0426-SM-5SI7N,Old
GTEX-11DXX-2626-SM-5Q5A3,Old
GTEX-O5YV-0526-SM-2I5GE,Old
GTEX-QEG5-1826-SM-4R1JP,Young
GTEX-14LLW-0726-SM-5ZZVV,Old
GTEX-XBED-1026-SM-48TCB,Old
GTEX-1BAJH-1026-SM-7EWEG,Old
GTEX-ZF28-0526-SM-4WKGW,Old
GTEX-1EMGI-2926-SM-7DUEJ,Old
GTEX-17EUY-1826-SM-7DUEZ,Young
GTEX-13X6K-0011-R3b-SM-5PNUD,Old
GTEX-ZXG5-0011-R8a-SM-57WD1,Old
GTEX-148VJ-0006-SM-5NQB1,Old
GTEX-XQ3S-1026-SM-4BOPJ,Young
GTEX-R45C-0006-SM-3GAD6,Old
GTEX-12BJ1-0726-SM-5EGGF,Old
GTEX-11ZTT-0008-SM-5S2TZ,Old
GTEX-13N1W-0926-SM-5MR36,Old
GTEX-15DCE-1526-SM-7KUFD,Young
GTEX-13O3O-0726-SM-5J1N7,Old
GTEX-11TT1-1026-SM-5PNW7,Young
GTEX-13OW8-0011-R3a-SM-5L3I4,Old
GTEX-SJXC-0426-SM-2XCFH,Old
GTEX-13RTJ-0011-R1a-SM-5O9D9,Old
GTEX-POMQ-0126-SM-48TD6,Young
GTEX-WOFL-0008-SM-4OOSZ,Old
GTEX-133LE-1426-SM-5IFH1,Young
GTEX-132NY-1426-SM-5J1MJ,Old
GTEX-14PK6-0926-SM-62LF4,Old
GTEX-1AX9I-1826-SM-72D5I,Old
GTEX-1AX9I-0626-SM-72D54,Old
GTEX-14BMU-1226-SM-5S2OR,Young
GTEX-SSA3-0005-SM-32QOT,Old
GTEX-T5JC-0011-R10A-SM-32PM2,Young
GTEX-15RIF-2126-SM-7KUM8,Young
GTEX-U3ZH-1326-SM-4DXSF,Young
GTEX-17HG3-2226-SM-7938L,Young
GTEX-ZDXO-1326-SM-57WBS,Old
GTEX-15CHC-1626-SM-5ZZWS,Old
GTEX-YECK-1726-SM-5IFI3,Old
GTEX-1A3MV-0626-SM-731CH,Young
GTEX-RWS6-0005-SM-2XCAN,Old
GTEX-14A6H-1326-SM-5NQBC,Young
GTEX-X4EO-0926-SM-3P5Z2,Old
GTEX-ZVT3-0426-SM-5GIDW,Old
GTEX-12BJ1-1726-SM-5HL9B,Old
GTEX-11P7K-1226-SM-5HL4X,Young
GTEX-X4EO-1226-SM-4QARR,Old
GTEX-QV31-0226-SM-447BO,Young
GTEX-12WSA-0011-R4a-SM-57WB7,Old
GTEX-12BJ1-1526-SM-5LUAQ,Old
GTEX-14PHY-0926-SM-5ZZWL,Old
GTEX-1CB4J-0526-SM-7DUGI,Old
GTEX-TSE9-2826-SM-4DXTF,Old
GTEX-P4PP-1426-SM-3NM9L,Young
GTEX-ZYFG-1926-SM-5GID5,Old
GTEX-14C5O-0011-R6a-SM-5YYB6,Old
GTEX-QDT8-0011-R7A-SM-32PKF,Young
GTEX-11WQC-0011-R5a-SM-5BC74,Old
GTEX-13JVG-0011-R6a-SM-5MR3E,Old
GTEX-11EMC-2926-SM-5EQ4F,Old
GTEX-12WSM-2226-SM-5DUVS,Old
GTEX-1399S-1526-SM-5P9JC,Young
GTEX-1CB4H-0126-SM-7IGN2,Old
GTEX-12C56-1426-SM-5FQSW,Young
GTEX-ZVZQ-0011-R7b-SM-57WBB,Old
GTEX-13OW5-0011-R11b-SM-5L3GG,Old
GTEX-11EM3-1526-SM-5A5KN,Young
GTEX-ZDTS-1826-SM-5S2N6,Old
GTEX-OXRP-0526-SM-2I3EW,Old
GTEX-11OC5-0326-SM-5PNW5,Old
GTEX-11ONC-2426-SM-5GU7H,Old
GTEX-14E7W-0926-SM-5YYA4,Old
GTEX-14B4R-0526-SM-5QGQT,Young
GTEX-11ONC-0926-SM-5BC5E,Old
GTEX-16YQH-0011-R4a-SM-7EPGI,Young
GTEX-12WSM-0326-SM-5LZVI,Old
GTEX-13NZB-0226-SM-5KM1T,Young
GTEX-T5JW-2026-SM-4DM63,Young
GTEX-11ZUS-0011-R11b-SM-5BC7B,Young
GTEX-Y5V5-2726-SM-4VDS2,Old
GTEX-1CB4J-1426-SM-7MKFR,Old
GTEX-14LLW-0326-SM-5ZZWD,Old
GTEX-13RTJ-0526-SM-62LDP,Old
GTEX-ZF29-0126-SM-4WKGZ,Old
GTEX-1CAMR-0626-SM-7DHMI,Young
GTEX-U412-0426-SM-3DB9O,Old
GTEX-13OVG-0726-SM-5IJBY,Old
GTEX-11P82-1526-SM-5BC5M,Young
GTEX-14E7W-2926-SM-5S2R8,Old
GTEX-14BMU-0226-SM-5S2QA,Young
GTEX-13RTJ-2626-SM-7DHKR,Old
GTEX-1B8SF-3126-SM-73KU1,Old
GTEX-15DCZ-0526-SM-686Z3,Young
GTEX-OHPL-1026-SM-3MJGI,Old
GTEX-13NYC-2426-SM-5MR3K,Old
GTEX-11EQ9-2526-SM-5HL66,Young
GTEX-16MT8-1926-SM-7EPGL,Old
GTEX-11TTK-0005-SM-5O9BX,Old
GTEX-ZDXO-0126-SM-5S2ND,Old
GTEX-T2IS-0011-R11A-SM-32QPC,Young
GTEX-15G19-0126-SM-6PANQ,Old
GTEX-12WSE-3126-SM-5YY9F,Young
GTEX-OXRO-0011-R5A-SM-2I5EG,Old
GTEX-ZPCL-1326-SM-57WFN,Old
GTEX-RU1J-1926-SM-2TF6S,Young
GTEX-13N2G-0011-R7a-SM-5MR42,Old
GTEX-13JVG-0426-SM-5MR59,Old
GTEX-1399R-0126-SM-5IFEV,Young
GTEX-N7MS-2625-SM-3LK77,Old
GTEX-1AMEY-1126-SM-72D79,Young
GTEX-13X6I-0011-R1b-SM-5PNZC,Old
GTEX-1AMEY-0126-SM-73KTX,Young
GTEX-13G51-3126-SM-5IJG7,Old
GTEX-1477Z-0011-R8b-SM-5S2RG,Old
GTEX-14E6E-0626-SM-73KX6,Young
GTEX-U8XE-0526-SM-3DB8R,Young
GTEX-NPJ7-0011-R2a-SM-2I3GF,Old
GTEX-13CF2-3026-SM-5IFFX,Old
GTEX-ZA64-1626-SM-5CVME,Young
GTEX-11TT1-1326-SM-5PNYM,Young
GTEX-15DCD-0011-R10b-SM-6LPII,Old
GTEX-13O3O-0926-SM-5KM1F,Old
GTEX-14PJ5-0526-SM-664OE,Old
GTEX-13O61-0126-SM-5KM4P,Old
GTEX-17F9Y-2626-SM-7IGN9,Old
GTEX-11OF3-2326-SM-5GU73,Old
GTEX-XQ3S-0126-SM-4BOO9,Young
GTEX-1399R-1226-SM-5P9GF,Young
GTEX-U3ZN-0926-SM-4DXTU,Young
GTEX-1EU9M-1726-SM-7EWF3,Old
GTEX-11EM3-2126-SM-5H11M,Young
GTEX-U3ZN-1026-SM-4DXTC,Young
GTEX-1211K-1326-SM-5FQV2,Old
GTEX-15DCD-0011-R8b-SM-7KUEF,Old
GTEX-13OVH-0126-SM-5MR4B,Old
GTEX-ZVZQ-0011-R4b-SM-57WCZ,Old
GTEX-144GM-1026-SM-79OKU,Young
GTEX-13O3O-1426-SM-5KM2S,Old
GTEX-1BAJH-0926-SM-79OO6,Old
GTEX-REY6-0426-SM-2TF5G,Old
GTEX-1C6VR-0626-SM-79OOY,Old
GTEX-QDT8-0011-R8A-SM-32PKE,Young
GTEX-14E6E-2226-SM-5SI6F,Young
GTEX-131YS-0005-SM-5NQAS,Old
GTEX-11OC5-0004-SM-5S2O6,Old
GTEX-11LCK-1526-SM-5HL64,Young
GTEX-OOBJ-0526-SM-48TDK,Old
GTEX-12BJ1-2726-SM-5HL9M,Old
GTEX-11ZU8-1126-SM-5EQ5K,Old
GTEX-P4QS-0426-SM-3NMCQ,Old
GTEX-T5JW-1426-SM-4DM5Q,Young
GTEX-1212Z-0226-SM-59HLF,Old
GTEX-1314G-1226-SM-5BC6D,Young
GTEX-Y5V5-2626-SM-5IFJM,Old
GTEX-11ZTT-2526-SM-5EQM9,Old
GTEX-15CHC-0126-SM-5YYBA,Old
GTEX-12ZZY-0526-SM-5EQ5H,Old
GTEX-1CAMR-1926-SM-7EPI2,Young
GTEX-12696-0008-SM-5TDBX,Old
GTEX-WHSE-0011-R6A-SM-3P5ZP,Young
GTEX-ZYY3-1626-SM-5EGJF,Old
GTEX-XYKS-0226-SM-4BRW3,Old
GTEX-11TUW-1026-SM-5GU7D,Old
GTEX-11EQ9-1826-SM-5Q5AJ,Young
GTEX-13X6K-1726-SM-7IGLG,Old
GTEX-1AX9J-1726-SM-731FF,Old
GTEX-148VJ-1126-SM-5NQBZ,Old
GTEX-Y5V5-0626-SM-4VBPX,Old
GTEX-11WQC-2726-SM-5CVLG,Old
GTEX-ZF28-0826-SM-4WKGJ,Old
GTEX-139TS-2926-SM-5KM1Z,Old
GTEX-1AX9I-1626-SM-72D5D,Old
GTEX-183FY-1626-SM-793D8,Young
GTEX-11ZTT-2226-SM-5CVLP,Old
GTEX-15CHQ-0226-SM-6EU2S,Old
GTEX-13PVR-0526-SM-5S2OB,Old
GTEX-1EWIQ-0226-SM-793D3,Old
GTEX-11TTK-0126-SM-5987B,Old
GTEX-13QJC-3326-SM-664OS,Old
GTEX-ZYY3-1726-SM-5EGH3,Old
GTEX-RWS6-1326-SM-47JXB,Old
GTEX-16GPK-0226-SM-7DUFI,Old
GTEX-1GF9V-1226-SM-7MKGY,Old
GTEX-QVJO-0006-SM-2S1RC,Old
GTEX-148VI-1626-SM-5SI6E,Old
GTEX-Y5V6-2426-SM-4VDSB,Old
GTEX-XBED-2526-SM-47JYD,Old
GTEX-13X6I-0011-R7b-SM-5PNWP,Old
GTEX-14DAQ-0011-R11a-SM-664NO,Old
GTEX-12BJ1-1226-SM-5LUAE,Old
GTEX-132QS-0426-SM-5KLZ6,Old
GTEX-15CHC-2526-SM-686YX,Old
GTEX-ZVZQ-0008-SM-51MSK,Old
GTEX-ZVT3-0011-R3b-SM-51MTJ,Old
GTEX-11WQC-1826-SM-5GU59,Old
GTEX-15DZA-1226-SM-7KFS1,Young
GTEX-TSE9-0726-SM-3DB8C,Old
GTEX-1AX9J-0926-SM-73KXA,Old
GTEX-15ER7-0011-R5b-SM-6M46T,Young
GTEX-12WSD-0011-R6b-SM-5P9JU,Old
GTEX-12WSM-0011-R8a-SM-5DUWJ,Old
GTEX-QLQ7-1726-SM-2S1QQ,Old
GTEX-17EVQ-0526-SM-7KFSK,Old
GTEX-16Z82-3126-SM-7EWEC,Old
GTEX-15DCZ-1726-SM-69LPX,Young
GTEX-1CB4E-0926-SM-7EPHT,Old
GTEX-ZA64-1526-SM-5CVMD,Young
GTEX-P4PP-0526-SM-2HMKE,Young
GTEX-11EMC-0526-SM-5EGJN,Old
GTEX-147JS-0006-SM-5NQ7K,Old
GTEX-ZYFG-2326-SM-5E44B,Old
GTEX-1399T-0011-R8b-SM-5IJD8,Old
GTEX-17F9Y-2326-SM-7DUFP,Old
GTEX-QV31-0006-SM-793B5,Young
GTEX-U3ZN-1226-SM-4DXUD,Young
GTEX-13113-0526-SM-5GCN2,Old
GTEX-13PLJ-0011-R9b-SM-5O9DV,Old
GTEX-144GO-0011-R6b-SM-5S2V7,Old
GTEX-VJYA-0126-SM-4KL1P,Old
GTEX-117XS-2526-SM-5H11G,Old
GTEX-X4XX-0011-R6B-SM-46MWP,Old
GTEX-X4EO-2726-SM-4E3HS,Old
GTEX-WQUQ-0426-SM-3MJFU,Old
GTEX-X4EO-0126-SM-3P5YN,Old
GTEX-144GO-2726-SM-5O9A2,Old
GTEX-14E7W-1326-SM-5RQIV,Old
GTEX-15DZA-0626-SM-6PANC,Young
GTEX-11EMC-1426-SM-5N9E4,Old
GTEX-S4Q7-1026-SM-4AD75,Young
GTEX-11P81-0826-SM-5P9GR,Young
GTEX-13IVO-2426-SM-5K7V9,Old
GTEX-P4PP-1026-SM-3NM9O,Young
GTEX-15ER7-0011-R1b-SM-7KUE1,Young
GTEX-113IC-0126-SM-5HL6T,Old
GTEX-18D9B-1526-SM-7KFRK,Old
GTEX-U8XE-0326-SM-3DB8P,Young
GTEX-ZE9C-0008-SM-4E3K6,Old
GTEX-11OF3-1126-SM-5986C,Old
GTEX-131YS-0526-SM-5EGKJ,Old
GTEX-18A66-0626-SM-7LT8Z,Old
GTEX-QLQ7-0626-SM-4R1JT,Old
GTEX-16Z82-0011-R2b-SM-79OK9,Old
GTEX-VJYA-0826-SM-4KL1M,Old
GTEX-U8XE-0826-SM-4E3J1,Young
GTEX-17EUY-2026-SM-79OMV,Young
GTEX-17EVQ-1626-SM-79ONH,Old
GTEX-1497J-1926-SM-5TDCC,Old
GTEX-1B8L1-0011-R11b-SM-793DJ,Old
GTEX-ZXG5-0526-SM-5NQ7S,Old
GTEX-1122O-2126-SM-5EGIR,Old
GTEX-14PK6-0326-SM-6AJ9S,Old
GTEX-13FTX-1126-SM-5N9EN,Young
GTEX-11LCK-1026-SM-5A5KB,Young
GTEX-15ER7-2426-SM-793B9,Young
GTEX-11ZU8-2426-SM-5EQMV,Old
GTEX-ZVT3-2126-SM-59HL2,Old
GTEX-11DXX-2426-SM-5GZZW,Old
GTEX-139TT-0006-SM-5O9CG,Old
GTEX-15UKP-0426-SM-7KUFQ,Young
GTEX-T5JW-1826-SM-3GAE1,Young
GTEX-1A8G6-2726-SM-731AR,Old
GTEX-145MN-1026-SM-5NQ9G,Young
GTEX-18A7B-0526-SM-7LG68,Old
GTEX-11GSP-3026-SM-5N9CE,Old
GTEX-XMD2-0008-SM-4WWE7,Old
GTEX-ZP4G-0626-SM-4WWF1,Young
GTEX-11GSP-0011-R10a-SM-5NQ7J,Old
GTEX-12WSA-0011-R8a-SM-5P9EX,Old
GTEX-1122O-0003-SM-5Q5DL,Old
GTEX-U3ZN-1126-SM-4DXUL,Young
GTEX-1399R-1626-SM-5P9GG,Young
GTEX-15DCE-0826-SM-7KULW,Young
GTEX-13FTX-2226-SM-5J1OP,Young
GTEX-144GO-2026-SM-5O99P,Old
GTEX-132NY-2726-SM-5PNY2,Old
GTEX-14E7W-0726-SM-664OK,Old
GTEX-13O3O-0011-R4b-SM-5KM3F,Old
GTEX-14PK6-1826-SM-69LOM,Old
GTEX-14XAO-0426-SM-6AJB6,Old
GTEX-POMQ-1226-SM-3P61F,Young
GTEX-13CF3-1826-SM-5J1NK,Old
GTEX-ZYW4-2226-SM-5GZYG,Old
GTEX-ZPCL-0326-SM-5FQSG,Old
GTEX-S4Q7-0526-SM-4AD5N,Young
GTEX-16YQH-0011-R11b-SM-7LT98,Young
GTEX-ZYFG-2026-SM-5E43Y,Old
GTEX-11ZTT-2126-SM-5CVLO,Old
GTEX-UTHO-2726-SM-4JBH9,Old
GTEX-11LCK-2226-SM-5HL4Q,Young
GTEX-145MN-0226-SM-5QGPY,Young
GTEX-11TT1-1826-SM-5EQLV,Young
GTEX-14JG6-0926-SM-6871Y,Young
GTEX-131XF-2126-SM-5DUWS,Old
GTEX-15CHC-0326-SM-5ZZVP,Old
GTEX-S95S-0008-SM-4AT5M,Old
GTEX-13JVG-1326-SM-5N9F8,Old
GTEX-U3ZH-0626-SM-4DXT3,Young
GTEX-YECK-0926-SM-4W214,Old
GTEX-SJXC-0726-SM-2XCFJ,Old
GTEX-133LE-1226-SM-5IFGC,Young
GTEX-WQUQ-0126-SM-4OOSS,Old
GTEX-U3ZN-0826-SM-4DXSZ,Young
GTEX-18A66-1226-SM-7LT8G,Old
GTEX-183WM-2126-SM-7LG4I,Old
GTEX-132NY-1126-SM-5PNVE,Old
GTEX-QEG5-0126-SM-4R1JR,Young
GTEX-15G19-2926-SM-7KUFL,Old
GTEX-14PJO-0826-SM-6ETZK,Old
GTEX-145MN-0926-SM-5NQBT,Young
GTEX-13N2G-0011-R4b-SM-5MR54,Old
GTEX-ZP4G-1426-SM-4WWCL,Young
GTEX-145MO-0626-SM-5NQAW,Old
GTEX-1445S-0011-R2b-SM-5PNUH,Old
GTEX-17EVQ-1226-SM-7LG59,Old
GTEX-12696-0426-SM-5EGL5,Old
GTEX-R55E-0011-R6A-SM-2TC5T,Young
GTEX-15CHC-1226-SM-686ZH,Old
GTEX-16Z82-2026-SM-6M48B,Old
GTEX-O5YT-0126-SM-48TBW,Young
GTEX-RVPV-1226-SM-2TF73,Old
GTEX-183WM-0326-SM-72D5V,Old
GTEX-S4Q7-0926-SM-4AD5D,Young
GTEX-11OC5-0726-SM-5P9JK,Old
GTEX-15G1A-2026-SM-7KUFG,Young
GTEX-145LS-1226-SM-5Q5D9,Old
GTEX-13OVH-1026-SM-5J2NP,Old
GTEX-RWS6-2426-SM-2XCB9,Old
GTEX-ZE9C-0011-R2a-SM-4WKGH,Old
GTEX-QV31-0626-SM-447C5,Young
GTEX-N7MT-0011-R2a-SM-2I3GI,Old
GTEX-1BAJH-0826-SM-7EWEF,Old
GTEX-15UKP-1926-SM-6LPI9,Young
GTEX-ZQUD-1426-SM-57WER,Young
GTEX-11DYG-1926-SM-5H12I,Old
GTEX-TSE9-0011-R10A-SM-3DB7O,Old
GTEX-14C5O-0011-R10a-SM-6872F,Old
GTEX-15UKP-2026-SM-6LPIC,Young
GTEX-12BJ1-2026-SM-5FQUH,Old
GTEX-18QFQ-1326-SM-731CF,Young
GTEX-13N2G-0011-R3b-SM-5MR5G,Old
GTEX-SSA3-0002-SM-3P61R,Old
GTEX-ZQG8-2526-SM-57WEQ,Old
GTEX-ZDTS-0126-SM-4WAY5,Old
GTEX-WFG7-0926-SM-4LMK7,Young
GTEX-1EWIQ-1126-SM-7EPIK,Old
GTEX-T5JC-0826-SM-32PMC,Young
GTEX-ZVTK-0003-SM-51MRV,Young
GTEX-12ZZZ-0011-R7b-SM-5EGLE,Old
GTEX-11EM3-0426-SM-5N9BZ,Young
GTEX-16MT8-0826-SM-7KULO,Old
GTEX-13G51-0005-SM-5N9EP,Old
GTEX-U3ZN-1426-SM-3DB87,Young
GTEX-Y8DK-0826-SM-4TT3T,Old
GTEX-18A6Q-1726-SM-7LT9A,Old
GTEX-14PJ4-1526-SM-664OA,Old
GTEX-15CHQ-2026-SM-6AJAX,Old
GTEX-117XS-2926-SM-5N9BX,Old
GTEX-V955-1126-SM-4JBH3,Old
GTEX-13W3W-1326-SM-5LU4T,Old
GTEX-15ER7-2826-SM-6PAN2,Young
GTEX-13VXT-1526-SM-5LU3J,Young
GTEX-1AX9I-0011-R4b-SM-7EPIB,Old
GTEX-13PDP-0326-SM-5K7XP,Old
GTEX-14PJ6-2326-SM-6ETZR,Old
GTEX-15G19-2426-SM-7KUMR,Old
GTEX-16Z82-2726-SM-7KULV,Old
GTEX-13113-5019-SM-7EPH2,Old
GTEX-14ASI-1126-SM-5QGPN,Old
GTEX-13CF2-0011-R3b-SM-5LZZ6,Old
GTEX-1CB4F-0826-SM-793CV,Old
GTEX-12KS4-0626-SM-5PNY4,Young
GTEX-U8XE-0926-SM-3DB8V,Young
GTEX-13FTX-1526-SM-5K7VJ,Young
GTEX-17GQL-2326-SM-731EJ,Old
GTEX-1497J-0126-SM-5Q5BK,Old
GTEX-S7SF-1426-SM-4AT5A,Young
GTEX-132NY-1726-SM-5EGKK,Old
GTEX-N7MS-0011-R2a-SM-2HML6,Old
GTEX-XPT6-0426-SM-4B672,Young
GTEX-14E7W-0011-R4b-SM-62LEA,Old
GTEX-11ZUS-0011-R10b-SM-5BC79,Young
GTEX-1A8G7-1026-SM-73KVA,Old
GTEX-RU1J-0826-SM-46MUU,Young
GTEX-N7MS-0007-SM-2D7W1,Old
GTEX-14XAO-2026-SM-69LOI,Old
GTEX-1A3MV-0526-SM-72D5A,Young
GTEX-132Q8-0011-R2b-SM-5EQ5Z,Old
GTEX-14DAQ-3026-SM-5S2QZ,Old
GTEX-1EWIQ-1526-SM-79OO7,Old
GTEX-X4EO-0008-SM-4QASS,Old
GTEX-11LCK-0526-SM-5A5M9,Young
GTEX-1211K-2226-SM-5FQU6,Old
GTEX-13O3O-1626-SM-5KM1O,Old
GTEX-ZDXO-2926-SM-4WKFM,Old
GTEX-14C5O-1426-SM-5RQI8,Old
GTEX-OXRP-0926-SM-48TC1,Old
GTEX-13N2G-2926-SM-5IJEE,Old
GTEX-1122O-0005-SM-5O99J,Old
GTEX-13VXT-1326-SM-5LU3Y,Young
GTEX-131YS-0011-R7a-SM-5IJDA,Old
GTEX-13NZA-0011-R11b-SM-5KM4W,Old
GTEX-T5JW-1226-SM-3GACY,Young
GTEX-12ZZZ-0626-SM-5DUXI,Old
GTEX-PLZ6-1126-SM-3P5ZR,Young
GTEX-13N2G-0011-R11a-SM-5MR3F,Old
GTEX-12ZZZ-0011-R10a-SM-5P9HC,Old
GTEX-145MI-0011-R3b-SM-5PNWK,Old
GTEX-14ICL-1826-SM-5RQIY,Young
GTEX-13NYS-0011-R3b-SM-5MR41,Old
GTEX-13CF2-0011-R2a-SM-5L3DC,Old
GTEX-17JCI-0626-SM-7IGM7,Old
GTEX-1EMGI-2826-SM-7IGMR,Old
GTEX-11GSP-2426-SM-5N9BD,Old
GTEX-17F9Y-0326-SM-7IGLS,Old
GTEX-ZYFG-0426-SM-5E43M,Old
GTEX-1128S-2826-SM-5N9DI,Old
GTEX-12ZZY-1526-SM-5LZWF,Old
GTEX-13N2G-0011-R5a-SM-5MR33,Old
GTEX-13O61-0626-SM-5L3D1,Old
GTEX-13SLW-0826-SM-5QGP7,Old
GTEX-11TT1-2226-SM-5GU6B,Young
GTEX-15DYW-1426-SM-6LPIW,Old
GTEX-ZWKS-0126-SM-5SIAA,Young
GTEX-1EKGG-1226-SM-7IGNO,Old
GTEX-V955-0726-SM-3GAFG,Old
GTEX-1A3MV-1126-SM-718BS,Young
GTEX-14C5O-2926-SM-5RQI1,Old
GTEX-11DXX-2126-SM-5PNYR,Old
GTEX-13PVR-2726-SM-5SI6H,Old
GTEX-ZVZQ-0826-SM-51MRF,Old
GTEX-NL3H-0011-R8a-SM-5S2VF,Old
GTEX-13X6K-0626-SM-5LU5D,Old
GTEX-SJXC-0326-SM-2XCFI,Old
GTEX-12WSM-0626-SM-5GCOK,Old
GTEX-17F96-2126-SM-7KFSM,Old
GTEX-11DXY-1426-SM-5N9CN,Old
GTEX-SSA3-0426-SM-32QPI,Old
GTEX-15SKB-2526-SM-6PALP,Old
GTEX-1477Z-2126-SM-5Q5CM,Old
GTEX-QESD-0326-SM-47J4F,Young
GTEX-13OVI-2526-SM-5KM4V,Old
GTEX-WOFL-1226-SM-4OOST,Old
GTEX-15DCE-1626-SM-6LPJM,Young
GTEX-X4XY-1526-SM-4QASE,Old
GTEX-WHSE-0126-SM-3NMBT,Young
GTEX-15UKP-1326-SM-6LPI8,Young
GTEX-17EVQ-0011-R1a-SM-7189S,Old
GTEX-12ZZZ-1726-SM-59HK5,Old
GTEX-XYKS-2426-SM-4AT43,Old
GTEX-QV31-0126-SM-447BP,Young
GTEX-1269C-0126-SM-5EQ5L,Old
GTEX-QLQW-0326-SM-447A8,Young
GTEX-ZYY3-2926-SM-5GIEB,Old
GTEX-15RIE-2426-SM-7KUDS,Old
GTEX-ZYW4-0626-SM-59HJR,Old
GTEX-13RTK-0226-SM-5RQHR,Young
GTEX-13OW5-0826-SM-5J1NE,Old
GTEX-13PL7-2726-SM-5L3GB,Old
GTEX-13N1W-0011-R4a-SM-5MR52,Old
GTEX-1CB4E-0626-SM-7DHMW,Old
GTEX-1445S-1126-SM-5QGOW,Old
GTEX-13OVH-1126-SM-5K7YP,Old
GTEX-13PVR-1826-SM-5Q5CC,Old
GTEX-13OW8-0226-SM-5K7UP,Old
GTEX-XBED-2426-SM-4AT4O,Old
GTEX-13VXT-0726-SM-5SIAD,Young
GTEX-15UF6-2726-SM-7KULY,Old
GTEX-11DXX-1326-SM-5GIDZ,Old
GTEX-145MO-1126-SM-5NQBX,Old
GTEX-11DXY-0006-SM-5NQ8N,Old
GTEX-RWS6-0001-SM-3NMAL,Old
GTEX-13QJC-0011-R9b-SM-5PNX3,Old
GTEX-WOFL-0726-SM-3MJG4,Old
GTEX-QESD-1526-SM-2S1QT,Young
GTEX-145MO-2626-SM-5QGPD,Old
GTEX-11EQ9-0002-SM-5QGQ1,Young
GTEX-13G51-0011-R6b-SM-5LZX4,Old
GTEX-ZDTS-1326-SM-6LLHE,Old
GTEX-132Q8-1826-SM-5EGIY,Old
GTEX-15SHV-0426-SM-6M476,Old
GTEX-18A66-0726-SM-72D77,Old
GTEX-1C64O-1926-SM-79ONP,Old
GTEX-145LS-3126-SM-5Q5BY,Old
GTEX-14PJ6-0326-SM-6871H,Old
GTEX-15DYW-1626-SM-6LLI1,Old
GTEX-14JG6-1026-SM-6LLIF,Young
GTEX-12ZZY-0011-R10b-SM-5HL7W,Old
GTEX-ZDTS-1426-SM-5K7WC,Old
GTEX-131YS-0011-R10b-SM-5EQ5N,Old
GTEX-13CZV-0011-R4b-SM-5J2NY,Old
GTEX-13SLW-0011-R8b-SM-5SI64,Old
GTEX-NL3G-0007-SM-4SOIF,Old
GTEX-ZDTT-1126-SM-4WKFW,Old
GTEX-14BMU-1126-SM-5RQJ8,Young
GTEX-139TU-0011-R5b-SM-5L3E1,Old
GTEX-WRHK-1126-SM-4MVOJ,Young
GTEX-13113-1826-SM-5LZW4,Old
GTEX-11P7K-1526-SM-5EGI7,Young
GTEX-145MO-0126-SM-5S2QU,Old
GTEX-14BIM-3026-SM-7EWCY,Old
GTEX-13PL7-0226-SM-731DT,Old
GTEX-1117F-2826-SM-5GZXL,Old
GTEX-16GPK-3026-SM-79ON9,Old
GTEX-XLM4-0004-SM-4AT5I,Old
GTEX-13OW8-1726-SM-5L3GO,Old
GTEX-15ER7-2126-SM-7939E,Young
GTEX-132Q8-0626-SM-5L3F3,Old
GTEX-13JVG-0011-R5a-SM-5MR4O,Old
GTEX-14BIM-0226-SM-7IGLD,Old
GTEX-O5YT-1326-SM-3MJGR,Young
GTEX-ZLV1-1226-SM-4WWBX,Old
GTEX-13PDP-0726-SM-5L3HP,Old
GTEX-ZP4G-0326-SM-4YCEF,Young
GTEX-1B8L1-1326-SM-7MKG6,Old
GTEX-1497J-2426-SM-7IGNX,Old
GTEX-18QFQ-0126-SM-731BE,Young
GTEX-145LS-3026-SM-5O99S,Old
GTEX-1EMGI-1926-SM-7938Y,Old
GTEX-P4PQ-1626-SM-2HMKK,Old
GTEX-1399R-1126-SM-5IFIO,Young
GTEX-148VJ-0426-SM-5S2V8,Old
GTEX-1122O-2026-SM-5NQ91,Old
GTEX-Y8DK-0011-R6A-SM-4V6EG,Old
GTEX-146FQ-0226-SM-5NQAL,Young
GTEX-WRHK-0001-SM-4WWDD,Young
GTEX-11ONC-1126-SM-5GU6G,Old
GTEX-YECK-1326-SM-4W1ZF,Old
GTEX-ZF28-1026-SM-4WKGV,Old
GTEX-147GR-2426-SM-5ZZWQ,Old
GTEX-12WSD-0011-R4b-SM-5LZUA,Old
GTEX-17F96-0526-SM-79OLE,Old
GTEX-1A3MW-0526-SM-731BY,Old
GTEX-X4EP-0004-SM-4PQZX,Old
GTEX-131XF-0526-SM-5HL87,Old
GTEX-11NSD-0926-SM-5N9DR,Young
GTEX-18QFQ-2026-SM-72D7J,Young
GTEX-11OF3-0126-SM-5PNYF,Old
GTEX-13OVG-2226-SM-5K7V8,Old
GTEX-N7MS-0326-SM-4E3K2,Old
GTEX-ZTX8-1126-SM-51MRM,Young
GTEX-13O3O-0011-R5b-SM-5KM44,Old
GTEX-14753-1726-SM-5NQ9X,Old
GTEX-ZLV1-0926-SM-5S2MR,Old
GTEX-13CF3-0006-SM-5N9ED,Old
GTEX-13SLW-0011-R4b-SM-5S2W2,Old
GTEX-QLQW-0005-SM-2S1RA,Young
GTEX-S7SF-0826-SM-4AD4W,Young
GTEX-Y8E5-0226-SM-57WCM,Old
GTEX-15SHV-2426-SM-6PAMF,Old
GTEX-N7MT-0011-R7a-SM-2I3FZ,Old
GTEX-ZYT6-1026-SM-7LG6X,Young
GTEX-1AX8Z-0826-SM-7DUFZ,Old
GTEX-13OVI-2626-SM-5KM4T,Old
GTEX-1497J-0226-SM-5QGPU,Old
GTEX-PLZ6-0326-SM-3P61J,Young
GTEX-14BIM-1226-SM-5SIBC,Old
GTEX-RWS6-0926-SM-47JXE,Old
GTEX-13G51-0011-R8b-SM-5LZZ4,Old
GTEX-13O3O-0011-R6b-SM-5P9GY,Old
GTEX-RVPV-0008-SM-47JYW,Old
GTEX-R55E-0011-R5A-SM-2TC5N,Young
GTEX-16XZZ-2926-SM-6LPK4,Old
GTEX-ZF29-0626-SM-4WKHD,Old
GTEX-14JG6-0226-SM-6872A,Young
GTEX-1399S-0826-SM-5KM23,Young
GTEX-OHPL-1326-SM-3MJGG,Old
GTEX-1A3MX-0226-SM-731C4,Old
GTEX-139D8-1426-SM-5IJEX,Young
GTEX-ZDXO-0011-R10a-SM-4WWD8,Old
GTEX-PWCY-1026-SM-48TD4,Young
GTEX-11NV4-2126-SM-5N9DS,Old
GTEX-13JVG-3226-SM-5IJGJ,Old
GTEX-13NZA-0526-SM-5L3D7,Old
GTEX-13OW5-0011-R5b-SM-5L3FR,Old
GTEX-P4QS-1126-SM-3NMD5,Old
GTEX-OHPL-2426-SM-48TDN,Old
GTEX-11OF3-1926-SM-59889,Old
GTEX-ZVT3-2826-SM-5GU6A,Old
GTEX-ZAKK-0326-SM-5EGHA,Old
GTEX-TSE9-0005-SM-4DXUF,Old
GTEX-XYKS-2626-SM-4BRUT,Old
GTEX-14PK6-0126-SM-664O1,Old
GTEX-15ER7-2526-SM-7KUFW,Young
GTEX-OXRO-0326-SM-33HBM,Old
GTEX-TKQ1-0126-SM-33HB3,Young
GTEX-XQ3S-2526-SM-4BOOG,Young
GTEX-11EI6-2626-SM-5PNVT,Old
GTEX-148VJ-0826-SM-5LU8V,Old
GTEX-14E7W-1926-SM-5S2R9,Old
GTEX-13S7M-0011-R10b-SM-5PNZB,Old
GTEX-X4EP-0626-SM-3P621,Old
GTEX-131YS-0011-R9b-SM-5EQLY,Old
GTEX-U8T8-0008-SM-4DXSP,Old
GTEX-11LCK-2426-SM-5HL5F,Young
GTEX-S95S-0226-SM-4B656,Old
GTEX-14E7W-3126-SM-68725,Old
GTEX-WYBS-0005-SM-4ONDR,Old
GTEX-ZA64-0526-SM-5HL9I,Young
GTEX-WFG8-2526-SM-3GILR,Young
GTEX-16YQH-0011-R1a-SM-7LT8R,Young
GTEX-TKQ1-1126-SM-4GIAZ,Young
GTEX-ZPCL-1126-SM-4WWFE,Old
GTEX-11ZUS-3026-SM-5EGI4,Young
GTEX-T5JW-1526-SM-4DM5E,Young
GTEX-16XZZ-0011-R6a-SM-7IGNE,Old
GTEX-17MFQ-1326-SM-718BX,Young
GTEX-QEG4-2226-SM-4R1JM,Young
GTEX-11TT1-0926-SM-5GU5M,Young
GTEX-1399T-0011-R1b-SM-5DUWN,Old
GTEX-Y5V5-0826-SM-4VBQD,Old
GTEX-11ZUS-0726-SM-59886,Young
GTEX-13PVR-2126-SM-73KVR,Old
GTEX-13PVR-2526-SM-5RQIT,Old
GTEX-11DYG-3126-SM-5A5L6,Old
GTEX-S95S-1426-SM-2XCDM,Old
GTEX-X4EP-2926-SM-3P5YQ,Old
GTEX-1211K-1126-SM-5EGGB,Old
GTEX-11TT1-1726-SM-5EQLJ,Young
GTEX-R55E-0426-SM-2TC65,Young
GTEX-1EKGG-2226-SM-7IGOA,Old
GTEX-XMD1-2826-SM-4AT5F,Old
GTEX-1212Z-0626-SM-5FQTB,Old
GTEX-U3ZH-1026-SM-4DXUZ,Young
GTEX-14A5H-0006-SM-5O9AI,Old
GTEX-111FC-0826-SM-5GZWO,Old
GTEX-11EMC-2226-SM-5A5JW,Old
GTEX-11P7K-1126-SM-5HL4L,Young
GTEX-ZZ64-1426-SM-5NQ8C,Young
GTEX-15RIE-2026-SM-7KFRW,Old
GTEX-11EMC-2026-SM-5A5JV,Old
GTEX-1EKGG-2726-SM-79OOD,Old
GTEX-11LCK-0326-SM-5A5M7,Young
GTEX-133LE-2226-SM-5IFGU,Young
GTEX-17EVQ-1026-SM-7IGOG,Old
GTEX-12696-0626-SM-5EGGD,Old
GTEX-13CF2-0011-R7b-SM-5K7UV,Old
GTEX-RWS6-0826-SM-47JXF,Old
GTEX-11EI6-0826-SM-5985V,Old
GTEX-1C4CL-0005-SM-7MKF3,Young
GTEX-11P81-0126-SM-5HL5Y,Young
GTEX-131XF-0426-SM-5HL7U,Old
GTEX-WOFM-2026-SM-4OOSQ,Young
GTEX-12WSM-1826-SM-5BC64,Old
GTEX-13G51-0011-R11b-SM-5J2NE,Old
GTEX-X638-0326-SM-47JY1,Old
GTEX-16XZZ-1726-SM-7KULD,Old
GTEX-1117F-0426-SM-5EGHI,Old
GTEX-RTLS-0926-SM-2TF5X,Old
GTEX-13X6K-2126-SM-5O9D4,Old
GTEX-12WSF-0011-R10a-SM-5LZVH,Old
GTEX-13N2G-2626-SM-5J1OT,Old
GTEX-XMD1-0008-SM-4AT41,Old
GTEX-15UF6-1026-SM-7KUF7,Old
GTEX-111YS-0006-SM-5NQBE,Old
GTEX-11TUW-0006-SM-5LZW2,Old
GTEX-ZXG5-0826-SM-5GID6,Old
GTEX-17MFQ-1626-SM-7938Z,Young
GTEX-18A7B-0326-SM-7LG65,Old
GTEX-XBED-0226-SM-47JY8,Old
GTEX-13X6K-0226-SM-5QGPB,Old
GTEX-13FTX-0526-SM-5IFGS,Young
GTEX-1BAJH-0526-SM-793CQ,Old
GTEX-ZP4G-1126-SM-4WWCI,Young
GTEX-XUZC-0005-SM-4BOQ8,Young
GTEX-111VG-2226-SM-5N9DU,Old
GTEX-XYKS-0005-SM-4BRUD,Old
GTEX-16Z82-3026-SM-79ON3,Old
GTEX-14753-0126-SM-5S2TX,Old
GTEX-13PDP-0226-SM-5K7W9,Old
GTEX-139D8-2426-SM-5KM3A,Young
GTEX-ZZ64-1226-SM-5E43R,Young
GTEX-11GSO-2626-SM-5Q5AK,Old
GTEX-Y8DK-0426-SM-4TT3Q,Old
GTEX-1CB4E-1226-SM-7MKFX,Old
GTEX-1EKGG-3026-SM-7MKFU,Old
GTEX-13O1R-1226-SM-5J1NU,Old
GTEX-ZVT3-2626-SM-5GU5L,Old
GTEX-X4XY-0006-SM-46MV2,Old
GTEX-1399S-0326-SM-5IFFS,Young
GTEX-ZF28-1426-SM-5S2OG,Old
GTEX-13X6K-0011-R5b-SM-5PNUE,Old
GTEX-146FR-2026-SM-5NQAI,Old
GTEX-14LZ3-0126-SM-69LPM,Old
GTEX-183WM-0926-SM-718AN,Old
GTEX-ZYFG-0326-SM-5E45Z,Old
GTEX-1212Z-0426-SM-5FQT6,Old
GTEX-WHSE-0011-R5A-SM-3P5ZO,Young
GTEX-ZXES-1926-SM-5E445,Young
GTEX-14753-0626-SM-5Q5CY,Old
GTEX-ZE9C-2126-SM-4WKGY,Old
GTEX-ZYY3-0526-SM-5E45G,Old
GTEX-14753-0226-SM-5Q5CH,Old
GTEX-ZYW4-1626-SM-5GIE6,Old
GTEX-REY6-2426-SM-48FF5,Old
GTEX-13PVR-0326-SM-5RQJY,Old
GTEX-14ASI-0526-SM-5QGQP,Old
GTEX-XLM4-0011-R9A-SM-4AT45,Old
GTEX-OHPL-2526-SM-3MJGT,Old
GTEX-11P7K-0003-SM-5S2OU,Young
GTEX-14E6E-0126-SM-73KXH,Young
GTEX-11P82-1126-SM-5BC5K,Young
GTEX-17EUY-1926-SM-7DUF6,Young
GTEX-ZXG5-0126-SM-5GIEU,Old
GTEX-17MFQ-1526-SM-7KFRR,Young
GTEX-147GR-1326-SM-7IGLB,Old
GTEX-ZLV1-1926-SM-5FQSF,Old
GTEX-1117F-0526-SM-5EGHJ,Old
GTEX-14PN3-1626-SM-6AJAV,Old
GTEX-17JCI-2826-SM-7IGNA,Old
GTEX-14PHW-1626-SM-6EU2H,Old
GTEX-15ER7-1826-SM-6LLI7,Young
GTEX-14BIM-0011-R5b-SM-5S2RM,Old
GTEX-131XF-5001-SM-7DHLY,Old
GTEX-15DYW-0011-R3b-SM-6LPIM,Old
GTEX-QEG5-0826-SM-2I5GF,Young
GTEX-11NSD-0226-SM-5A5LR,Young
GTEX-12ZZZ-2426-SM-5GCNN,Old
GTEX-1BAJH-0126-SM-7DHMF,Old
GTEX-133LE-1926-SM-5N9FV,Young
GTEX-N7MT-0011-R6a-SM-2I3G3,Old
GTEX-QLQW-1126-SM-2S1Q8,Young
GTEX-ZTX8-1726-SM-51MSB,Young
GTEX-QEG5-1326-SM-4R1JS,Young
GTEX-13PLJ-0011-R11b-SM-5O9BS,Old
GTEX-145MN-0626-SM-5QGRH,Young
GTEX-13X6K-1926-SM-5LU4O,Old
GTEX-1B996-1126-SM-73KWN,Old
GTEX-16YQH-0826-SM-7938J,Young
GTEX-18A66-1626-SM-7LTAF,Old
GTEX-1A3MW-0126-SM-73KXX,Old
GTEX-1399T-0011-R11a-SM-5J2O1,Old
GTEX-13NZ8-0226-SM-5J2OK,Old
GTEX-15ER7-0126-SM-6PAM2,Young
GTEX-Y5V5-0126-SM-5S2NW,Old
GTEX-11GS4-2826-SM-5HL56,Old
GTEX-11ONC-1926-SM-5GU75,Old
GTEX-1399T-0011-R2b-SM-5DUXM,Old
GTEX-U8XE-0726-SM-3DB8O,Young
GTEX-14PJ4-2126-SM-6ETZJ,Old
GTEX-14PII-1026-SM-5ZZVW,Old
GTEX-11LCK-1926-SM-5A5KE,Young
GTEX-1445S-0011-R7b-SM-5PNUG,Old
GTEX-U8XE-1426-SM-3DB8Q,Young
GTEX-14A6H-0526-SM-5NQAZ,Young
GTEX-133LE-1526-SM-5IFEN,Young
GTEX-YECK-0326-SM-4W1YS,Old
GTEX-11EQ9-1626-SM-5PNY8,Young
GTEX-ZVZQ-0011-R5b-SM-57WDC,Old
GTEX-ZTX8-0626-SM-59HKC,Young
GTEX-12C56-1526-SM-5FQUQ,Young
GTEX-139T8-0126-SM-5K7XZ,Old
GTEX-17GQL-1226-SM-7KFTS,Old
GTEX-1445S-2926-SM-5O993,Old
GTEX-1117F-1326-SM-5EGHH,Old
GTEX-1211K-1226-SM-5EQ4N,Old
GTEX-11GSP-2926-SM-5N9C2,Old
GTEX-111VG-2526-SM-5GZXP,Old
GTEX-13YAN-1126-SM-5TDC7,Old
GTEX-13NYS-2926-SM-5IFGH,Old
GTEX-13NYS-0326-SM-5MR4L,Old
GTEX-16YQH-0126-SM-7DUFJ,Young
GTEX-PX3G-0926-SM-48U12,Young
GTEX-11EQ8-0926-SM-5H12V,Old
GTEX-1A3MW-1926-SM-7IGM8,Old
GTEX-ZF28-0226-SM-5S2OE,Old
GTEX-132NY-0926-SM-5P9G3,Old
GTEX-14JG6-0626-SM-68716,Young
GTEX-13N2G-1826-SM-5KM1I,Old
GTEX-XUZC-0526-SM-4BOPF,Young
GTEX-PLZ6-0006-SM-33HBZ,Young
GTEX-111YS-2326-SM-5987L,Old
GTEX-15EOM-1526-SM-68723,Young
GTEX-132Q8-1726-SM-5EGK8,Old
GTEX-183FY-0326-SM-793BY,Young
GTEX-13OW5-1126-SM-5J1NR,Old
GTEX-15SHV-2226-SM-6M464,Old
GTEX-1AX9I-1426-SM-7DHM8,Old
GTEX-Y8DK-0326-SM-4TT3P,Old
GTEX-X4EO-0526-SM-3P5Z3,Old
GTEX-14JIY-1426-SM-6EU29,Old
GTEX-18D9A-1126-SM-7KFRJ,Young
GTEX-ZE9C-0011-R5a-SM-5EGLO,Old
GTEX-11EM3-0526-SM-5H12N,Young
GTEX-16MT8-2726-SM-7IGLJ,Old
GTEX-139TS-1426-SM-5IFJD,Old
GTEX-14PJ4-0326-SM-664OT,Old
GTEX-X4EP-0005-SM-3P5ZE,Old
GTEX-U3ZH-2026-SM-3DB78,Young
GTEX-1AX8Z-1826-SM-73KW6,Old
GTEX-R55E-1126-SM-48FDZ,Young
GTEX-15G19-1326-SM-6LPIR,Old
GTEX-13VXT-2026-SM-5L3EW,Young
GTEX-QVJO-0011-R4A-SM-2S1QL,Old
GTEX-14C5O-1126-SM-5TDEH,Old
GTEX-1AX9J-1426-SM-731BV,Old
GTEX-16YQH-0526-SM-7KUE8,Young
GTEX-12C56-1626-SM-5FQUO,Young
GTEX-145LS-2726-SM-5Q5D8,Old
GTEX-O5YT-0726-SM-3MJHA,Young
GTEX-15ER7-1126-SM-6M47F,Young
GTEX-N7MT-1226-SM-2D7W4,Old
GTEX-NPJ7-0006-SM-3GACR,Old
GTEX-P4QS-1626-SM-2S1NH,Old
GTEX-Y5V6-2826-SM-4VDSF,Old
GTEX-1B8L1-1526-SM-79OLK,Old
GTEX-12BJ1-0003-SM-5SI6V,Old
GTEX-111FC-0426-SM-5N9CV,Old
GTEX-WOFM-0526-SM-4OOS2,Young
GTEX-ZP4G-0726-SM-4WWF2,Young
GTEX-13N2G-2326-SM-5J1ON,Old
GTEX-11GSP-0426-SM-5A5KX,Old
GTEX-OOBJ-0926-SM-48TDO,Old
GTEX-13OW5-2526-SM-5L3I1,Old
GTEX-15ER7-0011-R9b-SM-6PALF,Young
GTEX-OOBJ-2626-SM-2I3F6,Old
GTEX-14E6E-1326-SM-5S2NR,Young
GTEX-QLQ7-0426-SM-4R1JU,Old
GTEX-14JG6-0426-SM-68715,Young
GTEX-1212Z-0006-SM-5NQ8M,Old
GTEX-11OF3-0006-SM-5O9CM,Old
GTEX-13QIC-0011-R8b-SM-5O9CV,Old
GTEX-13N1W-0011-R1b-SM-5MR4T,Old
GTEX-18A7B-0126-SM-7LG64,Old
GTEX-17EVQ-0011-R8a-SM-7189T,Old
GTEX-1A8G7-0011-R9b-SM-7IGQH,Old
GTEX-14JG6-0126-SM-68726,Young
GTEX-WFG7-1826-SM-3GIL1,Young
GTEX-WHSE-0526-SM-5GZZD,Young
GTEX-18A6Q-0726-SM-7LT8Y,Old
GTEX-111FC-0226-SM-5N9B8,Old
GTEX-12C56-0006-SM-5N9E9,Young
GTEX-ZTX8-1826-SM-5N9E5,Young
GTEX-15SKB-1626-SM-6PAL6,Old
GTEX-WFG8-0006-SM-3GIKS,Young
GTEX-117XS-0005-SM-5PNU6,Old
GTEX-183WM-0526-SM-731BD,Old
GTEX-ZF29-0326-SM-4WKFB,Old
GTEX-13FTX-0926-SM-5IFF7,Young
GTEX-11P81-0726-SM-5PNYH,Young
GTEX-RWS6-0726-SM-47JXI,Old
GTEX-13JVG-3126-SM-5L3FH,Old
GTEX-15FZZ-0326-SM-6M48O,Young
GTEX-12WSA-0226-SM-5BC5V,Old
GTEX-12WSE-0011-R7a-SM-5PNWF,Young
GTEX-13113-0008-SM-5YY9T,Old
GTEX-13O3O-1826-SM-5IFGW,Old
GTEX-14JG6-1726-SM-69LPL,Young
GTEX-REY6-1226-SM-48FDR,Old
GTEX-U8T8-1126-SM-4DXUE,Old
GTEX-1AX9J-1226-SM-72D6P,Old
GTEX-ZE9C-2326-SM-5J1NT,Old
GTEX-Y5V5-1526-SM-4VBQ1,Old
GTEX-13X6K-0726-SM-5LU2Z,Old
GTEX-X4XX-0011-R11A-SM-46MWQ,Old
GTEX-XLM4-0011-R6A-SM-4AT4B,Old
GTEX-14PJ4-0726-SM-6872E,Old
GTEX-ZE9C-2526-SM-5IJDR,Old
GTEX-14PN3-2526-SM-6EU15,Old
GTEX-147JS-0726-SM-5S2UL,Old
GTEX-13CF3-1426-SM-5K7YY,Old
GTEX-13NZB-2426-SM-5K7UF,Young
GTEX-11NV4-1726-SM-5N9FC,Old
GTEX-11P82-0826-SM-5P9GU,Young
GTEX-N7MT-0326-SM-48TDP,Old
GTEX-T5JW-1126-SM-4DM5V,Young
GTEX-12126-1026-SM-5P9JJ,Young
GTEX-139TU-1926-SM-5J2OC,Old
GTEX-15CHQ-1326-SM-6871Z,Old
GTEX-1399R-2026-SM-5K7WN,Young
GTEX-15CHC-2026-SM-6EU1Z,Old
GTEX-12WSA-1026-SM-5EGHN,Old
GTEX-14PJO-0926-SM-686YT,Old
GTEX-TKQ1-0003-SM-3NMAE,Young
GTEX-1A3MV-1926-SM-718BT,Young
GTEX-16BQI-0326-SM-6PAM4,Young
GTEX-17HG3-0326-SM-7IGP4,Young
GTEX-14PHY-0226-SM-5ZZWM,Old
GTEX-13NYS-0011-R10a-SM-5MR4S,Old
GTEX-14JG6-0726-SM-69LQH,Young
GTEX-X4EP-0011-R11B-SM-4QASK,Old
GTEX-ZYY3-3226-SM-5SI9X,Old
GTEX-ZTPG-1526-SM-51MTF,Young
GTEX-111FC-3126-SM-5GZZ2,Old
GTEX-ZDXO-0011-R5a-SM-4WKG5,Old
GTEX-XYKS-0826-SM-4BRVF,Old
GTEX-13CZV-0011-R5a-SM-5K7XA,Old
GTEX-QV31-0008-SM-447AT,Young
GTEX-1212Z-0002-SM-5SI6W,Old
GTEX-18D9B-2226-SM-718BM,Old
GTEX-13FHO-0326-SM-5IJBH,Old
GTEX-11LCK-0226-SM-5A5M6,Young
GTEX-132QS-1826-SM-5IFFN,Old
GTEX-15EOM-1926-SM-69LQ2,Young
GTEX-14DAQ-0526-SM-793AY,Old
GTEX-13PVR-1026-SM-5QGQW,Old
GTEX-11ZUS-1226-SM-5FQU8,Young
GTEX-12696-0526-SM-5EQ3Z,Old
GTEX-16XZZ-0926-SM-7DHLI,Old
GTEX-QEG5-0008-SM-4R1KL,Young
GTEX-11ONC-2026-SM-5HL61,Old
GTEX-OHPN-0011-R2A-SM-2I5FB,Old
GTEX-14PJ6-0626-SM-686Z6,Old
GTEX-11DXX-0326-SM-5PNWC,Old
GTEX-15ER7-2026-SM-793B8,Young
GTEX-WYBS-1626-SM-4ONCA,Old
GTEX-17EUY-0626-SM-793BE,Young
GTEX-13G51-2526-SM-5LZYK,Old
GTEX-13OVI-2326-SM-5KM47,Old
GTEX-X4EP-3026-SM-3P5YP,Old
GTEX-17F96-2026-SM-79ON4,Old
GTEX-1122O-2426-SM-5GIDN,Old
GTEX-12WSD-0126-SM-59HKN,Old
GTEX-1C64O-0526-SM-793D6,Old
GTEX-QESD-0826-SM-47J4G,Young
GTEX-Y9LG-1426-SM-5IFJZ,Young
GTEX-139TT-0011-R11b-SM-5LZV1,Old
GTEX-QLQ7-1126-SM-4R1KN,Old
GTEX-17MFQ-0826-SM-793C8,Young
GTEX-Y5V6-1726-SM-4VDSZ,Old
GTEX-11DXY-1026-SM-5987V,Old
GTEX-12WSD-0011-R7b-SM-5PNWE,Old
GTEX-15CHC-2426-SM-6EU22,Old
GTEX-ZYT6-2126-SM-5GZZ4,Young
GTEX-1211K-0326-SM-5FQT1,Old
GTEX-13X6I-1526-SM-5SIAC,Old
GTEX-ZXES-1226-SM-5NQ8G,Young
GTEX-12C56-1126-SM-5FQTO,Young
GTEX-131YS-1126-SM-5N9FQ,Old
GTEX-16BQI-0626-SM-6PAMS,Young
GTEX-12696-1926-SM-5EGJT,Old
GTEX-XMD1-0006-SM-4AT4Q,Old
GTEX-1A3MW-0226-SM-7939O,Old
GTEX-S4Q7-0003-SM-3NM8M,Young
GTEX-12WSE-0011-R1b-SM-5GU4V,Young
GTEX-1CB4E-0226-SM-79OLW,Old
GTEX-15G19-0011-R6b-SM-7KUM3,Old
GTEX-OHPL-0326-SM-33HC8,Old
GTEX-Y5V6-2526-SM-5IFJV,Old
GTEX-Y9LG-1626-SM-5IFHM,Young
GTEX-O5YV-0226-SM-48TBY,Old
GTEX-O5YT-0826-SM-3TW8N,Young
GTEX-RWS6-0426-SM-47JXH,Old
GTEX-OHPN-2626-SM-2I5H1,Old
GTEX-12WSD-2026-SM-5HL7D,Old
GTEX-17JCI-0011-R1b-SM-718A3,Old
GTEX-PLZ6-0226-SM-3P61I,Young
GTEX-13O1R-0226-SM-5K7U5,Old
GTEX-ZPCL-1426-SM-57WEC,Old
GTEX-13W3W-0626-SM-5LU45,Old
GTEX-145LS-2926-SM-5O99G,Old
GTEX-11P81-1626-SM-5BC52,Young
GTEX-QVUS-0011-R4A-SM-3GAE7,Old
GTEX-18A66-1126-SM-731C5,Old
GTEX-XBED-1426-SM-4AT4G,Old
GTEX-15FZZ-0426-SM-6PANM,Young
GTEX-11ONC-0126-SM-5PNW6,Old
GTEX-WFG7-1226-SM-4LMK2,Young
GTEX-11EQ9-1926-SM-5PNVV,Young
GTEX-U8T8-1426-SM-3DB9H,Old
GTEX-ZDTS-0426-SM-4WAYH,Old
GTEX-T5JC-0726-SM-4DM55,Young
GTEX-S95S-0426-SM-4B64I,Old
GTEX-O5YT-0926-SM-48TDG,Young
GTEX-15FZZ-0526-SM-7KUGD,Young
GTEX-131YS-0011-R11b-SM-5EGLM,Old
GTEX-PWO3-0011-R8A-SM-2I5GD,Old
GTEX-139TT-0326-SM-5IJC3,Old
GTEX-1B996-0626-SM-79OJP,Old
GTEX-15RIE-0426-SM-7KUMH,Old
GTEX-14LLW-2626-SM-62LDZ,Old
GTEX-14BMU-1526-SM-5TDE6,Young
GTEX-11OF3-1726-SM-5GU5Q,Old
GTEX-XYKS-1526-SM-4BRUP,Old
GTEX-111YS-0626-SM-5GZXV,Old
GTEX-14LZ3-0011-R1a-SM-69LP5,Old
GTEX-17GQL-0826-SM-731AM,Old
GTEX-QDT8-0426-SM-32PKZ,Young
GTEX-14PHY-1926-SM-5YY95,Old
GTEX-11NSD-1226-SM-5986Q,Young
GTEX-146FQ-2126-SM-5RQHU,Young
GTEX-RTLS-0626-SM-5SI7Z,Old
GTEX-11P82-0626-SM-5PNYK,Young
GTEX-1122O-0126-SM-5GICA,Old
GTEX-13O61-0226-SM-5KM52,Old
GTEX-P4PP-1726-SM-2S1NS,Young
GTEX-ZZ64-0226-SM-5E44X,Young
GTEX-11GSP-0011-R8b-SM-5NQ79,Old
GTEX-13JVG-1126-SM-5KM2M,Old
GTEX-12WSD-0926-SM-5GCNL,Old
GTEX-14JIY-0011-R9a-SM-6EU34,Old
GTEX-13NZB-0626-SM-5IFH6,Young
GTEX-132NY-1026-SM-5P9IY,Old
GTEX-1CB4J-0626-SM-7DHMP,Old
GTEX-13VXT-1226-SM-5LU3M,Young
GTEX-11P82-0326-SM-5HL51,Young
GTEX-16MT8-1726-SM-7EWE7,Old
GTEX-13YAN-0226-SM-5TDC6,Old
GTEX-18A6Q-0526-SM-7LG4O,Old
GTEX-1269C-0826-SM-5N9EM,Old
GTEX-14E7W-1426-SM-6LLJ2,Old
GTEX-YJ89-0011-R2b-SM-4RGLT,Old
GTEX-TSE9-0126-SM-3DB83,Old
GTEX-14PK6-0826-SM-5ZZVO,Old
GTEX-11EMC-3126-SM-5EGJP,Old
GTEX-R55E-0826-SM-2TC5M,Young
GTEX-OHPN-0011-R6A-SM-2I5FH,Old
GTEX-11TUW-2326-SM-5EQMO,Old
GTEX-12KS4-1526-SM-5EQ6E,Young
GTEX-WQUQ-1926-SM-4OOSA,Old
GTEX-T5JC-2426-SM-3NMDB,Young
GTEX-1EKGG-2926-SM-7EPIH,Old
GTEX-ZDTS-0008-SM-4E3I8,Old
GTEX-ZXES-1526-SM-5NQ95,Young
GTEX-11NSD-1826-SM-5N9CF,Young
GTEX-13CZV-0008-SM-5ZZUE,Old
GTEX-13OVI-0926-SM-5J1MI,Old
GTEX-12ZZY-1226-SM-5GCNK,Old
GTEX-ZYY3-0926-SM-5E454,Old
GTEX-11WQC-1726-SM-5GU4W,Old
GTEX-1AX8Z-1926-SM-72D7B,Old
GTEX-11EM3-2226-SM-5H11Y,Young
GTEX-131XF-0126-SM-5DUVF,Old
GTEX-139UW-0326-SM-5J1ML,Old
GTEX-11ZTT-0526-SM-5EQLA,Old
GTEX-17MFQ-1126-SM-7LT9O,Young
GTEX-T2IS-0011-R2A-SM-32QPF,Young
GTEX-SJXC-0226-SM-2XCDU,Old
GTEX-16YQH-0426-SM-7KUL7,Young
GTEX-13O1R-0011-R9b-SM-5KM33,Old
GTEX-1AX8Z-1426-SM-7939T,Old
GTEX-R55E-0526-SM-2TC6B,Young
GTEX-OXRO-1226-SM-48TDL,Old
GTEX-13IVO-2926-SM-5L3CZ,Old
GTEX-QVUS-2926-SM-3GIJB,Old
GTEX-1212Z-2126-SM-5FQTM,Old
GTEX-ZVT3-0008-SM-51MRI,Old
GTEX-17EUY-1426-SM-7938X,Young
GTEX-ZDXO-0011-R6a-SM-4WWCT,Old
GTEX-1CB4H-3026-SM-79OLX,Old
GTEX-13RTK-0426-SM-5RQHT,Young
GTEX-1B8L1-3126-SM-7EPHA,Old
GTEX-1269C-3126-SM-5EGI6,Old
GTEX-13PL7-1026-SM-5MR5C,Old
GTEX-13PVR-0926-SM-5S2RB,Old
GTEX-S7SF-0926-SM-4AD4M,Young
GTEX-11ZU8-2626-SM-5EQLL,Old
GTEX-ZDTS-1226-SM-4WKGL,Old
GTEX-13QIC-0011-R11b-SM-5O9BU,Old
GTEX-11NSD-0626-SM-5A5LU,Young
GTEX-12WSM-0426-SM-5LZVU,Old
GTEX-183WM-0226-SM-7LT8T,Old
GTEX-1F6IF-2926-SM-7MKGB,Old
GTEX-12C56-1926-SM-5FQUG,Young
GTEX-WOFM-0626-SM-4OOS3,Young
GTEX-14ICL-0526-SM-5RQJ6,Young
GTEX-15SHV-0526-SM-7KUEN,Old
GTEX-14PJO-0011-R3a-SM-6AJBY,Old
GTEX-ZXES-0008-SM-57WCX,Young
GTEX-XBED-2226-SM-47JYQ,Old
GTEX-1399R-0626-SM-5K7UZ,Young
GTEX-1A8G6-2926-SM-731CK,Old
GTEX-ZF28-0011-R7a-SM-4WKF5,Old
GTEX-SNMC-1526-SM-2XCFN,Young
GTEX-14PN3-2426-SM-6LLHS,Old
GTEX-12ZZZ-0011-R6b-SM-5EQ5B,Old
GTEX-14PJ4-0226-SM-5YY92,Old
GTEX-132NY-2226-SM-5J2LZ,Old
GTEX-TSE9-1226-SM-4DXTM,Old
GTEX-14PJ6-2226-SM-6LLIV,Old
GTEX-14753-1626-SM-5NQ9L,Old
GTEX-P4PP-1626-SM-2HMJF,Young
GTEX-11GS4-2626-SM-5A5LD,Old
GTEX-145LS-0011-R3a-SM-5S2VJ,Old
GTEX-X4EP-0526-SM-3P5YW,Old
GTEX-14C5O-0526-SM-62LEI,Old
GTEX-13QIC-1526-SM-5IJFL,Old
GTEX-13O1R-1826-SM-5KM3B,Old
GTEX-XMD2-2126-SM-4YCF8,Old
GTEX-12WSF-1626-SM-7KUG5,Old
GTEX-17HG3-0011-R5a-SM-7DUEW,Young
GTEX-15SHW-1726-SM-6LPJ2,Old
GTEX-11ZUS-0006-SM-5O9AJ,Young
GTEX-ZVTK-0126-SM-57WDG,Young
GTEX-12126-0726-SM-5FQTX,Young
GTEX-1399T-3126-SM-5IJFS,Old
GTEX-13NZA-0326-SM-5J1MK,Old
GTEX-12BJ1-0926-SM-5EQ62,Old
GTEX-11P81-0326-SM-5HL6B,Young
GTEX-11ZTS-1326-SM-5EQMA,Old
GTEX-ZQG8-0926-SM-57WFF,Old
GTEX-1192W-2626-SM-5Q5AF,Old
GTEX-11ZU8-2526-SM-5EQKI,Old
GTEX-ZZ64-1626-SM-5E43W,Young
GTEX-13FTX-0726-SM-5N9BI,Young
GTEX-1CB4F-2026-SM-79OLU,Old
GTEX-16XZZ-2426-SM-7KULN,Old
GTEX-13PLJ-1726-SM-5L3FT,Old
GTEX-13FTX-0005-SM-5N9F6,Young
GTEX-13S7M-1826-SM-5RQK6,Old
GTEX-13OVH-0726-SM-5N9BU,Old
GTEX-133LE-2326-SM-5K7W3,Young
GTEX-13VXT-1726-SM-5IFF5,Young
GTEX-17MFQ-2126-SM-7LG5W,Young
GTEX-11GSO-2426-SM-5A5LY,Old
GTEX-ZXES-0826-SM-5E43C,Young
GTEX-13RTJ-2226-SM-5S2Q1,Old
GTEX-17MFQ-1026-SM-7KFSZ,Young
GTEX-ZYFG-0226-SM-5GIDT,Old
